datetime,version,trade_id,entry_mode,stock_code,stock_name,entry_time,signal_price,entry_price,horizon_sec,actual_elapsed_sec,price,return_from_signal,return_from_entry,mfe_from_signal,mae_from_signal,mfe_from_entry,mae_from_entry,tracking_status
2026-08-25 09:04:47.366,v1.6.3,20260825_484810_BASE_090417279030,BASE,484810,티엑스알로보틱스,2026-08-25 09:04:17.279,16010.0,16026.009999999998,30,30.088,16270.0,1.6239850093691444,1.522462546822332,2.31105559025609,-0.18738288569643974,2.208846743512588,-0.28709578990652324,COMPLETE
2026-08-25 09:04:47.366,v1.6.3,20260825_484810_PRE_HISTORY_090417285753,PRE_HISTORY,484810,티엑스알로보틱스,2026-08-25 09:04:17.285,16010.0,16026.009999999998,30,30.081,16270.0,1.6239850093691444,1.522462546822332,2.31105559025609,-0.18738288569643974,2.208846743512588,-0.28709578990652324,COMPLETE
2026-08-25 09:05:17.428,v1.6.3,20260825_484810_BASE_090417279030,BASE,484810,티엑스알로보틱스,2026-08-25 09:04:17.279,16010.0,16026.009999999998,60,60.15,16500.0,3.0605871330418486,2.957629503538321,3.1230480949406623,-0.18738288569643974,3.0200280668737984,-0.28709578990652324,COMPLETE
2026-08-25 09:05:17.428,v1.6.3,20260825_484810_PRE_HISTORY_090417285753,PRE_HISTORY,484810,티엑스알로보틱스,2026-08-25 09:04:17.285,16010.0,16026.009999999998,60,60.143,16500.0,3.0605871330418486,2.957629503538321,3.1230480949406623,-0.18738288569643974,3.0200280668737984,-0.28709578990652324,COMPLETE
2026-08-25 09:05:33.768,v1.6.3,20260825_484810_LIVE_FILTER_SHADOW_090503689066,LIVE_FILTER_SHADOW,484810,티엑스알로보틱스,2026-08-25 09:05:03.689,16310.0,16326.309999999998,30,30.08,16590.0,1.7167381974248928,1.6151230743505565,1.7167381974248928,0.0,1.6151230743505565,-0.09990009990008565,COMPLETE
2026-08-25 09:05:49.068,v1.6.3,20260825_124500_PRE_HISTORY_090518920300,PRE_HISTORY,124500,아이티센글로벌,2026-08-25 09:05:18.920,40100.0,40140.1,30,30.149,39900.0,-0.4987531172069825,-0.5981549622447342,0.12468827930174563,-0.7481296758104738,0.024663615686063203,-0.8472823934170531,COMPLETE
2026-08-25 09:05:49.068,v1.6.3,20260825_124500_BASE_090518915175,BASE,124500,아이티센글로벌,2026-08-25 09:05:18.915,40100.0,40140.1,30,30.154,39900.0,-0.4987531172069825,-0.5981549622447342,0.12468827930174563,-0.7481296758104738,0.024663615686063203,-0.8472823934170531,COMPLETE
2026-08-25 09:05:49.068,v1.6.3,20260825_124500_LIVE_FILTER_SHADOW_090518924773,LIVE_FILTER_SHADOW,124500,아이티센글로벌,2026-08-25 09:05:18.924,40100.0,40140.1,30,30.144,39900.0,-0.4987531172069825,-0.5981549622447342,0.12468827930174563,-0.7481296758104738,0.024663615686063203,-0.8472823934170531,COMPLETE
2026-08-25 09:06:03.768,v1.6.3,20260825_484810_LIVE_FILTER_SHADOW_090503689066,LIVE_FILTER_SHADOW,484810,티엑스알로보틱스,2026-08-25 09:05:03.689,16310.0,16326.309999999998,60,60.079,16610.0,1.8393623543838136,1.737624729654174,2.942979767014102,0.0,2.8401396273867294,-0.09990009990008565,COMPLETE
2026-08-25 09:06:17.368,v1.6.3,20260825_484810_BASE_090417279030,BASE,484810,티엑스알로보틱스,2026-08-25 09:04:17.279,16010.0,16026.009999999998,120,120.09,16550.0,3.372891942535915,3.26962232021571,4.871955028107433,-0.18738288569643974,4.767187840267177,-0.28709578990652324,COMPLETE
2026-08-25 09:06:17.368,v1.6.3,20260825_484810_PRE_HISTORY_090417285753,PRE_HISTORY,484810,티엑스알로보틱스,2026-08-25 09:04:17.285,16010.0,16026.009999999998,120,120.083,16550.0,3.372891942535915,3.26962232021571,4.871955028107433,-0.18738288569643974,4.767187840267177,-0.28709578990652324,COMPLETE
2026-08-25 09:06:19.067,v1.6.3,20260825_124500_PRE_HISTORY_090518920300,PRE_HISTORY,124500,아이티센글로벌,2026-08-25 09:05:18.920,40100.0,40140.1,60,60.147,39800.0,-0.7481296758104738,-0.8472823934170531,0.12468827930174563,-1.1221945137157108,0.024663615686063203,-1.2209735401755315,COMPLETE
2026-08-25 09:06:19.067,v1.6.3,20260825_124500_BASE_090518915175,BASE,124500,아이티센글로벌,2026-08-25 09:05:18.915,40100.0,40140.1,60,60.152,39800.0,-0.7481296758104738,-0.8472823934170531,0.12468827930174563,-1.1221945137157108,0.024663615686063203,-1.2209735401755315,COMPLETE
2026-08-25 09:06:19.067,v1.6.3,20260825_124500_LIVE_FILTER_SHADOW_090518924773,LIVE_FILTER_SHADOW,124500,아이티센글로벌,2026-08-25 09:05:18.924,40100.0,40140.1,60,60.143,39800.0,-0.7481296758104738,-0.8472823934170531,0.12468827930174563,-1.1221945137157108,0.024663615686063203,-1.2209735401755315,COMPLETE
2026-08-25 09:07:03.774,v1.6.3,20260825_484810_LIVE_FILTER_SHADOW_090503689066,LIVE_FILTER_SHADOW,484810,티엑스알로보틱스,2026-08-25 09:05:03.689,16310.0,16326.309999999998,120,120.086,16550.0,1.471489883507051,1.370119763743322,2.942979767014102,0.0,2.8401396273867294,-0.09990009990008565,COMPLETE
2026-08-25 09:07:17.368,v1.6.3,20260825_484810_BASE_090417279030,BASE,484810,티엑스알로보틱스,2026-08-25 09:04:17.279,16010.0,16026.009999999998,180,180.09,16630.0,3.8725796377264214,3.7688108268995317,4.871955028107433,-0.18738288569643974,4.767187840267177,-0.28709578990652324,COMPLETE
2026-08-25 09:07:17.368,v1.6.3,20260825_484810_PRE_HISTORY_090417285753,PRE_HISTORY,484810,티엑스알로보틱스,2026-08-25 09:04:17.285,16010.0,16026.009999999998,180,180.083,16630.0,3.8725796377264214,3.7688108268995317,4.871955028107433,-0.18738288569643974,4.767187840267177,-0.28709578990652324,COMPLETE
2026-08-25 09:07:18.969,v1.6.3,20260825_124500_PRE_HISTORY_090518920300,PRE_HISTORY,124500,아이티센글로벌,2026-08-25 09:05:18.920,40100.0,40140.1,120,120.049,39100.0,-2.493765586034913,-2.591174411623286,0.12468827930174563,-2.493765586034913,0.024663615686063203,-2.591174411623286,COMPLETE
2026-08-25 09:07:18.969,v1.6.3,20260825_124500_BASE_090518915175,BASE,124500,아이티센글로벌,2026-08-25 09:05:18.915,40100.0,40140.1,120,120.054,39100.0,-2.493765586034913,-2.591174411623286,0.12468827930174563,-2.493765586034913,0.024663615686063203,-2.591174411623286,COMPLETE
2026-08-25 09:07:18.969,v1.6.3,20260825_124500_LIVE_FILTER_SHADOW_090518924773,LIVE_FILTER_SHADOW,124500,아이티센글로벌,2026-08-25 09:05:18.924,40100.0,40140.1,120,120.045,39100.0,-2.493765586034913,-2.591174411623286,0.12468827930174563,-2.493765586034913,0.024663615686063203,-2.591174411623286,COMPLETE
2026-08-25 09:08:03.717,v1.6.3,20260825_484810_LIVE_FILTER_SHADOW_090503689066,LIVE_FILTER_SHADOW,484810,티엑스알로보틱스,2026-08-25 09:05:03.689,16310.0,16326.309999999998,180,180.028,16700.0,2.391171060698958,2.288882178520452,3.310852237890864,0.0,3.207644593297582,-0.09990009990008565,COMPLETE
2026-08-25 09:08:18.971,v1.6.3,20260825_124500_PRE_HISTORY_090518920300,PRE_HISTORY,124500,아이티센글로벌,2026-08-25 09:05:18.920,40100.0,40140.1,180,180.051,39750.0,-0.8728179551122194,-0.9718461090032127,0.12468827930174563,-2.7431421446384037,0.024663615686063203,-2.8403018427956046,COMPLETE
2026-08-25 09:08:18.971,v1.6.3,20260825_124500_BASE_090518915175,BASE,124500,아이티센글로벌,2026-08-25 09:05:18.915,40100.0,40140.1,180,180.056,39750.0,-0.8728179551122194,-0.9718461090032127,0.12468827930174563,-2.7431421446384037,0.024663615686063203,-2.8403018427956046,COMPLETE
2026-08-25 09:08:18.971,v1.6.3,20260825_124500_LIVE_FILTER_SHADOW_090518924773,LIVE_FILTER_SHADOW,124500,아이티센글로벌,2026-08-25 09:05:18.924,40100.0,40140.1,180,180.046,39750.0,-0.8728179551122194,-0.9718461090032127,0.12468827930174563,-2.7431421446384037,0.024663615686063203,-2.8403018427956046,COMPLETE
2026-08-25 09:09:17.367,v1.6.3,20260825_484810_BASE_090417279030,BASE,484810,티엑스알로보틱스,2026-08-25 09:04:17.279,16010.0,16026.009999999998,300,300.089,16620.0,3.8101186758276078,3.706412263564054,5.246720799500312,-0.18738288569643974,5.141579220280043,-0.28709578990652324,COMPLETE
2026-08-25 09:09:17.367,v1.6.3,20260825_484810_PRE_HISTORY_090417285753,PRE_HISTORY,484810,티엑스알로보틱스,2026-08-25 09:04:17.285,16010.0,16026.009999999998,300,300.082,16620.0,3.8101186758276078,3.706412263564054,5.246720799500312,-0.18738288569643974,5.141579220280043,-0.28709578990652324,COMPLETE
2026-08-25 09:10:02.395,v1.6.3,20260825_041190_PRE_HISTORY_090929287964,PRE_HISTORY,041190,우리기술투자,2026-08-25 09:09:29.287,6660.0,6666.659999999999,30,33.107,6660.0,0.0,-0.0999000999000841,0.0,0.0,-0.0999000999000841,-0.0999000999000841,COMPLETE
2026-08-25 09:10:02.395,v1.6.3,20260825_041190_BASE_090929282371,BASE,041190,우리기술투자,2026-08-25 09:09:29.282,6660.0,6666.659999999999,30,33.113,6660.0,0.0,-0.0999000999000841,0.0,0.0,-0.0999000999000841,-0.0999000999000841,COMPLETE
2026-08-25 09:10:02.395,v1.6.3,20260825_041190_LIVE_FILTER_SHADOW_090929293551,LIVE_FILTER_SHADOW,041190,우리기술투자,2026-08-25 09:09:29.293,6660.0,6666.659999999999,30,33.102,6660.0,0.0,-0.0999000999000841,0.0,0.0,-0.0999000999000841,-0.0999000999000841,COMPLETE
2026-08-25 09:10:03.712,v1.6.3,20260825_484810_LIVE_FILTER_SHADOW_090503689066,LIVE_FILTER_SHADOW,484810,티엑스알로보틱스,2026-08-25 09:05:03.689,16310.0,16326.309999999998,300,300.023,16470.0,0.9809932556713672,0.8801131425288529,3.310852237890864,0.0,3.207644593297582,-0.09990009990008565,COMPLETE
2026-08-25 09:10:18.970,v1.6.3,20260825_124500_PRE_HISTORY_090518920300,PRE_HISTORY,124500,아이티센글로벌,2026-08-25 09:05:18.920,40100.0,40140.1,300,300.05,40000.0,-0.24937655860349126,-0.34902753107241524,1.2468827930174564,-2.7431421446384037,1.1457370559614986,-2.8403018427956046,COMPLETE
2026-08-25 09:10:18.970,v1.6.3,20260825_124500_BASE_090518915175,BASE,124500,아이티센글로벌,2026-08-25 09:05:18.915,40100.0,40140.1,300,300.056,40000.0,-0.24937655860349126,-0.34902753107241524,1.2468827930174564,-2.7431421446384037,1.1457370559614986,-2.8403018427956046,COMPLETE
2026-08-25 09:10:18.970,v1.6.3,20260825_124500_LIVE_FILTER_SHADOW_090518924773,LIVE_FILTER_SHADOW,124500,아이티센글로벌,2026-08-25 09:05:18.924,40100.0,40140.1,300,300.046,40000.0,-0.24937655860349126,-0.34902753107241524,1.2468827930174564,-2.7431421446384037,1.1457370559614986,-2.8403018427956046,COMPLETE
2026-08-25 09:10:32.896,v1.6.3,20260825_041190_PRE_HISTORY_090929287964,PRE_HISTORY,041190,우리기술투자,2026-08-25 09:09:29.287,6660.0,6666.659999999999,60,63.609,6660.0,0.0,-0.0999000999000841,0.0,0.0,-0.0999000999000841,-0.0999000999000841,COMPLETE
2026-08-25 09:10:32.896,v1.6.3,20260825_041190_BASE_090929282371,BASE,041190,우리기술투자,2026-08-25 09:09:29.282,6660.0,6666.659999999999,60,63.614,6660.0,0.0,-0.0999000999000841,0.0,0.0,-0.0999000999000841,-0.0999000999000841,COMPLETE
2026-08-25 09:10:32.896,v1.6.3,20260825_041190_LIVE_FILTER_SHADOW_090929293551,LIVE_FILTER_SHADOW,041190,우리기술투자,2026-08-25 09:09:29.293,6660.0,6666.659999999999,60,63.603,6660.0,0.0,-0.0999000999000841,0.0,0.0,-0.0999000999000841,-0.0999000999000841,COMPLETE
2026-08-25 09:11:33.871,v1.6.3,20260825_041190_PRE_HISTORY_090929287964,PRE_HISTORY,041190,우리기술투자,2026-08-25 09:09:29.287,6660.0,6666.659999999999,120,124.583,6590.0,-1.0510510510510511,-1.1499011499011342,0.0,-1.0510510510510511,-0.0999000999000841,-1.1499011499011342,COMPLETE
2026-08-25 09:11:33.871,v1.6.3,20260825_041190_BASE_090929282371,BASE,041190,우리기술투자,2026-08-25 09:09:29.282,6660.0,6666.659999999999,120,124.589,6590.0,-1.0510510510510511,-1.1499011499011342,0.0,-1.0510510510510511,-0.0999000999000841,-1.1499011499011342,COMPLETE
2026-08-25 09:11:33.871,v1.6.3,20260825_041190_LIVE_FILTER_SHADOW_090929293551,LIVE_FILTER_SHADOW,041190,우리기술투자,2026-08-25 09:09:29.293,6660.0,6666.659999999999,120,124.578,6590.0,-1.0510510510510511,-1.1499011499011342,0.0,-1.0510510510510511,-0.0999000999000841,-1.1499011499011342,COMPLETE
2026-08-25 09:12:29.369,v1.6.3,20260825_041190_PRE_HISTORY_090929287964,PRE_HISTORY,041190,우리기술투자,2026-08-25 09:09:29.287,6660.0,6666.659999999999,180,180.081,6610.0,-0.7507507507507507,-0.8499008499008343,0.0,-1.6516516516516515,-0.0999000999000841,-1.7499017499017344,COMPLETE
2026-08-25 09:12:29.369,v1.6.3,20260825_041190_BASE_090929282371,BASE,041190,우리기술투자,2026-08-25 09:09:29.282,6660.0,6666.659999999999,180,180.087,6610.0,-0.7507507507507507,-0.8499008499008343,0.0,-1.6516516516516515,-0.0999000999000841,-1.7499017499017344,COMPLETE
2026-08-25 09:12:29.369,v1.6.3,20260825_041190_LIVE_FILTER_SHADOW_090929293551,LIVE_FILTER_SHADOW,041190,우리기술투자,2026-08-25 09:09:29.293,6660.0,6666.659999999999,180,180.076,6610.0,-0.7507507507507507,-0.8499008499008343,0.0,-1.6516516516516515,-0.0999000999000841,-1.7499017499017344,COMPLETE
2026-08-25 09:14:29.570,v1.6.3,20260825_041190_PRE_HISTORY_090929287964,PRE_HISTORY,041190,우리기술투자,2026-08-25 09:09:29.287,6660.0,6666.659999999999,300,300.282,6650.0,-0.15015015015015015,-0.24990024990023413,0.7507507507507507,-1.6516516516516515,0.650100650100666,-1.7499017499017344,COMPLETE
2026-08-25 09:14:29.570,v1.6.3,20260825_041190_BASE_090929282371,BASE,041190,우리기술투자,2026-08-25 09:09:29.282,6660.0,6666.659999999999,300,300.288,6650.0,-0.15015015015015015,-0.24990024990023413,0.7507507507507507,-1.6516516516516515,0.650100650100666,-1.7499017499017344,COMPLETE
2026-08-25 09:14:29.570,v1.6.3,20260825_041190_LIVE_FILTER_SHADOW_090929293551,LIVE_FILTER_SHADOW,041190,우리기술투자,2026-08-25 09:09:29.293,6660.0,6666.659999999999,300,300.277,6650.0,-0.15015015015015015,-0.24990024990023413,0.7507507507507507,-1.6516516516516515,0.650100650100666,-1.7499017499017344,COMPLETE
2026-08-25 09:27:51.572,v1.6.3,20260825_000720_BASE_092721476651,BASE,000720,현대건설,2026-08-25 09:27:21.476,112600.0,112712.59999999999,30,30.095,111800.0,-0.7104795737122558,-0.8096699038084396,0.0,-1.0657193605683837,-0.09990009990009216,-1.1645548057626134,COMPLETE
2026-08-25 09:27:51.572,v1.6.3,20260825_000720_LIVE_FILTER_SHADOW_092721487552,LIVE_FILTER_SHADOW,000720,현대건설,2026-08-25 09:27:21.487,112600.0,112712.59999999999,30,30.085,111800.0,-0.7104795737122558,-0.8096699038084396,0.0,-1.0657193605683837,-0.09990009990009216,-1.1645548057626134,COMPLETE
2026-08-25 09:27:51.572,v1.6.3,20260825_000720_PRE_HISTORY_092721482796,PRE_HISTORY,000720,현대건설,2026-08-25 09:27:21.482,112600.0,112712.59999999999,30,30.089,111800.0,-0.7104795737122558,-0.8096699038084396,0.0,-1.0657193605683837,-0.09990009990009216,-1.1645548057626134,COMPLETE
2026-08-25 09:28:21.673,v1.6.3,20260825_000720_BASE_092721476651,BASE,000720,현대건설,2026-08-25 09:27:21.476,112600.0,112712.59999999999,60,60.196,112600.0,0.0,-0.09990009990009216,0.08880994671403197,-1.0657193605683837,-0.011178874411548727,-1.1645548057626134,COMPLETE
2026-08-25 09:28:21.673,v1.6.3,20260825_000720_LIVE_FILTER_SHADOW_092721487552,LIVE_FILTER_SHADOW,000720,현대건설,2026-08-25 09:27:21.487,112600.0,112712.59999999999,60,60.185,112600.0,0.0,-0.09990009990009216,0.08880994671403197,-1.0657193605683837,-0.011178874411548727,-1.1645548057626134,COMPLETE
2026-08-25 09:28:21.673,v1.6.3,20260825_000720_PRE_HISTORY_092721482796,PRE_HISTORY,000720,현대건설,2026-08-25 09:27:21.482,112600.0,112712.59999999999,60,60.19,112600.0,0.0,-0.09990009990009216,0.08880994671403197,-1.0657193605683837,-0.011178874411548727,-1.1645548057626134,COMPLETE
2026-08-25 09:29:21.570,v1.6.3,20260825_000720_BASE_092721476651,BASE,000720,현대건설,2026-08-25 09:27:21.476,112600.0,112712.59999999999,120,120.094,113800.0,1.0657193605683837,0.964754605962429,1.2433392539964476,-1.0657193605683837,1.142197056939516,-1.1645548057626134,COMPLETE
2026-08-25 09:29:21.570,v1.6.3,20260825_000720_LIVE_FILTER_SHADOW_092721487552,LIVE_FILTER_SHADOW,000720,현대건설,2026-08-25 09:27:21.487,112600.0,112712.59999999999,120,120.083,113800.0,1.0657193605683837,0.964754605962429,1.2433392539964476,-1.0657193605683837,1.142197056939516,-1.1645548057626134,COMPLETE
2026-08-25 09:29:21.570,v1.6.3,20260825_000720_PRE_HISTORY_092721482796,PRE_HISTORY,000720,현대건설,2026-08-25 09:27:21.482,112600.0,112712.59999999999,120,120.088,113800.0,1.0657193605683837,0.964754605962429,1.2433392539964476,-1.0657193605683837,1.142197056939516,-1.1645548057626134,COMPLETE
2026-08-25 09:30:21.571,v1.6.3,20260825_000720_BASE_092721476651,BASE,000720,현대건설,2026-08-25 09:27:21.476,112600.0,112712.59999999999,180,180.095,114200.0,1.4209591474245116,1.3196395079166028,2.2202486678507993,-1.0657193605683837,2.1181305373134935,-1.1645548057626134,COMPLETE
2026-08-25 09:30:21.571,v1.6.3,20260825_000720_LIVE_FILTER_SHADOW_092721487552,LIVE_FILTER_SHADOW,000720,현대건설,2026-08-25 09:27:21.487,112600.0,112712.59999999999,180,180.084,114200.0,1.4209591474245116,1.3196395079166028,2.2202486678507993,-1.0657193605683837,2.1181305373134935,-1.1645548057626134,COMPLETE
2026-08-25 09:30:21.571,v1.6.3,20260825_000720_PRE_HISTORY_092721482796,PRE_HISTORY,000720,현대건설,2026-08-25 09:27:21.482,112600.0,112712.59999999999,180,180.088,114200.0,1.4209591474245116,1.3196395079166028,2.2202486678507993,-1.0657193605683837,2.1181305373134935,-1.1645548057626134,COMPLETE
2026-08-25 09:32:21.773,v1.6.3,20260825_000720_BASE_092721476651,BASE,000720,현대건설,2026-08-25 09:27:21.476,112600.0,112712.59999999999,300,300.297,115200.0,2.3090586145648313,2.206851762802037,2.575488454706927,-1.0657193605683837,2.4730154392676673,-1.1645548057626134,COMPLETE
2026-08-25 09:32:21.773,v1.6.3,20260825_000720_LIVE_FILTER_SHADOW_092721487552,LIVE_FILTER_SHADOW,000720,현대건설,2026-08-25 09:27:21.487,112600.0,112712.59999999999,300,300.286,115200.0,2.3090586145648313,2.206851762802037,2.575488454706927,-1.0657193605683837,2.4730154392676673,-1.1645548057626134,COMPLETE
2026-08-25 09:32:21.773,v1.6.3,20260825_000720_PRE_HISTORY_092721482796,PRE_HISTORY,000720,현대건설,2026-08-25 09:27:21.482,112600.0,112712.59999999999,300,300.291,115200.0,2.3090586145648313,2.206851762802037,2.575488454706927,-1.0657193605683837,2.4730154392676673,-1.1645548057626134,COMPLETE
2026-08-25 09:32:29.372,v1.6.3,20260825_052690_PRE_HISTORY_093159319291,PRE_HISTORY,052690,한전기술,2026-08-25 09:31:59.319,100500.0,100600.49999999999,30,30.054,102300.0,1.791044776119403,1.689355420698719,1.8905472636815919,-0.1990049751243781,1.7887585051764303,-0.29870626885550816,COMPLETE
2026-08-25 09:32:29.372,v1.6.3,20260825_052690_BASE_093159314467,BASE,052690,한전기술,2026-08-25 09:31:59.314,100500.0,100600.49999999999,30,30.058,102300.0,1.791044776119403,1.689355420698719,1.8905472636815919,-0.1990049751243781,1.7887585051764303,-0.29870626885550816,COMPLETE
2026-08-25 09:32:44.871,v1.6.3,20260825_052690_CONFIRM_093214850072,CONFIRM,052690,한전기술,2026-08-25 09:32:14.850,100800.0,100900.79999999999,30,30.022,101700.0,0.8928571428571428,0.7920650777793751,1.5873015873015872,0.0,1.4858157715300688,-0.09990009990008836,COMPLETE
2026-08-25 09:32:59.466,v1.6.3,20260825_052690_PRE_HISTORY_093159319291,PRE_HISTORY,052690,한전기술,2026-08-25 09:31:59.319,100500.0,100600.49999999999,60,60.147,102900.0,2.3880597014925375,2.2857739275649873,2.4875621890547266,-0.1990049751243781,2.3851770120426985,-0.29870626885550816,COMPLETE
2026-08-25 09:32:59.466,v1.6.3,20260825_052690_BASE_093159314467,BASE,052690,한전기술,2026-08-25 09:31:59.314,100500.0,100600.49999999999,60,60.152,102900.0,2.3880597014925375,2.2857739275649873,2.4875621890547266,-0.1990049751243781,2.3851770120426985,-0.29870626885550816,COMPLETE
2026-08-25 09:33:14.874,v1.6.3,20260825_052690_CONFIRM_093214850072,CONFIRM,052690,한전기술,2026-08-25 09:32:14.850,100800.0,100900.79999999999,60,60.024,102400.0,1.5873015873015872,1.4858157715300688,2.380952380952381,0.0,2.2786737072451477,-0.09990009990008836,COMPLETE
2026-08-25 09:33:16.373,v1.6.3,20260825_034020_PRE_HISTORY_093246257271,PRE_HISTORY,034020,두산에너빌리티,2026-08-25 09:32:46.257,77100.0,77177.09999999999,30,30.116,76700.0,-0.5188067444876783,-0.6181885559317354,0.12970168612191957,-0.648508430609598,0.02967201410782309,-0.7477606699396471,COMPLETE
2026-08-25 09:33:16.373,v1.6.3,20260825_034020_BASE_093246243931,BASE,034020,두산에너빌리티,2026-08-25 09:32:46.243,77100.0,77177.09999999999,30,30.129,76700.0,-0.5188067444876783,-0.6181885559317354,0.12970168612191957,-0.648508430609598,0.02967201410782309,-0.7477606699396471,COMPLETE
2026-08-25 09:33:46.272,v1.6.3,20260825_034020_PRE_HISTORY_093246257271,PRE_HISTORY,034020,두산에너빌리티,2026-08-25 09:32:46.257,77100.0,77177.09999999999,60,60.015,76400.0,-0.9079118028534372,-1.0069048979554704,0.12970168612191957,-1.0376134889753565,0.02967201410782309,-1.1364770119633822,COMPLETE
2026-08-25 09:33:46.272,v1.6.3,20260825_034020_BASE_093246243931,BASE,034020,두산에너빌리티,2026-08-25 09:32:46.243,77100.0,77177.09999999999,60,60.028,76400.0,-0.9079118028534372,-1.0069048979554704,0.12970168612191957,-1.0376134889753565,0.02967201410782309,-1.1364770119633822,COMPLETE
2026-08-25 09:33:59.373,v1.6.3,20260825_052690_PRE_HISTORY_093159319291,PRE_HISTORY,052690,한전기술,2026-08-25 09:31:59.319,100500.0,100600.49999999999,120,120.055,102100.0,1.5920398009950247,1.490549251743296,2.6865671641791042,-0.1990049751243781,2.5839831809981213,-0.29870626885550816,COMPLETE
2026-08-25 09:33:59.373,v1.6.3,20260825_052690_BASE_093159314467,BASE,052690,한전기술,2026-08-25 09:31:59.314,100500.0,100600.49999999999,120,120.059,102100.0,1.5920398009950247,1.490549251743296,2.6865671641791042,-0.1990049751243781,2.5839831809981213,-0.29870626885550816,COMPLETE
2026-08-25 09:34:14.872,v1.6.3,20260825_052690_CONFIRM_093214850072,CONFIRM,052690,한전기술,2026-08-25 09:32:14.850,100800.0,100900.79999999999,120,120.022,101800.0,0.992063492063492,0.8911723197437599,2.380952380952381,0.0,2.2786737072451477,-0.09990009990008836,COMPLETE
2026-08-25 09:34:46.288,v1.6.3,20260825_034020_PRE_HISTORY_093246257271,PRE_HISTORY,034020,두산에너빌리티,2026-08-25 09:32:46.257,77100.0,77177.09999999999,120,120.031,77100.0,0.0,-0.09990009990008861,0.12970168612191957,-1.0376134889753565,0.02967201410782309,-1.1364770119633822,COMPLETE
2026-08-25 09:34:46.288,v1.6.3,20260825_034020_BASE_093246243931,BASE,034020,두산에너빌리티,2026-08-25 09:32:46.243,77100.0,77177.09999999999,120,120.044,77100.0,0.0,-0.09990009990008861,0.12970168612191957,-1.0376134889753565,0.02967201410782309,-1.1364770119633822,COMPLETE
2026-08-25 09:34:59.376,v1.6.3,20260825_052690_PRE_HISTORY_093159319291,PRE_HISTORY,052690,한전기술,2026-08-25 09:31:59.319,100500.0,100600.49999999999,180,180.057,102700.0,2.1890547263681595,2.0869677586095645,2.6865671641791042,-0.1990049751243781,2.5839831809981213,-0.29870626885550816,COMPLETE
2026-08-25 09:34:59.376,v1.6.3,20260825_052690_BASE_093159314467,BASE,052690,한전기술,2026-08-25 09:31:59.314,100500.0,100600.49999999999,180,180.062,102700.0,2.1890547263681595,2.0869677586095645,2.6865671641791042,-0.1990049751243781,2.5839831809981213,-0.29870626885550816,COMPLETE
2026-08-25 09:35:15.072,v1.6.3,20260825_052690_CONFIRM_093214850072,CONFIRM,052690,한전기술,2026-08-25 09:32:14.850,100800.0,100900.79999999999,180,180.223,102600.0,1.7857142857142856,1.6840302554588387,2.380952380952381,0.0,2.2786737072451477,-0.09990009990008836,COMPLETE
2026-08-25 09:35:46.471,v1.6.3,20260825_034020_PRE_HISTORY_093246257271,PRE_HISTORY,034020,두산에너빌리티,2026-08-25 09:32:46.257,77100.0,77177.09999999999,180,180.214,76800.0,-0.38910505836575876,-0.48861644192382364,0.12970168612191957,-1.0376134889753565,0.02967201410782309,-1.1364770119633822,COMPLETE
2026-08-25 09:35:46.471,v1.6.3,20260825_034020_BASE_093246243931,BASE,034020,두산에너빌리티,2026-08-25 09:32:46.243,77100.0,77177.09999999999,180,180.227,76800.0,-0.38910505836575876,-0.48861644192382364,0.12970168612191957,-1.0376134889753565,0.02967201410782309,-1.1364770119633822,COMPLETE
2026-08-25 09:36:59.425,v1.6.3,20260825_052690_PRE_HISTORY_093159319291,PRE_HISTORY,052690,한전기술,2026-08-25 09:31:59.319,100500.0,100600.49999999999,300,300.106,100500.0,0.0,-0.09990009990008546,2.6865671641791042,-0.4975124378109453,2.5839831809981213,-0.5969155222886422,COMPLETE
2026-08-25 09:36:59.425,v1.6.3,20260825_052690_BASE_093159314467,BASE,052690,한전기술,2026-08-25 09:31:59.314,100500.0,100600.49999999999,300,300.111,100500.0,0.0,-0.09990009990008546,2.6865671641791042,-0.4975124378109453,2.5839831809981213,-0.5969155222886422,COMPLETE
2026-08-25 09:37:14.872,v1.6.3,20260825_052690_CONFIRM_093214850072,CONFIRM,052690,한전기술,2026-08-25 09:32:14.850,100800.0,100900.79999999999,300,300.023,101200.0,0.3968253968253968,0.2965288679574509,2.380952380952381,-0.7936507936507936,2.2786737072451477,-0.892758035615167,COMPLETE
2026-08-25 09:37:46.273,v1.6.3,20260825_034020_PRE_HISTORY_093246257271,PRE_HISTORY,034020,두산에너빌리티,2026-08-25 09:32:46.257,77100.0,77177.09999999999,300,300.016,76200.0,-1.1673151750972763,-1.2660491259712938,0.12970168612191957,-1.297016861219196,0.02967201410782309,-1.3956212399792054,COMPLETE
2026-08-25 09:37:46.273,v1.6.3,20260825_034020_BASE_093246243931,BASE,034020,두산에너빌리티,2026-08-25 09:32:46.243,77100.0,77177.09999999999,300,300.029,76200.0,-1.1673151750972763,-1.2660491259712938,0.12970168612191957,-1.297016861219196,0.02967201410782309,-1.3956212399792054,COMPLETE
2026-08-25 10:31:09.867,v1.6.3,20260825_047040_BASE_103039809870,BASE,047040,대우건설,2026-08-25 10:30:39.809,16560.0,16576.559999999998,30,30.058,16600.0,0.24154589371980675,0.14140448923059024,0.30193236714975846,-0.12077294685990338,0.2017306365132593,-0.22055239446542393,COMPLETE
2026-08-25 10:31:40.269,v1.6.3,20260825_047040_BASE_103039809870,BASE,047040,대우건설,2026-08-25 10:30:39.809,16560.0,16576.559999999998,60,60.459,16620.0,0.36231884057971014,0.2620567837959283,0.4830917874396135,-0.12077294685990338,0.3827090783612664,-0.22055239446542393,COMPLETE
2026-08-25 10:32:39.968,v1.6.3,20260825_047040_BASE_103039809870,BASE,047040,대우건설,2026-08-25 10:30:39.809,16560.0,16576.559999999998,120,120.159,16580.0,0.12077294685990338,0.02075219466525219,0.6642512077294686,-0.12077294685990338,0.5636875202092735,-0.22055239446542393,COMPLETE
2026-08-25 10:33:39.967,v1.6.3,20260825_047040_BASE_103039809870,BASE,047040,대우건설,2026-08-25 10:30:39.809,16560.0,16576.559999999998,180,180.157,16530.0,-0.18115942028985507,-0.28087854174809296,0.6642512077294686,-0.6038647342995169,0.5636875202092735,-0.7031615727267762,COMPLETE
2026-08-25 10:35:23.167,v1.6.3,20260825_403870_BASE_103452532051,BASE,403870,HPSP,2026-08-25 10:34:52.532,46200.0,46246.2,30,30.635,46200.0,0.0,-0.09990009990009362,0.10822510822510822,-0.10822510822510822,0.008216891333780745,-0.20801709113396796,COMPLETE
2026-08-25 10:35:39.967,v1.6.3,20260825_047040_BASE_103039809870,BASE,047040,대우건설,2026-08-25 10:30:39.809,16560.0,16576.559999999998,300,300.157,16610.0,0.30193236714975846,0.2017306365132593,0.6642512077294686,-0.6038647342995169,0.5636875202092735,-0.7031615727267762,COMPLETE
2026-08-25 10:35:52.567,v1.6.3,20260825_403870_BASE_103452532051,BASE,403870,HPSP,2026-08-25 10:34:52.532,46200.0,46246.2,60,60.035,46250.0,0.10822510822510822,0.008216891333780745,0.10822510822510822,-0.10822510822510822,0.008216891333780745,-0.20801709113396796,COMPLETE
2026-08-25 10:36:52.866,v1.6.3,20260825_403870_BASE_103452532051,BASE,403870,HPSP,2026-08-25 10:34:52.532,46200.0,46246.2,120,120.335,46350.0,0.3246753246753247,0.22445087380152948,0.3246753246753247,-0.10822510822510822,0.22445087380152948,-0.20801709113396796,COMPLETE
2026-08-25 10:37:53.767,v1.6.3,20260825_403870_BASE_103452532051,BASE,403870,HPSP,2026-08-25 10:34:52.532,46200.0,46246.2,180,181.235,46400.0,0.4329004329004329,0.3325678650354038,0.5411255411255411,-0.10822510822510822,0.44068485626927817,-0.20801709113396796,COMPLETE
2026-08-25 10:39:53.467,v1.6.3,20260825_403870_BASE_103452532051,BASE,403870,HPSP,2026-08-25 10:34:52.532,46200.0,46246.2,300,300.935,46550.0,0.7575757575757576,0.6569188387370268,0.8658008658008658,-0.10822510822510822,0.7650358299709012,-0.20801709113396796,COMPLETE
2026-08-25 10:50:05.817,v1.6.3,20260825_278470_BASE_104935619895,BASE,278470,에이피알,2026-08-25 10:49:35.619,436000.0,436435.99999999994,30,30.198,437000.0,0.22935779816513763,0.12922856959555543,0.22935779816513763,-0.11467889908256881,0.12922856959555543,-0.21446443464790757,COMPLETE
2026-08-25 10:50:36.065,v1.6.3,20260825_278470_BASE_104935619895,BASE,278470,에이피알,2026-08-25 10:49:35.619,436000.0,436435.99999999994,60,60.446,437500.0,0.34403669724770647,0.24379290434337642,0.45871559633027525,-0.11467889908256881,0.35835723909119743,-0.21446443464790757,COMPLETE
2026-08-25 10:50:53.063,v1.6.3,20260825_278470_PRE_HISTORY_105022705191,PRE_HISTORY,278470,에이피알,2026-08-25 10:50:22.705,437500.0,437937.49999999994,30,30.358,438000.0,0.1142857142857143,0.014271442842884707,0.1142857142857143,0.0,0.014271442842884707,-0.09990009990008664,COMPLETE
2026-08-25 10:51:22.966,v1.6.3,20260825_278470_PRE_HISTORY_105022705191,PRE_HISTORY,278470,에이피알,2026-08-25 10:50:22.705,437500.0,437937.49999999994,60,60.261,438500.0,0.2285714285714286,0.12844298558585604,0.2285714285714286,0.0,0.12844298558585604,-0.09990009990008664,COMPLETE
2026-08-25 10:51:35.863,v1.6.3,20260825_278470_BASE_104935619895,BASE,278470,에이피알,2026-08-25 10:49:35.619,436000.0,436435.99999999994,120,120.244,436500.0,0.11467889908256881,0.014664234847734426,0.573394495412844,-0.11467889908256881,0.47292157383901845,-0.21446443464790757,COMPLETE
2026-08-25 10:52:23.065,v1.6.3,20260825_278470_PRE_HISTORY_105022705191,PRE_HISTORY,278470,에이피알,2026-08-25 10:50:22.705,437500.0,437937.49999999994,120,120.36,437500.0,0.0,-0.09990009990008664,0.2285714285714286,-0.34285714285714286,0.12844298558585604,-0.44241472812900057,COMPLETE
2026-08-25 10:52:35.764,v1.6.3,20260825_278470_BASE_104935619895,BASE,278470,에이피알,2026-08-25 10:49:35.619,436000.0,436435.99999999994,180,180.145,436500.0,0.11467889908256881,0.014664234847734426,0.573394495412844,-0.11467889908256881,0.47292157383901845,-0.21446443464790757,COMPLETE
2026-08-25 10:53:23.365,v1.6.3,20260825_278470_PRE_HISTORY_105022705191,PRE_HISTORY,278470,에이피알,2026-08-25 10:50:22.705,437500.0,437937.49999999994,180,180.661,436000.0,-0.34285714285714286,-0.44241472812900057,0.2285714285714286,-0.34285714285714286,0.12844298558585604,-0.44241472812900057,COMPLETE
2026-08-25 10:54:37.063,v1.6.3,20260825_278470_BASE_104935619895,BASE,278470,에이피알,2026-08-25 10:49:35.619,436000.0,436435.99999999994,300,301.444,435500.0,-0.11467889908256881,-0.21446443464790757,0.573394495412844,-0.22935779816513763,0.47292157383901845,-0.3290287693957286,COMPLETE
2026-08-25 10:55:24.071,v1.6.3,20260825_278470_PRE_HISTORY_105022705191,PRE_HISTORY,278470,에이피알,2026-08-25 10:50:22.705,437500.0,437937.49999999994,300,301.366,435500.0,-0.4571428571428572,-0.556586270871972,0.2285714285714286,-0.6857142857142857,0.12844298558585604,-0.7849293563579145,COMPLETE
2026-08-25 13:43:44.825,v1.6.3,20260825_001820_BASE_134314782775,BASE,001820,삼화콘덴서,2026-08-25 13:43:14.782,103300.0,103403.29999999999,30,30.042,103100.0,-0.1936108422071636,-0.29331752468246985,0.0968054211035818,-0.5808325266214909,-0.003191387508898032,-0.6801523742472324,COMPLETE
2026-08-25 13:44:14.825,v1.6.3,20260825_001820_BASE_134314782775,BASE,001820,삼화콘덴서,2026-08-25 13:43:14.782,103300.0,103403.29999999999,60,60.043,103800.0,0.48402710551790895,0.38364346205586447,0.48402710551790895,-0.5808325266214909,0.38364346205586447,-0.6801523742472324,COMPLETE
2026-08-25 13:45:15.425,v1.6.3,20260825_001820_BASE_134314782775,BASE,001820,삼화콘덴서,2026-08-25 13:43:14.782,103300.0,103403.29999999999,120,120.643,103600.0,0.29041626331074544,0.19022603727348322,1.0648596321393997,-0.5808325266214909,0.9638957364030082,-0.6801523742472324,COMPLETE
2026-08-25 13:46:14.844,v1.6.3,20260825_001820_BASE_134314782775,BASE,001820,삼화콘덴서,2026-08-25 13:43:14.782,103300.0,103403.29999999999,180,180.062,104200.0,0.8712487899322363,0.770478311620627,1.3552758954501452,-0.5808325266214909,1.25402187357658,-0.6801523742472324,COMPLETE
2026-08-25 13:48:14.824,v1.6.3,20260825_001820_BASE_134314782775,BASE,001820,삼화콘덴서,2026-08-25 13:43:14.782,103300.0,103403.29999999999,300,300.042,103200.0,-0.0968054211035818,-0.19660881229127927,1.3552758954501452,-0.5808325266214909,1.25402187357658,-0.6801523742472324,COMPLETE
2026-08-25 13:58:09.023,v1.6.3,20260825_001820_PRE_HISTORY_135739009382,PRE_HISTORY,001820,삼화콘덴서,2026-08-25 13:57:39.009,106000.0,106105.99999999999,30,30.014,104900.0,-1.0377358490566038,-1.1365992498067834,0.09433962264150944,-1.0377358490566038,-0.005654722635840997,-1.1365992498067834,COMPLETE
2026-08-25 13:58:39.224,v1.6.3,20260825_001820_PRE_HISTORY_135739009382,PRE_HISTORY,001820,삼화콘덴서,2026-08-25 13:57:39.009,106000.0,106105.99999999999,60,60.215,104900.0,-1.0377358490566038,-1.1365992498067834,0.09433962264150944,-1.2264150943396228,-0.005654722635840997,-1.3250900043352738,COMPLETE
2026-08-25 13:59:39.120,v1.6.3,20260825_001820_PRE_HISTORY_135739009382,PRE_HISTORY,001820,삼화콘덴서,2026-08-25 13:57:39.009,106000.0,106105.99999999999,120,120.112,105200.0,-0.7547169811320755,-0.8538631180140479,0.09433962264150944,-1.3207547169811322,-0.005654722635840997,-1.419335381599519,COMPLETE
2026-08-25 14:00:39.321,v1.6.3,20260825_001820_PRE_HISTORY_135739009382,PRE_HISTORY,001820,삼화콘덴서,2026-08-25 13:57:39.009,106000.0,106105.99999999999,180,180.313,104900.0,-1.0377358490566038,-1.1365992498067834,0.09433962264150944,-1.3207547169811322,-0.005654722635840997,-1.419335381599519,COMPLETE
2026-08-25 14:02:39.129,v1.6.3,20260825_001820_PRE_HISTORY_135739009382,PRE_HISTORY,001820,삼화콘덴서,2026-08-25 13:57:39.009,106000.0,106105.99999999999,300,300.12,105200.0,-0.7547169811320755,-0.8538631180140479,0.09433962264150944,-1.7924528301886793,-0.005654722635840997,-1.8905622679207452,COMPLETE
2026-08-25 14:13:26.927,v1.6.3,20260825_007660_BASE_141256326150,BASE,007660,이수페타시스,2026-08-25 14:12:56.326,105800.0,105905.79999999999,30,30.601,105700.0,-0.0945179584120983,-0.19432363477731002,0.0,-0.28355387523629494,-0.09990009990008893,-0.3831707045317522,COMPLETE
2026-08-25 14:13:56.471,v1.6.3,20260825_007660_BASE_141256326150,BASE,007660,이수페타시스,2026-08-25 14:12:56.326,105800.0,105905.79999999999,60,60.145,105700.0,-0.0945179584120983,-0.19432363477731002,0.0,-0.28355387523629494,-0.09990009990008893,-0.3831707045317522,COMPLETE
2026-08-25 14:14:56.536,v1.6.3,20260825_007660_BASE_141256326150,BASE,007660,이수페타시스,2026-08-25 14:12:56.326,105800.0,105905.79999999999,120,120.21,106300.0,0.4725897920604915,0.3722175744860165,0.5671077504725899,-0.28355387523629494,0.4666411093632376,-0.3831707045317522,COMPLETE
2026-08-25 14:15:57.117,v1.6.3,20260825_007660_BASE_141256326150,BASE,007660,이수페타시스,2026-08-25 14:12:56.326,105800.0,105905.79999999999,180,180.792,106500.0,0.6616257088846881,0.5610646442404588,0.7561436672967864,-0.28355387523629494,0.6554881791176798,-0.3831707045317522,COMPLETE
2026-08-25 14:17:57.417,v1.6.3,20260825_007660_BASE_141256326150,BASE,007660,이수페타시스,2026-08-25 14:12:56.326,105800.0,105905.79999999999,300,301.091,106600.0,0.7561436672967864,0.6554881791176798,0.8506616257088847,-0.28355387523629494,0.7499117139949009,-0.3831707045317522,COMPLETE
2026-08-25 14:56:32.107,v1.6.3,20260825_080220_BASE_145601937645,BASE,080220,제주반도체,2026-08-25 14:56:01.937,76700.0,76776.7,30,30.17,76800.0,0.1303780964797914,0.030347748731064123,0.1955671447196871,0.0,0.09547167304664424,-0.0999000999000961,COMPLETE
2026-08-25 14:57:02.628,v1.6.3,20260825_080220_BASE_145601937645,BASE,080220,제주반도체,2026-08-25 14:56:01.937,76700.0,76776.7,60,60.691,76800.0,0.1303780964797914,0.030347748731064123,0.1955671447196871,0.0,0.09547167304664424,-0.0999000999000961,COMPLETE
2026-08-25 14:57:46.707,v1.6.3,20260825_257720_BASE_145716421611,BASE,257720,실리콘투,2026-08-25 14:57:16.421,52000.0,52051.99999999999,30,30.286,51900.0,-0.19230769230769232,-0.2920156766310473,0.0,-0.19230769230769232,-0.09990009990008594,-0.2920156766310473,COMPLETE
2026-08-25 14:58:02.506,v1.6.3,20260825_080220_BASE_145601937645,BASE,080220,제주반도체,2026-08-25 14:56:01.937,76700.0,76776.7,120,120.569,76800.0,0.1303780964797914,0.030347748731064123,0.1955671447196871,0.0,0.09547167304664424,-0.0999000999000961,COMPLETE
2026-08-25 14:58:17.007,v1.6.3,20260825_257720_BASE_145716421611,BASE,257720,실리콘투,2026-08-25 14:57:16.421,52000.0,52051.99999999999,60,60.586,51900.0,-0.19230769230769232,-0.2920156766310473,0.0,-0.38461538461538464,-0.09990009990008594,-0.4841312533620087,COMPLETE
2026-08-25 14:59:03.008,v1.6.3,20260825_080220_BASE_145601937645,BASE,080220,제주반도체,2026-08-25 14:56:01.937,76700.0,76776.7,180,181.071,76400.0,-0.3911342894393742,-0.49064364579357683,0.1955671447196871,-0.3911342894393742,0.09547167304664424,-0.49064364579357683,COMPLETE
2026-08-25 14:59:18.315,v1.6.3,20260825_257720_BASE_145716421611,BASE,257720,실리콘투,2026-08-25 14:57:16.421,52000.0,52051.99999999999,120,121.893,51600.0,-0.7692307692307693,-0.8683624068239314,0.0,-0.7692307692307693,-0.09990009990008594,-0.8683624068239314,COMPLETE
2026-08-25 15:00:16.905,v1.6.3,20260825_257720_BASE_145716421611,BASE,257720,실리콘투,2026-08-25 14:57:16.421,52000.0,52051.99999999999,180,180.484,51700.0,-0.576923076923077,-0.67624683009297,0.0,-0.7692307692307693,-0.09990009990008594,-0.8683624068239314,COMPLETE
2026-08-25 15:01:02.306,v1.6.3,20260825_080220_BASE_145601937645,BASE,080220,제주반도체,2026-08-25 14:56:01.937,76700.0,76776.7,300,300.369,76700.0,0.0,-0.0999000999000961,0.1955671447196871,-0.5215123859191656,0.09547167304664424,-0.620891494424737,COMPLETE
2026-08-25 15:02:17.306,v1.6.3,20260825_257720_BASE_145716421611,BASE,257720,실리콘투,2026-08-25 14:57:16.421,52000.0,52051.99999999999,300,300.885,51500.0,-0.9615384615384616,-1.0604779835548928,0.0,-0.9615384615384616,-0.09990009990008594,-1.0604779835548928,COMPLETE
2026-08-25 15:43:40.697,v1.6.3,20260825_222800_BASE_154310623596,BASE,222800,심텍,2026-08-25 15:43:10.623,116900.0,117016.9,30,30.074,118600.0,1.4542343883661248,1.3528815068592708,2.3952095808383236,0.0,2.2929166641741543,-0.09990009990009494,COMPLETE
2026-08-25 15:44:11.105,v1.6.3,20260825_222800_BASE_154310623596,BASE,222800,심텍,2026-08-25 15:43:10.623,116900.0,117016.9,60,60.481,118600.0,1.4542343883661248,1.3528815068592708,2.3952095808383236,0.0,2.2929166641741543,-0.09990009990009494,COMPLETE
2026-08-25 15:45:10.796,v1.6.3,20260825_222800_BASE_154310623596,BASE,222800,심텍,2026-08-25 15:43:10.623,116900.0,117016.9,120,120.172,119500.0,2.2241231822070144,2.1220011810259938,2.5662959794696323,0.0,2.463832147322315,-0.09990009990009494,COMPLETE
2026-08-25 15:46:10.796,v1.6.3,20260825_222800_BASE_154310623596,BASE,222800,심텍,2026-08-25 15:43:10.623,116900.0,117016.9,180,180.173,119400.0,2.1385799828913603,2.0365434394519135,2.5662959794696323,0.0,2.463832147322315,-0.09990009990009494,COMPLETE
2026-08-25 15:48:11.094,v1.6.3,20260825_222800_BASE_154310623596,BASE,222800,심텍,2026-08-25 15:43:10.623,116900.0,117016.9,300,300.471,120100.0,2.737382378100941,2.6347476304704758,2.9940119760479043,0.0,2.8911208551927166,-0.09990009990009494,COMPLETE
2026-08-25 16:50:12.755,v1.6.3,20260825_161890_BASE_164935139559,BASE,161890,한국콜마,2026-08-25 16:49:35.139,150000.0,150149.99999999997,30,37.616,150500.0,0.33333333333333337,0.23310023310025252,0.46666666666666673,0.0,0.36630036630038576,-0.09990009990008053,COMPLETE
2026-08-25 16:50:35.655,v1.6.3,20260825_161890_BASE_164935139559,BASE,161890,한국콜마,2026-08-25 16:49:35.139,150000.0,150149.99999999997,60,60.516,150600.0,0.4,0.29970029970031914,0.46666666666666673,0.0,0.36630036630038576,-0.09990009990008053,COMPLETE
2026-08-25 16:52:10.457,v1.6.3,20260825_161890_BASE_164935139559,BASE,161890,한국콜마,2026-08-25 16:49:35.139,150000.0,150149.99999999997,120,155.318,150600.0,0.4,0.29970029970031914,0.46666666666666673,0.0,0.36630036630038576,-0.09990009990008053,COMPLETE
2026-08-25 16:52:39.967,v1.6.3,20260825_161890_BASE_164935139559,BASE,161890,한국콜마,2026-08-25 16:49:35.139,150000.0,150149.99999999997,180,184.827,150500.0,0.33333333333333337,0.23310023310025252,0.46666666666666673,0.0,0.36630036630038576,-0.09990009990008053,COMPLETE
2026-08-25 16:54:39.958,v1.6.3,20260825_161890_BASE_164935139559,BASE,161890,한국콜마,2026-08-25 16:49:35.139,150000.0,150149.99999999997,300,304.819,150200.0,0.13333333333333333,0.03330003330005269,0.46666666666666673,0.0,0.36630036630038576,-0.09990009990008053,COMPLETE
2026-08-25 19:19:59.463,v1.6.3,20260825_005290_BASE_191929073406,BASE,005290,동진쎄미켐,2026-08-25 19:19:29.073,43650.0,43693.649999999994,30,30.39,44100.0,1.0309278350515463,0.9299978372143456,1.0309278350515463,0.0,0.9299978372143456,-0.09990009990008658,COMPLETE
2026-08-25 19:20:31.364,v1.6.3,20260825_005290_BASE_191929073406,BASE,005290,동진쎄미켐,2026-08-25 19:19:29.073,43650.0,43693.649999999994,60,62.291,44100.0,1.0309278350515463,0.9299978372143456,1.0309278350515463,0.0,0.9299978372143456,-0.09990009990008658,COMPLETE
2026-08-25 19:21:31.562,v1.6.3,20260825_005290_BASE_191929073406,BASE,005290,동진쎄미켐,2026-08-25 19:19:29.073,43650.0,43693.649999999994,120,122.489,44050.0,0.9163802978235969,0.8155647330905198,1.0309278350515463,0.0,0.9299978372143456,-0.09990009990008658,COMPLETE
2026-08-25 19:22:32.070,v1.6.3,20260825_005290_BASE_191929073406,BASE,005290,동진쎄미켐,2026-08-25 19:19:29.073,43650.0,43693.649999999994,180,182.997,44050.0,0.9163802978235969,0.8155647330905198,1.0309278350515463,0.0,0.9299978372143456,-0.09990009990008658,COMPLETE
2026-08-25 19:24:30.863,v1.6.3,20260825_005290_BASE_191929073406,BASE,005290,동진쎄미켐,2026-08-25 19:19:29.073,43650.0,43693.649999999994,300,301.79,44000.0,0.8018327605956471,0.7011316289666939,1.0309278350515463,0.0,0.9299978372143456,-0.09990009990008658,COMPLETE
