version,stock_code,stock_name,session,strategy,TP,SL,entry_time,exit_time,entry_price,exit_price,return_rate,MFE,MAE,result,score,trading_value_source,actual_trading_value,estimated_trading_value
v1.5,006800,미래에셋증권,MAIN,A,2.0,-1.0,2026-08-13 09:02:24,2026-08-13 09:03:00,39089.05,38650.0,-1.123,0.156,-1.123,STOP_LOSS,82,ACTUAL,80253000000.0,80568623850.0
v1.5,119850,지엔씨에너지,MAIN,A,2.0,-1.0,2026-08-13 09:05:04,2026-08-13 09:05:14,53253.2,52700.0,-1.039,-0.1,-1.039,STOP_LOSS,80,ACTUAL,25699000000.0,26834001100.0
v1.5,000500,가온전선,MAIN,A,2.0,-1.0,2026-08-13 09:05:00,2026-08-13 09:05:28,176176.0,174300.0,-1.065,-0.1,-1.065,STOP_LOSS,81,ACTUAL,54551000000.0,55663906800.0
v1.5,002990,금호건설,MAIN,A,2.0,-1.0,2026-08-13 09:03:38,2026-08-13 09:05:41,17497.48,17880.0,2.186,2.186,-0.1,TAKE_PROFIT,89,ACTUAL,43535000000.0,46572348560.0
v1.5,002990,금호건설,MAIN,B,2.0,-1.5,2026-08-13 09:03:38,2026-08-13 09:05:41,17497.48,17880.0,2.186,2.186,-0.1,TAKE_PROFIT,89,ACTUAL,43535000000.0,46572348560.0
v1.5,002990,금호건설,MAIN,C,2.0,-2.0,2026-08-13 09:03:38,2026-08-13 09:05:41,17497.48,17880.0,2.186,2.186,-0.1,TAKE_PROFIT,89,ACTUAL,43535000000.0,46572348560.0
v1.5,000500,가온전선,MAIN,B,2.0,-1.5,2026-08-13 09:05:00,2026-08-13 09:06:24,176176.0,172600.0,-2.03,-0.1,-2.03,STOP_LOSS,81,ACTUAL,54551000000.0,55663906800.0
v1.5,000500,가온전선,MAIN,C,2.0,-2.0,2026-08-13 09:05:00,2026-08-13 09:06:24,176176.0,172600.0,-2.03,-0.1,-2.03,STOP_LOSS,81,ACTUAL,54551000000.0,55663906800.0
v1.5,000500,가온전선,MAIN,D,2.5,-1.5,2026-08-13 09:05:00,2026-08-13 09:06:24,176176.0,172600.0,-2.03,-0.1,-2.03,STOP_LOSS,81,ACTUAL,54551000000.0,55663906800.0
v1.5,000500,가온전선,MAIN,E,3.0,-2.0,2026-08-13 09:05:00,2026-08-13 09:06:24,176176.0,172600.0,-2.03,-0.1,-2.03,STOP_LOSS,81,ACTUAL,54551000000.0,55663906800.0
v1.5,002990,금호건설,MAIN,D,2.5,-1.5,2026-08-13 09:03:38,2026-08-13 09:06:53,17497.48,17120.0,-2.157,2.415,-2.157,STOP_LOSS,89,ACTUAL,43535000000.0,46572348560.0
v1.5,002990,금호건설,MAIN,E,3.0,-2.0,2026-08-13 09:03:38,2026-08-13 09:06:53,17497.48,17120.0,-2.157,2.415,-2.157,STOP_LOSS,89,ACTUAL,43535000000.0,46572348560.0
v1.5,119850,지엔씨에너지,MAIN,B,2.0,-1.5,2026-08-13 09:05:04,2026-08-13 09:07:39,53253.2,54400.0,2.153,2.153,-1.039,TAKE_PROFIT,80,ACTUAL,25699000000.0,26834001100.0
v1.5,119850,지엔씨에너지,MAIN,C,2.0,-2.0,2026-08-13 09:05:04,2026-08-13 09:07:39,53253.2,54400.0,2.153,2.153,-1.039,TAKE_PROFIT,80,ACTUAL,25699000000.0,26834001100.0
v1.5,006800,미래에셋증권,MAIN,B,2.0,-1.5,2026-08-13 09:02:24,2026-08-13 09:08:24,39089.05,40050.0,2.458,2.458,-1.123,TAKE_PROFIT,82,ACTUAL,80253000000.0,80568623850.0
v1.5,006800,미래에셋증권,MAIN,C,2.0,-2.0,2026-08-13 09:02:24,2026-08-13 09:08:24,39089.05,40050.0,2.458,2.458,-1.123,TAKE_PROFIT,82,ACTUAL,80253000000.0,80568623850.0
v1.5,006800,미래에셋증권,MAIN,D,2.5,-1.5,2026-08-13 09:02:24,2026-08-13 09:08:50,39089.05,40150.0,2.714,2.714,-1.123,TAKE_PROFIT,82,ACTUAL,80253000000.0,80568623850.0
v1.5,073240,금호타이어,MAIN,A,2.0,-1.0,2026-08-13 09:06:19,2026-08-13 09:09:08,7857.85,7750.0,-1.373,0.409,-1.373,STOP_LOSS,79,ACTUAL,35434000000.0,36349804080.0
v1.5,006800,미래에셋증권,MAIN,E,3.0,-2.0,2026-08-13 09:02:24,2026-08-13 09:09:21,39089.05,40400.0,3.354,3.354,-1.123,TAKE_PROFIT,82,ACTUAL,80253000000.0,80568623850.0
v1.5,073240,금호타이어,MAIN,B,2.0,-1.5,2026-08-13 09:06:19,2026-08-13 09:09:24,7857.85,7680.0,-2.263,0.409,-2.263,STOP_LOSS,79,ACTUAL,35434000000.0,36349804080.0
v1.5,073240,금호타이어,MAIN,C,2.0,-2.0,2026-08-13 09:06:19,2026-08-13 09:09:24,7857.85,7680.0,-2.263,0.409,-2.263,STOP_LOSS,79,ACTUAL,35434000000.0,36349804080.0
v1.5,073240,금호타이어,MAIN,D,2.5,-1.5,2026-08-13 09:06:19,2026-08-13 09:09:24,7857.85,7680.0,-2.263,0.409,-2.263,STOP_LOSS,79,ACTUAL,35434000000.0,36349804080.0
v1.5,073240,금호타이어,MAIN,E,3.0,-2.0,2026-08-13 09:06:19,2026-08-13 09:09:24,7857.85,7680.0,-2.263,0.409,-2.263,STOP_LOSS,79,ACTUAL,35434000000.0,36349804080.0
v1.5,119850,지엔씨에너지,MAIN,D,2.5,-1.5,2026-08-13 09:05:04,2026-08-13 09:09:38,53253.2,54600.0,2.529,2.529,-1.039,TAKE_PROFIT,80,ACTUAL,25699000000.0,26834001100.0
v1.5,119850,지엔씨에너지,MAIN,E,3.0,-2.0,2026-08-13 09:05:04,2026-08-13 09:09:52,53253.2,55700.0,4.595,4.595,-1.039,TAKE_PROFIT,80,ACTUAL,25699000000.0,26834001100.0
v1.5,010120,LS ELECTRIC,MAIN,A,2.0,-1.0,2026-08-13 09:10:13,2026-08-13 09:11:47,219719.5,217500.0,-1.01,-0.1,-1.01,STOP_LOSS,79,ACTUAL,72148000000.0,73456680000.0
v1.5,161890,한국콜마,MAIN,A,2.0,-1.0,2026-08-13 09:10:09,2026-08-13 09:12:48,140590.45,143600.0,2.141,2.141,-0.1,TAKE_PROFIT,82,ACTUAL,97491000000.0,101502841000.0
v1.5,161890,한국콜마,MAIN,B,2.0,-1.5,2026-08-13 09:10:09,2026-08-13 09:12:48,140590.45,143600.0,2.141,2.141,-0.1,TAKE_PROFIT,82,ACTUAL,97491000000.0,101502841000.0
v1.5,161890,한국콜마,MAIN,C,2.0,-2.0,2026-08-13 09:10:09,2026-08-13 09:12:48,140590.45,143600.0,2.141,2.141,-0.1,TAKE_PROFIT,82,ACTUAL,97491000000.0,101502841000.0
v1.5,009150,삼성전기,MAIN,A,2.0,-1.0,2026-08-13 09:03:41,2026-08-13 09:13:00,1458457.0,1489000.0,2.094,2.094,-0.1,TAKE_PROFIT,85,ACTUAL,503821000000.0,513559246000.0
v1.5,009150,삼성전기,MAIN,B,2.0,-1.5,2026-08-13 09:03:41,2026-08-13 09:13:00,1458457.0,1489000.0,2.094,2.094,-0.1,TAKE_PROFIT,85,ACTUAL,503821000000.0,513559246000.0
v1.5,009150,삼성전기,MAIN,C,2.0,-2.0,2026-08-13 09:03:41,2026-08-13 09:13:00,1458457.0,1489000.0,2.094,2.094,-0.1,TAKE_PROFIT,85,ACTUAL,503821000000.0,513559246000.0
v1.5,009150,삼성전기,MAIN,D,2.5,-1.5,2026-08-13 09:03:41,2026-08-13 09:13:41,1458457.0,1497000.0,2.643,2.643,-0.1,TAKE_PROFIT,85,ACTUAL,503821000000.0,513559246000.0
v1.5,009150,삼성전기,MAIN,E,3.0,-2.0,2026-08-13 09:03:41,2026-08-13 09:14:06,1458457.0,1507000.0,3.328,3.328,-0.1,TAKE_PROFIT,85,ACTUAL,503821000000.0,513559246000.0
v1.5,475150,SK이터닉스,MAIN,A,2.0,-1.0,2026-08-13 09:04:57,2026-08-13 09:14:49,55955.9,57200.0,2.223,2.223,-0.815,TAKE_PROFIT,86,ACTUAL,31493000000.0,31916973000.0
v1.5,475150,SK이터닉스,MAIN,B,2.0,-1.5,2026-08-13 09:04:57,2026-08-13 09:14:49,55955.9,57200.0,2.223,2.223,-0.815,TAKE_PROFIT,86,ACTUAL,31493000000.0,31916973000.0
v1.5,475150,SK이터닉스,MAIN,C,2.0,-2.0,2026-08-13 09:04:57,2026-08-13 09:14:49,55955.9,57200.0,2.223,2.223,-0.815,TAKE_PROFIT,86,ACTUAL,31493000000.0,31916973000.0
v1.5,001820,삼화콘덴서,MAIN,A,2.0,-1.0,2026-08-13 09:14:04,2026-08-13 09:16:42,98598.5,101800.0,3.247,3.247,-0.506,TAKE_PROFIT,82,ACTUAL,44058000000.0,44521621400.0
v1.5,001820,삼화콘덴서,MAIN,B,2.0,-1.5,2026-08-13 09:14:04,2026-08-13 09:16:42,98598.5,101800.0,3.247,3.247,-0.506,TAKE_PROFIT,82,ACTUAL,44058000000.0,44521621400.0
v1.5,001820,삼화콘덴서,MAIN,C,2.0,-2.0,2026-08-13 09:14:04,2026-08-13 09:16:43,98598.5,101800.0,3.247,3.247,-0.506,TAKE_PROFIT,82,ACTUAL,44058000000.0,44521621400.0
v1.5,001820,삼화콘덴서,MAIN,D,2.5,-1.5,2026-08-13 09:14:04,2026-08-13 09:16:43,98598.5,101800.0,3.247,3.247,-0.506,TAKE_PROFIT,82,ACTUAL,44058000000.0,44521621400.0
v1.5,001820,삼화콘덴서,MAIN,E,3.0,-2.0,2026-08-13 09:14:04,2026-08-13 09:16:43,98598.5,101800.0,3.247,3.247,-0.506,TAKE_PROFIT,82,ACTUAL,44058000000.0,44521621400.0
v1.5,475150,SK이터닉스,MAIN,D,2.5,-1.5,2026-08-13 09:04:57,2026-08-13 09:18:11,55955.9,57700.0,3.117,3.117,-0.815,TAKE_PROFIT,86,ACTUAL,31493000000.0,31916973000.0
v1.5,475150,SK이터닉스,MAIN,E,3.0,-2.0,2026-08-13 09:04:57,2026-08-13 09:18:11,55955.9,57700.0,3.117,3.117,-0.815,TAKE_PROFIT,86,ACTUAL,31493000000.0,31916973000.0
v1.5,100790,미래에셋벤처투자,MAIN,A,2.0,-1.0,2026-08-13 09:16:38,2026-08-13 09:18:41,18958.94,19830.0,4.594,4.594,-0.1,TAKE_PROFIT,77,ACTUAL,25875000000.0,26911467200.0
v1.5,100790,미래에셋벤처투자,MAIN,B,2.0,-1.5,2026-08-13 09:16:38,2026-08-13 09:18:41,18958.94,19830.0,4.594,4.594,-0.1,TAKE_PROFIT,77,ACTUAL,25875000000.0,26911467200.0
v1.5,100790,미래에셋벤처투자,MAIN,C,2.0,-2.0,2026-08-13 09:16:38,2026-08-13 09:18:41,18958.94,19830.0,4.594,4.594,-0.1,TAKE_PROFIT,77,ACTUAL,25875000000.0,26911467200.0
v1.5,100790,미래에셋벤처투자,MAIN,D,2.5,-1.5,2026-08-13 09:16:38,2026-08-13 09:18:41,18958.94,19830.0,4.594,4.594,-0.1,TAKE_PROFIT,77,ACTUAL,25875000000.0,26911467200.0
v1.5,100790,미래에셋벤처투자,MAIN,E,3.0,-2.0,2026-08-13 09:16:38,2026-08-13 09:18:41,18958.94,19830.0,4.594,4.594,-0.1,TAKE_PROFIT,77,ACTUAL,25875000000.0,26911467200.0
v1.5,161890,한국콜마,MAIN,D,2.5,-1.5,2026-08-13 09:10:09,2026-08-13 09:19:13,140590.45,138300.0,-1.629,2.141,-1.629,STOP_LOSS,82,ACTUAL,97491000000.0,101502841000.0
v1.5,010120,LS ELECTRIC,MAIN,B,2.0,-1.5,2026-08-13 09:10:13,2026-08-13 09:19:13,219719.5,216000.0,-1.693,-0.1,-1.693,STOP_LOSS,79,ACTUAL,72148000000.0,73456680000.0
v1.5,010120,LS ELECTRIC,MAIN,D,2.5,-1.5,2026-08-13 09:10:13,2026-08-13 09:19:13,219719.5,216000.0,-1.693,-0.1,-1.693,STOP_LOSS,79,ACTUAL,72148000000.0,73456680000.0
v1.5,000660,SK하이닉스,MAIN,A,2.0,-1.0,2026-08-13 09:02:20,2026-08-13 09:19:49,1596595.0,1629000.0,2.03,2.03,-0.288,TAKE_PROFIT,91,ACTUAL,1467333000000.0,1473822656000.0
v1.5,000660,SK하이닉스,MAIN,B,2.0,-1.5,2026-08-13 09:02:20,2026-08-13 09:19:49,1596595.0,1629000.0,2.03,2.03,-0.288,TAKE_PROFIT,91,ACTUAL,1467333000000.0,1473822656000.0
v1.5,000660,SK하이닉스,MAIN,C,2.0,-2.0,2026-08-13 09:02:20,2026-08-13 09:19:49,1596595.0,1629000.0,2.03,2.03,-0.288,TAKE_PROFIT,91,ACTUAL,1467333000000.0,1473822656000.0
v1.5,010120,LS ELECTRIC,MAIN,C,2.0,-2.0,2026-08-13 09:10:13,2026-08-13 09:23:44,219719.5,215000.0,-2.148,-0.1,-2.148,STOP_LOSS,79,ACTUAL,72148000000.0,73456680000.0
v1.5,010120,LS ELECTRIC,MAIN,E,3.0,-2.0,2026-08-13 09:10:13,2026-08-13 09:23:44,219719.5,215000.0,-2.148,-0.1,-2.148,STOP_LOSS,79,ACTUAL,72148000000.0,73456680000.0
v1.5,161890,한국콜마,MAIN,E,3.0,-2.0,2026-08-13 09:10:09,2026-08-13 09:28:28,140590.45,137400.0,-2.269,2.141,-2.269,STOP_LOSS,82,ACTUAL,97491000000.0,101502841000.0
v1.5,005930,삼성전자,MAIN,A,2.0,-1.0,2026-08-13 09:07:35,2026-08-13 09:32:06,268768.5,266000.0,-1.03,0.458,-1.03,STOP_LOSS,79,ACTUAL,1773447000000.0,1791725879000.0
v1.5,005930,삼성전자,MAIN,B,2.0,-1.5,2026-08-13 09:07:35,2026-08-13 09:35:17,268768.5,264250.0,-1.681,0.458,-1.681,STOP_LOSS,79,ACTUAL,1773447000000.0,1791725879000.0
v1.5,005930,삼성전자,MAIN,D,2.5,-1.5,2026-08-13 09:07:35,2026-08-13 09:35:17,268768.5,264250.0,-1.681,0.458,-1.681,STOP_LOSS,79,ACTUAL,1773447000000.0,1791725879000.0
v1.5,000990,DB하이텍,MAIN,A,2.0,-1.0,2026-08-13 09:21:45,2026-08-13 09:37:57,102001.9,100900.0,-1.08,1.91,-1.08,STOP_LOSS,77,ACTUAL,33662000000.0,33989967800.0
v1.5,005930,삼성전자,MAIN,C,2.0,-2.0,2026-08-13 09:07:35,2026-08-13 09:45:22,268768.5,263250.0,-2.053,0.458,-2.053,STOP_LOSS,79,ACTUAL,1773447000000.0,1791725879000.0
v1.5,005930,삼성전자,MAIN,E,3.0,-2.0,2026-08-13 09:07:35,2026-08-13 09:45:22,268768.5,263250.0,-2.053,0.458,-2.053,STOP_LOSS,79,ACTUAL,1773447000000.0,1791725879000.0
v1.5,000990,DB하이텍,MAIN,B,2.0,-1.5,2026-08-13 09:21:45,2026-08-13 09:45:34,102001.9,100400.0,-1.57,1.91,-1.57,STOP_LOSS,77,ACTUAL,33662000000.0,33989967800.0
v1.5,000990,DB하이텍,MAIN,D,2.5,-1.5,2026-08-13 09:21:45,2026-08-13 09:45:34,102001.9,100400.0,-1.57,1.91,-1.57,STOP_LOSS,77,ACTUAL,33662000000.0,33989967800.0
v1.5,332570,PS일렉트로닉스,MAIN,A,2.0,-1.0,2026-08-13 09:50:16,2026-08-13 09:54:42,10300.29,10510.0,2.036,2.036,-0.488,TAKE_PROFIT,75,ACTUAL,52181000000.0,54643450050.0
v1.5,332570,PS일렉트로닉스,MAIN,B,2.0,-1.5,2026-08-13 09:50:16,2026-08-13 09:54:42,10300.29,10510.0,2.036,2.036,-0.488,TAKE_PROFIT,75,ACTUAL,52181000000.0,54643450050.0
v1.5,332570,PS일렉트로닉스,MAIN,C,2.0,-2.0,2026-08-13 09:50:16,2026-08-13 09:54:42,10300.29,10510.0,2.036,2.036,-0.488,TAKE_PROFIT,75,ACTUAL,52181000000.0,54643450050.0
v1.5,332570,PS일렉트로닉스,MAIN,D,2.5,-1.5,2026-08-13 09:50:16,2026-08-13 09:54:55,10300.29,10570.0,2.618,2.618,-0.488,TAKE_PROFIT,75,ACTUAL,52181000000.0,54643450050.0
v1.5,950160,코오롱티슈진,MAIN,A,2.0,-1.0,2026-08-13 09:56:58,2026-08-13 09:59:50,25575.55,25300.0,-1.077,0.682,-1.077,STOP_LOSS,75,ACTUAL,56546000000.0,61713340500.0
v1.5,950160,코오롱티슈진,MAIN,B,2.0,-1.5,2026-08-13 09:56:58,2026-08-13 10:00:18,25575.55,24850.0,-2.837,0.682,-2.837,STOP_LOSS,75,ACTUAL,56546000000.0,61713340500.0
v1.5,950160,코오롱티슈진,MAIN,C,2.0,-2.0,2026-08-13 09:56:58,2026-08-13 10:00:18,25575.55,24850.0,-2.837,0.682,-2.837,STOP_LOSS,75,ACTUAL,56546000000.0,61713340500.0
v1.5,950160,코오롱티슈진,MAIN,D,2.5,-1.5,2026-08-13 09:56:58,2026-08-13 10:00:18,25575.55,24850.0,-2.837,0.682,-2.837,STOP_LOSS,75,ACTUAL,56546000000.0,61713340500.0
v1.5,950160,코오롱티슈진,MAIN,E,3.0,-2.0,2026-08-13 09:56:58,2026-08-13 10:00:18,25575.55,24850.0,-2.837,0.682,-2.837,STOP_LOSS,75,ACTUAL,56546000000.0,61713340500.0
v1.5,332570,PS일렉트로닉스,MAIN,E,3.0,-2.0,2026-08-13 09:50:16,2026-08-13 10:02:04,10300.29,10620.0,3.104,3.104,-0.488,TAKE_PROFIT,75,ACTUAL,52181000000.0,54643450050.0
v1.5,336260,두산퓨얼셀,MAIN,A,2.0,-1.0,2026-08-13 10:02:33,2026-08-13 10:08:02,40140.1,39700.0,-1.096,-0.1,-1.096,STOP_LOSS,82,ACTUAL,90106000000.0,90126431450.0
v1.5,336260,두산퓨얼셀,MAIN,B,2.0,-1.5,2026-08-13 10:02:33,2026-08-13 10:09:53,40140.1,39500.0,-1.595,-0.1,-1.595,STOP_LOSS,82,ACTUAL,90106000000.0,90126431450.0
v1.5,336260,두산퓨얼셀,MAIN,D,2.5,-1.5,2026-08-13 10:02:33,2026-08-13 10:09:53,40140.1,39500.0,-1.595,-0.1,-1.595,STOP_LOSS,82,ACTUAL,90106000000.0,90126431450.0
v1.5,126340,비나텍,MAIN,A,2.0,-1.0,2026-08-13 09:48:53,2026-08-13 10:11:30,80280.2,79400.0,-1.096,0.647,-1.096,STOP_LOSS,78,ACTUAL,33089000000.0,32731868000.0
v1.5,336260,두산퓨얼셀,MAIN,C,2.0,-2.0,2026-08-13 10:02:33,2026-08-13 10:13:38,40140.1,39300.0,-2.093,-0.1,-2.093,STOP_LOSS,82,ACTUAL,90106000000.0,90126431450.0
v1.5,336260,두산퓨얼셀,MAIN,E,3.0,-2.0,2026-08-13 10:02:33,2026-08-13 10:13:38,40140.1,39300.0,-2.093,-0.1,-2.093,STOP_LOSS,82,ACTUAL,90106000000.0,90126431450.0
v1.5,402340,SK스퀘어,MAIN,A,2.0,-1.0,2026-08-13 10:09:49,2026-08-13 10:26:43,1118117.0,1105000.0,-1.173,-0.01,-1.173,STOP_LOSS,89,ACTUAL,482978000000.0,485501292000.0
v1.5,126340,비나텍,MAIN,B,2.0,-1.5,2026-08-13 09:48:53,2026-08-13 10:39:59,80280.2,79000.0,-1.595,0.647,-1.595,STOP_LOSS,78,ACTUAL,33089000000.0,32731868000.0
v1.5,126340,비나텍,MAIN,D,2.5,-1.5,2026-08-13 09:48:53,2026-08-13 10:39:59,80280.2,79000.0,-1.595,0.647,-1.595,STOP_LOSS,78,ACTUAL,33089000000.0,32731868000.0
v1.5,126340,비나텍,MAIN,C,2.0,-2.0,2026-08-13 09:48:53,2026-08-13 10:48:33,80280.2,78500.0,-2.217,0.647,-2.217,STOP_LOSS,78,ACTUAL,33089000000.0,32731868000.0
v1.5,126340,비나텍,MAIN,E,3.0,-2.0,2026-08-13 09:48:53,2026-08-13 10:48:33,80280.2,78500.0,-2.217,0.647,-2.217,STOP_LOSS,78,ACTUAL,33089000000.0,32731868000.0
v1.5,017670,SK텔레콤,MAIN,A,2.0,-1.0,2026-08-13 10:40:28,2026-08-13 10:49:22,92492.4,94600.0,2.279,2.279,-0.1,TAKE_PROFIT,97,ACTUAL,98457000000.0,99746948600.0
v1.5,017670,SK텔레콤,MAIN,B,2.0,-1.5,2026-08-13 10:40:28,2026-08-13 10:49:22,92492.4,94600.0,2.279,2.279,-0.1,TAKE_PROFIT,97,ACTUAL,98457000000.0,99746948600.0
v1.5,017670,SK텔레콤,MAIN,C,2.0,-2.0,2026-08-13 10:40:28,2026-08-13 10:49:22,92492.4,94600.0,2.279,2.279,-0.1,TAKE_PROFIT,97,ACTUAL,98457000000.0,99746948600.0
v1.5,017670,SK텔레콤,MAIN,D,2.5,-1.5,2026-08-13 10:40:28,2026-08-13 10:50:49,92492.4,95000.0,2.711,2.711,-0.1,TAKE_PROFIT,97,ACTUAL,98457000000.0,99746948600.0
v1.5,017670,SK텔레콤,MAIN,E,3.0,-2.0,2026-08-13 10:40:28,2026-08-13 10:51:03,92492.4,95300.0,3.035,3.035,-0.1,TAKE_PROFIT,97,ACTUAL,98457000000.0,99746948600.0
v1.5,347850,디앤디파마텍,MAIN,A,2.0,-1.0,2026-08-13 10:52:13,2026-08-13 10:58:11,63663.6,62900.0,-1.199,-0.1,-1.199,STOP_LOSS,80,ACTUAL,41823000000.0,42607738800.0
v1.5,153890,져스텍,MAIN,A,2.0,-1.0,2026-08-13 10:55:56,2026-08-13 10:58:12,14184.17,14570.0,2.72,2.72,-0.1,TAKE_PROFIT,78,ACTUAL,35003000000.0,36382579200.0
v1.5,153890,져스텍,MAIN,B,2.0,-1.5,2026-08-13 10:55:56,2026-08-13 10:58:12,14184.17,14570.0,2.72,2.72,-0.1,TAKE_PROFIT,78,ACTUAL,35003000000.0,36382579200.0
v1.5,153890,져스텍,MAIN,C,2.0,-2.0,2026-08-13 10:55:56,2026-08-13 10:58:12,14184.17,14570.0,2.72,2.72,-0.1,TAKE_PROFIT,78,ACTUAL,35003000000.0,36382579200.0
v1.5,153890,져스텍,MAIN,D,2.5,-1.5,2026-08-13 10:55:56,2026-08-13 10:58:12,14184.17,14570.0,2.72,2.72,-0.1,TAKE_PROFIT,78,ACTUAL,35003000000.0,36382579200.0
v1.5,347850,디앤디파마텍,MAIN,B,2.0,-1.5,2026-08-13 10:52:13,2026-08-13 10:58:27,63663.6,62700.0,-1.514,-0.1,-1.514,STOP_LOSS,80,ACTUAL,41823000000.0,42607738800.0
v1.5,347850,디앤디파마텍,MAIN,D,2.5,-1.5,2026-08-13 10:52:13,2026-08-13 10:58:27,63663.6,62700.0,-1.514,-0.1,-1.514,STOP_LOSS,80,ACTUAL,41823000000.0,42607738800.0
v1.5,153890,져스텍,MAIN,E,3.0,-2.0,2026-08-13 10:55:56,2026-08-13 10:58:29,14184.17,14660.0,3.355,3.355,-0.1,TAKE_PROFIT,78,ACTUAL,35003000000.0,36382579200.0
v1.5,181710,NHN,MAIN,A,2.0,-1.0,2026-08-13 10:33:24,2026-08-13 11:10:58,64464.4,66000.0,2.382,2.382,-0.565,TAKE_PROFIT,82,ACTUAL,49099000000.0,50459525200.0
v1.5,181710,NHN,MAIN,B,2.0,-1.5,2026-08-13 10:33:24,2026-08-13 11:10:58,64464.4,66000.0,2.382,2.382,-0.565,TAKE_PROFIT,82,ACTUAL,49099000000.0,50459525200.0
v1.5,181710,NHN,MAIN,C,2.0,-2.0,2026-08-13 10:33:24,2026-08-13 11:10:58,64464.4,66000.0,2.382,2.382,-0.565,TAKE_PROFIT,82,ACTUAL,49099000000.0,50459525200.0
v1.5,181710,NHN,MAIN,D,2.5,-1.5,2026-08-13 10:33:24,2026-08-13 11:26:25,64464.4,66100.0,2.537,2.537,-0.565,TAKE_PROFIT,82,ACTUAL,49099000000.0,50459525200.0
v1.5,181710,NHN,MAIN,E,3.0,-2.0,2026-08-13 10:33:24,2026-08-13 11:29:55,64464.4,66400.0,3.003,3.003,-0.565,TAKE_PROFIT,82,ACTUAL,49099000000.0,50459525200.0
v1.5,036930,주성엔지니어링,MAIN,A,2.0,-1.0,2026-08-13 11:18:37,2026-08-13 11:30:34,184083.9,182100.0,-1.078,0.009,-1.078,STOP_LOSS,93,ACTUAL,194563000000.0,200307078000.0
v1.5,240810,원익IPS,MAIN,A,2.0,-1.0,2026-08-13 10:02:37,2026-08-13 11:30:46,117517.4,116200.0,-1.121,1.177,-1.121,STOP_LOSS,75,ACTUAL,63524000000.0,63650640600.0
v1.5,080220,제주반도체,MAIN,A,2.0,-1.0,2026-08-13 11:18:42,2026-08-13 11:32:18,91391.3,90400.0,-1.085,-0.1,-1.085,STOP_LOSS,87,ACTUAL,106196000000.0,108263757000.0
v1.5,108490,로보티즈,MAIN,A,2.0,-1.0,2026-08-13 11:12:24,2026-08-13 11:32:34,266015.75,263000.0,-1.134,-0.006,-1.134,STOP_LOSS,76,ACTUAL,84177000000.0,86560124000.0
v1.5,240810,원익IPS,MAIN,B,2.0,-1.5,2026-08-13 10:02:37,2026-08-13 11:34:49,117517.4,115600.0,-1.632,1.177,-1.632,STOP_LOSS,75,ACTUAL,63524000000.0,63650640600.0
v1.5,240810,원익IPS,MAIN,D,2.5,-1.5,2026-08-13 10:02:37,2026-08-13 11:34:49,117517.4,115600.0,-1.632,1.177,-1.632,STOP_LOSS,75,ACTUAL,63524000000.0,63650640600.0
v1.5,347850,디앤디파마텍,MAIN,C,2.0,-2.0,2026-08-13 10:52:13,2026-08-13 12:15:12,63663.6,62300.0,-2.142,-0.1,-2.142,STOP_LOSS,80,ACTUAL,41823000000.0,42607738800.0
v1.5,347850,디앤디파마텍,MAIN,E,3.0,-2.0,2026-08-13 10:52:13,2026-08-13 12:15:12,63663.6,62300.0,-2.142,-0.1,-2.142,STOP_LOSS,80,ACTUAL,41823000000.0,42607738800.0
v1.5,035420,NAVER,MAIN,A,2.0,-1.0,2026-08-13 10:55:52,2026-08-13 12:41:38,227227.0,224500.0,-1.2,0.34,-1.2,STOP_LOSS,79,ACTUAL,376686000000.0,387777845000.0
v1.5,080220,제주반도체,MAIN,B,2.0,-1.5,2026-08-13 11:18:42,2026-08-13 12:51:09,91391.3,90000.0,-1.522,0.557,-1.522,STOP_LOSS,87,ACTUAL,106196000000.0,108263757000.0
v1.5,080220,제주반도체,MAIN,D,2.5,-1.5,2026-08-13 11:18:42,2026-08-13 12:51:09,91391.3,90000.0,-1.522,0.557,-1.522,STOP_LOSS,87,ACTUAL,106196000000.0,108263757000.0
v1.5,402340,SK스퀘어,MAIN,B,2.0,-1.5,2026-08-13 10:09:49,2026-08-13 12:53:08,1118117.0,1140500.0,2.002,2.002,-1.352,TAKE_PROFIT,89,ACTUAL,482978000000.0,485501292000.0
v1.5,402340,SK스퀘어,MAIN,C,2.0,-2.0,2026-08-13 10:09:49,2026-08-13 12:53:08,1118117.0,1140500.0,2.002,2.002,-1.352,TAKE_PROFIT,89,ACTUAL,482978000000.0,485501292000.0
v1.5,108490,로보티즈,MAIN,B,2.0,-1.5,2026-08-13 11:12:24,2026-08-13 12:55:03,266015.75,262000.0,-1.51,-0.006,-1.51,STOP_LOSS,76,ACTUAL,84177000000.0,86560124000.0
v1.5,108490,로보티즈,MAIN,D,2.5,-1.5,2026-08-13 11:12:24,2026-08-13 12:55:03,266015.75,262000.0,-1.51,-0.006,-1.51,STOP_LOSS,76,ACTUAL,84177000000.0,86560124000.0
v1.5,036930,주성엔지니어링,MAIN,B,2.0,-1.5,2026-08-13 11:18:37,2026-08-13 13:05:57,184083.9,181300.0,-1.512,0.009,-1.512,STOP_LOSS,93,ACTUAL,194563000000.0,200307078000.0
v1.5,036930,주성엔지니어링,MAIN,D,2.5,-1.5,2026-08-13 11:18:37,2026-08-13 13:05:57,184083.9,181300.0,-1.512,0.009,-1.512,STOP_LOSS,93,ACTUAL,194563000000.0,200307078000.0
v1.5,402340,SK스퀘어,MAIN,D,2.5,-1.5,2026-08-13 10:09:49,2026-08-13 13:09:31,1118117.0,1147000.0,2.583,2.583,-1.352,TAKE_PROFIT,89,ACTUAL,482978000000.0,485501292000.0
v1.5,126730,코칩,MAIN,A,2.0,-1.0,2026-08-13 13:10:13,2026-08-13 13:12:06,22622.6,22350.0,-1.205,0.342,-1.205,STOP_LOSS,82,ACTUAL,59477000000.0,61440480000.0
v1.5,036930,주성엔지니어링,MAIN,C,2.0,-2.0,2026-08-13 11:18:37,2026-08-13 13:13:44,184083.9,180400.0,-2.001,0.009,-2.001,STOP_LOSS,93,ACTUAL,194563000000.0,200307078000.0
v1.5,036930,주성엔지니어링,MAIN,E,3.0,-2.0,2026-08-13 11:18:37,2026-08-13 13:13:44,184083.9,180400.0,-2.001,0.009,-2.001,STOP_LOSS,93,ACTUAL,194563000000.0,200307078000.0
v1.5,126730,코칩,MAIN,B,2.0,-1.5,2026-08-13 13:10:13,2026-08-13 13:14:02,22622.6,22200.0,-1.868,0.342,-1.868,STOP_LOSS,82,ACTUAL,59477000000.0,61440480000.0
v1.5,126730,코칩,MAIN,D,2.5,-1.5,2026-08-13 13:10:13,2026-08-13 13:14:02,22622.6,22200.0,-1.868,0.342,-1.868,STOP_LOSS,82,ACTUAL,59477000000.0,61440480000.0
v1.5,126730,코칩,MAIN,C,2.0,-2.0,2026-08-13 13:10:13,2026-08-13 13:15:21,22622.6,22150.0,-2.089,0.342,-2.089,STOP_LOSS,82,ACTUAL,59477000000.0,61440480000.0
v1.5,126730,코칩,MAIN,E,3.0,-2.0,2026-08-13 13:10:13,2026-08-13 13:15:21,22622.6,22150.0,-2.089,0.342,-2.089,STOP_LOSS,82,ACTUAL,59477000000.0,61440480000.0
v1.5,080220,제주반도체,MAIN,C,2.0,-2.0,2026-08-13 11:18:42,2026-08-13 13:18:30,91391.3,89500.0,-2.069,0.557,-2.069,STOP_LOSS,87,ACTUAL,106196000000.0,108263757000.0
v1.5,080220,제주반도체,MAIN,E,3.0,-2.0,2026-08-13 11:18:42,2026-08-13 13:18:30,91391.3,89500.0,-2.069,0.557,-2.069,STOP_LOSS,87,ACTUAL,106196000000.0,108263757000.0
v1.5,082740,한화엔진,MAIN,A,2.0,-1.0,2026-08-13 12:37:05,2026-08-13 13:25:07,48448.4,47950.0,-1.029,0.107,-1.029,STOP_LOSS,75,ACTUAL,58586000000.0,58964468900.0
v1.5,093370,후성,MAIN,A,2.0,-1.0,2026-08-13 13:28:00,2026-08-13 13:30:17,12332.32,12200.0,-1.073,-0.1,-1.073,STOP_LOSS,78,ESTIMATED,,53010921300.0
v1.5,093370,후성,MAIN,B,2.0,-1.5,2026-08-13 13:28:00,2026-08-13 13:43:00,12332.32,12130.0,-1.641,0.224,-1.641,STOP_LOSS,78,ESTIMATED,,53010921300.0
v1.5,093370,후성,MAIN,D,2.5,-1.5,2026-08-13 13:28:00,2026-08-13 13:43:00,12332.32,12130.0,-1.641,0.224,-1.641,STOP_LOSS,78,ESTIMATED,,53010921300.0
v1.5,388050,지투파워,MAIN,A,2.0,-1.0,2026-08-13 14:00:14,2026-08-13 14:00:21,9559.55,9430.0,-1.355,-0.1,-1.355,STOP_LOSS,75,ACTUAL,38849000000.0,40811518320.0
v1.5,388050,지투파워,MAIN,B,2.0,-1.5,2026-08-13 14:00:14,2026-08-13 14:01:50,9559.55,9410.0,-1.564,-0.1,-1.564,STOP_LOSS,75,ACTUAL,38849000000.0,40811518320.0
v1.5,388050,지투파워,MAIN,D,2.5,-1.5,2026-08-13 14:00:14,2026-08-13 14:01:50,9559.55,9410.0,-1.564,-0.1,-1.564,STOP_LOSS,75,ACTUAL,38849000000.0,40811518320.0
v1.5,388050,지투파워,MAIN,C,2.0,-2.0,2026-08-13 14:00:14,2026-08-13 14:02:25,9559.55,9320.0,-2.506,-0.1,-2.506,STOP_LOSS,75,ACTUAL,38849000000.0,40811518320.0
v1.5,388050,지투파워,MAIN,E,3.0,-2.0,2026-08-13 14:00:14,2026-08-13 14:02:25,9559.55,9320.0,-2.506,-0.1,-2.506,STOP_LOSS,75,ACTUAL,38849000000.0,40811518320.0
v1.5,090460,비에이치,MAIN,A,2.0,-1.0,2026-08-13 13:46:44,2026-08-13 14:18:29,19709.69,19510.0,-1.013,1.067,-1.013,STOP_LOSS,82,ACTUAL,72295000000.0,75864610080.0
v1.5,078930,GS,MAIN,A,2.0,-1.0,2026-08-13 13:33:58,2026-08-13 14:18:45,109909.8,108800.0,-1.01,0.355,-1.01,STOP_LOSS,86,ACTUAL,81310000000.0,82009515200.0
v1.5,093370,후성,MAIN,C,2.0,-2.0,2026-08-13 13:28:00,2026-08-13 14:19:17,12332.32,12070.0,-2.127,0.224,-2.127,STOP_LOSS,78,ESTIMATED,,53010921300.0
v1.5,093370,후성,MAIN,E,3.0,-2.0,2026-08-13 13:28:00,2026-08-13 14:19:17,12332.32,12070.0,-2.127,0.224,-2.127,STOP_LOSS,78,ESTIMATED,,53010921300.0
v1.5,090460,비에이치,MAIN,B,2.0,-1.5,2026-08-13 13:46:44,2026-08-13 14:23:33,19709.69,19390.0,-1.622,1.067,-1.622,STOP_LOSS,82,ACTUAL,72295000000.0,75864610080.0
v1.5,090460,비에이치,MAIN,D,2.5,-1.5,2026-08-13 13:46:44,2026-08-13 14:23:33,19709.69,19390.0,-1.622,1.067,-1.622,STOP_LOSS,82,ACTUAL,72295000000.0,75864610080.0
v1.5,090460,비에이치,MAIN,C,2.0,-2.0,2026-08-13 13:46:44,2026-08-13 14:32:15,19709.69,19310.0,-2.028,1.067,-2.028,STOP_LOSS,82,ACTUAL,72295000000.0,75864610080.0
v1.5,090460,비에이치,MAIN,E,3.0,-2.0,2026-08-13 13:46:44,2026-08-13 14:32:15,19709.69,19310.0,-2.028,1.067,-2.028,STOP_LOSS,82,ACTUAL,72295000000.0,75864610080.0
v1.5,000990,DB하이텍,MAIN,C,2.0,-2.0,2026-08-13 09:21:45,2026-08-13 14:34:08,102001.9,99800.0,-2.159,1.91,-2.159,STOP_LOSS,77,ACTUAL,33662000000.0,33989967800.0
v1.5,000990,DB하이텍,MAIN,E,3.0,-2.0,2026-08-13 09:21:45,2026-08-13 14:34:08,102001.9,99800.0,-2.159,1.91,-2.159,STOP_LOSS,77,ACTUAL,33662000000.0,33989967800.0
v1.5,078930,GS,MAIN,B,2.0,-1.5,2026-08-13 13:33:58,2026-08-13 14:41:43,109909.8,108200.0,-1.556,0.355,-1.556,STOP_LOSS,86,ACTUAL,81310000000.0,82009515200.0
v1.5,078930,GS,MAIN,D,2.5,-1.5,2026-08-13 13:33:58,2026-08-13 14:41:43,109909.8,108200.0,-1.556,0.355,-1.556,STOP_LOSS,86,ACTUAL,81310000000.0,82009515200.0
v1.5,402340,SK스퀘어,MAIN,E,3.0,-2.0,2026-08-13 10:09:49,2026-08-13 14:41:55,1118117.0,1095000.0,-2.067,2.717,-2.067,STOP_LOSS,89,ACTUAL,482978000000.0,485501292000.0
v1.5,108490,로보티즈,MAIN,C,2.0,-2.0,2026-08-13 11:12:24,2026-08-13 14:41:56,266015.75,260500.0,-2.073,-0.006,-2.073,STOP_LOSS,76,ACTUAL,84177000000.0,86560124000.0
v1.5,108490,로보티즈,MAIN,E,3.0,-2.0,2026-08-13 11:12:24,2026-08-13 14:41:56,266015.75,260500.0,-2.073,-0.006,-2.073,STOP_LOSS,76,ACTUAL,84177000000.0,86560124000.0
v1.5,078930,GS,MAIN,C,2.0,-2.0,2026-08-13 13:33:58,2026-08-13 14:46:55,109909.8,107700.0,-2.011,0.355,-2.011,STOP_LOSS,86,ACTUAL,81310000000.0,82009515200.0
v1.5,078930,GS,MAIN,E,3.0,-2.0,2026-08-13 13:33:58,2026-08-13 14:46:55,109909.8,107700.0,-2.011,0.355,-2.011,STOP_LOSS,86,ACTUAL,81310000000.0,82009515200.0
v1.5,240810,원익IPS,MAIN,C,2.0,-2.0,2026-08-13 10:02:37,2026-08-13 15:32:28,117517.4,120000.0,2.113,2.113,-1.632,TAKE_PROFIT,75,ACTUAL,63524000000.0,63650640600.0
v1.5,042660,한화오션,MAIN,A,2.0,-1.0,2026-08-14 09:04:51,2026-08-14 09:06:06,96596.5,95500.0,-1.135,-0.1,-1.135,STOP_LOSS,85,ACTUAL,178422000000.0,179005280500.0
v1.5,066570,LG전자,MAIN,A,2.0,-1.0,2026-08-14 09:03:34,2026-08-14 09:06:18,222222.0,218500.0,-1.675,1.025,-1.675,STOP_LOSS,93,ACTUAL,162969000000.0,168020700000.0
v1.5,066570,LG전자,MAIN,B,2.0,-1.5,2026-08-14 09:03:34,2026-08-14 09:06:18,222222.0,218500.0,-1.675,1.025,-1.675,STOP_LOSS,93,ACTUAL,162969000000.0,168020700000.0
v1.5,066570,LG전자,MAIN,D,2.5,-1.5,2026-08-14 09:03:34,2026-08-14 09:06:18,222222.0,218500.0,-1.675,1.025,-1.675,STOP_LOSS,93,ACTUAL,162969000000.0,168020700000.0
v1.5,073240,금호타이어,MAIN,A,2.0,-1.0,2026-08-14 09:04:47,2026-08-14 09:08:58,8698.69,8590.0,-1.249,0.82,-1.249,STOP_LOSS,93,ACTUAL,87538000000.0,90258181440.0
v1.5,073240,금호타이어,MAIN,B,2.0,-1.5,2026-08-14 09:04:47,2026-08-14 09:09:30,8698.69,8560.0,-1.594,0.82,-1.594,STOP_LOSS,93,ACTUAL,87538000000.0,90258181440.0
v1.5,073240,금호타이어,MAIN,D,2.5,-1.5,2026-08-14 09:04:47,2026-08-14 09:09:30,8698.69,8560.0,-1.594,0.82,-1.594,STOP_LOSS,93,ACTUAL,87538000000.0,90258181440.0
v1.5,066570,LG전자,MAIN,C,2.0,-2.0,2026-08-14 09:03:34,2026-08-14 09:09:53,222222.0,217000.0,-2.35,1.025,-2.35,STOP_LOSS,93,ACTUAL,162969000000.0,168020700000.0
v1.5,066570,LG전자,MAIN,E,3.0,-2.0,2026-08-14 09:03:34,2026-08-14 09:09:53,222222.0,217000.0,-2.35,1.025,-2.35,STOP_LOSS,93,ACTUAL,162969000000.0,168020700000.0
v1.5,001210,금호전기,MAIN,A,2.0,-1.0,2026-08-14 09:08:35,2026-08-14 09:09:55,7957.95,7770.0,-2.362,1.031,-2.362,STOP_LOSS,78,ACTUAL,31262000000.0,31540527900.0
v1.5,001210,금호전기,MAIN,B,2.0,-1.5,2026-08-14 09:08:35,2026-08-14 09:09:55,7957.95,7770.0,-2.362,1.031,-2.362,STOP_LOSS,78,ACTUAL,31262000000.0,31540527900.0
v1.5,001210,금호전기,MAIN,C,2.0,-2.0,2026-08-14 09:08:35,2026-08-14 09:09:55,7957.95,7770.0,-2.362,1.031,-2.362,STOP_LOSS,78,ACTUAL,31262000000.0,31540527900.0
v1.5,001210,금호전기,MAIN,D,2.5,-1.5,2026-08-14 09:08:35,2026-08-14 09:09:55,7957.95,7770.0,-2.362,1.031,-2.362,STOP_LOSS,78,ACTUAL,31262000000.0,31540527900.0
v1.5,001210,금호전기,MAIN,E,3.0,-2.0,2026-08-14 09:08:35,2026-08-14 09:09:55,7957.95,7770.0,-2.362,1.031,-2.362,STOP_LOSS,78,ACTUAL,31262000000.0,31540527900.0
v1.5,073240,금호타이어,MAIN,C,2.0,-2.0,2026-08-14 09:04:47,2026-08-14 09:10:34,8698.69,8510.0,-2.169,0.82,-2.169,STOP_LOSS,93,ACTUAL,87538000000.0,90258181440.0
v1.5,073240,금호타이어,MAIN,E,3.0,-2.0,2026-08-14 09:04:47,2026-08-14 09:10:34,8698.69,8510.0,-2.169,0.82,-2.169,STOP_LOSS,93,ACTUAL,87538000000.0,90258181440.0
v1.5,257720,실리콘투,MAIN,A,2.0,-1.0,2026-08-14 09:07:20,2026-08-14 09:11:23,43093.05,44100.0,2.337,2.337,-0.332,TAKE_PROFIT,82,ACTUAL,44564000000.0,45510324400.0
v1.5,257720,실리콘투,MAIN,B,2.0,-1.5,2026-08-14 09:07:20,2026-08-14 09:11:23,43093.05,44100.0,2.337,2.337,-0.332,TAKE_PROFIT,82,ACTUAL,44564000000.0,45510324400.0
v1.5,257720,실리콘투,MAIN,C,2.0,-2.0,2026-08-14 09:07:20,2026-08-14 09:11:23,43093.05,44100.0,2.337,2.337,-0.332,TAKE_PROFIT,82,ACTUAL,44564000000.0,45510324400.0
v1.5,440110,파두,MAIN,A,2.0,-1.0,2026-08-14 09:11:02,2026-08-14 09:14:03,70070.0,69200.0,-1.242,0.043,-1.242,STOP_LOSS,83,ACTUAL,33181000000.0,33800231200.0
v1.5,319400,현대무벡스,MAIN,A,2.0,-1.0,2026-08-14 09:12:26,2026-08-14 09:15:16,29154.12,29850.0,2.387,2.387,-0.1,TAKE_PROFIT,79,ACTUAL,43085000000.0,44428564400.0
v1.5,319400,현대무벡스,MAIN,B,2.0,-1.5,2026-08-14 09:12:26,2026-08-14 09:15:16,29154.12,29850.0,2.387,2.387,-0.1,TAKE_PROFIT,79,ACTUAL,43085000000.0,44428564400.0
v1.5,319400,현대무벡스,MAIN,C,2.0,-2.0,2026-08-14 09:12:26,2026-08-14 09:15:16,29154.12,29850.0,2.387,2.387,-0.1,TAKE_PROFIT,79,ACTUAL,43085000000.0,44428564400.0
v1.5,257720,실리콘투,MAIN,D,2.5,-1.5,2026-08-14 09:07:20,2026-08-14 09:16:18,43093.05,44200.0,2.569,2.569,-0.332,TAKE_PROFIT,82,ACTUAL,44564000000.0,45510324400.0
v1.5,440110,파두,MAIN,B,2.0,-1.5,2026-08-14 09:11:02,2026-08-14 09:16:19,70070.0,69000.0,-1.527,0.043,-1.527,STOP_LOSS,83,ACTUAL,33181000000.0,33800231200.0
v1.5,440110,파두,MAIN,D,2.5,-1.5,2026-08-14 09:11:02,2026-08-14 09:16:19,70070.0,69000.0,-1.527,0.043,-1.527,STOP_LOSS,83,ACTUAL,33181000000.0,33800231200.0
v1.5,440110,파두,MAIN,C,2.0,-2.0,2026-08-14 09:11:02,2026-08-14 09:16:38,70070.0,68600.0,-2.098,0.043,-2.098,STOP_LOSS,83,ACTUAL,33181000000.0,33800231200.0
v1.5,440110,파두,MAIN,E,3.0,-2.0,2026-08-14 09:11:02,2026-08-14 09:16:38,70070.0,68600.0,-2.098,0.043,-2.098,STOP_LOSS,83,ACTUAL,33181000000.0,33800231200.0
v1.5,058610,에스피지,MAIN,A,2.0,-1.0,2026-08-14 09:08:39,2026-08-14 09:17:21,118218.1,120800.0,2.184,2.184,-0.523,TAKE_PROFIT,75,ACTUAL,63820000000.0,65114288000.0
v1.5,058610,에스피지,MAIN,B,2.0,-1.5,2026-08-14 09:08:39,2026-08-14 09:17:21,118218.1,120800.0,2.184,2.184,-0.523,TAKE_PROFIT,75,ACTUAL,63820000000.0,65114288000.0
v1.5,058610,에스피지,MAIN,C,2.0,-2.0,2026-08-14 09:08:39,2026-08-14 09:17:22,118218.1,120800.0,2.184,2.184,-0.523,TAKE_PROFIT,75,ACTUAL,63820000000.0,65114288000.0
v1.5,319400,현대무벡스,MAIN,D,2.5,-1.5,2026-08-14 09:12:26,2026-08-14 09:17:25,29154.12,29950.0,2.73,2.73,-0.1,TAKE_PROFIT,79,ACTUAL,43085000000.0,44428564400.0
v1.5,439960,코스모로보틱스,MAIN,A,2.0,-1.0,2026-08-14 09:17:54,2026-08-14 09:18:05,18258.24,18040.0,-1.195,-0.1,-1.195,STOP_LOSS,82,ACTUAL,33713000000.0,34579471680.0
v1.5,439960,코스모로보틱스,MAIN,B,2.0,-1.5,2026-08-14 09:17:54,2026-08-14 09:18:25,18258.24,17870.0,-2.126,-0.1,-2.126,STOP_LOSS,82,ACTUAL,33713000000.0,34579471680.0
v1.5,439960,코스모로보틱스,MAIN,C,2.0,-2.0,2026-08-14 09:17:54,2026-08-14 09:18:25,18258.24,17870.0,-2.126,-0.1,-2.126,STOP_LOSS,82,ACTUAL,33713000000.0,34579471680.0
v1.5,439960,코스모로보틱스,MAIN,D,2.5,-1.5,2026-08-14 09:17:54,2026-08-14 09:18:25,18258.24,17870.0,-2.126,-0.1,-2.126,STOP_LOSS,82,ACTUAL,33713000000.0,34579471680.0
v1.5,439960,코스모로보틱스,MAIN,E,3.0,-2.0,2026-08-14 09:17:54,2026-08-14 09:18:25,18258.24,17870.0,-2.126,-0.1,-2.126,STOP_LOSS,82,ACTUAL,33713000000.0,34579471680.0
v1.5,017670,SK텔레콤,MAIN,A,2.0,-1.0,2026-08-14 09:11:06,2026-08-14 09:18:42,95995.9,98300.0,2.4,2.4,-0.1,TAKE_PROFIT,78,ACTUAL,66887000000.0,68217026500.0
v1.5,017670,SK텔레콤,MAIN,B,2.0,-1.5,2026-08-14 09:11:06,2026-08-14 09:18:42,95995.9,98300.0,2.4,2.4,-0.1,TAKE_PROFIT,78,ACTUAL,66887000000.0,68217026500.0
v1.5,017670,SK텔레콤,MAIN,C,2.0,-2.0,2026-08-14 09:11:06,2026-08-14 09:18:42,95995.9,98300.0,2.4,2.4,-0.1,TAKE_PROFIT,78,ACTUAL,66887000000.0,68217026500.0
v1.5,017670,SK텔레콤,MAIN,D,2.5,-1.5,2026-08-14 09:11:06,2026-08-14 09:19:00,95995.9,98400.0,2.504,2.504,-0.1,TAKE_PROFIT,78,ACTUAL,66887000000.0,68217026500.0
v1.5,000660,SK하이닉스,MAIN,A,2.0,-1.0,2026-08-14 09:02:22,2026-08-14 09:19:26,1691690.0,1672000.0,-1.164,0.196,-1.164,STOP_LOSS,91,ACTUAL,2062932000000.0,2066338667000.0
v1.5,257720,실리콘투,MAIN,E,3.0,-2.0,2026-08-14 09:07:20,2026-08-14 09:23:48,43093.05,44400.0,3.033,3.033,-0.332,TAKE_PROFIT,82,ACTUAL,44564000000.0,45510324400.0
v1.5,487400,케이앤에스아이앤씨,MAIN,A,2.0,-1.0,2026-08-14 09:21:00,2026-08-14 09:25:04,17307.29,17900.0,3.425,3.425,-0.735,TAKE_PROFIT,82,ACTUAL,35806000000.0,37891813050.0
v1.5,487400,케이앤에스아이앤씨,MAIN,B,2.0,-1.5,2026-08-14 09:21:00,2026-08-14 09:25:04,17307.29,17900.0,3.425,3.425,-0.735,TAKE_PROFIT,82,ACTUAL,35806000000.0,37891813050.0
v1.5,487400,케이앤에스아이앤씨,MAIN,C,2.0,-2.0,2026-08-14 09:21:00,2026-08-14 09:25:04,17307.29,17900.0,3.425,3.425,-0.735,TAKE_PROFIT,82,ACTUAL,35806000000.0,37891813050.0
v1.5,487400,케이앤에스아이앤씨,MAIN,D,2.5,-1.5,2026-08-14 09:21:00,2026-08-14 09:25:04,17307.29,17900.0,3.425,3.425,-0.735,TAKE_PROFIT,82,ACTUAL,35806000000.0,37891813050.0
v1.5,487400,케이앤에스아이앤씨,MAIN,E,3.0,-2.0,2026-08-14 09:21:00,2026-08-14 09:25:04,17307.29,17900.0,3.425,3.425,-0.735,TAKE_PROFIT,82,ACTUAL,35806000000.0,37891813050.0
v1.5,319400,현대무벡스,MAIN,E,3.0,-2.0,2026-08-14 09:12:26,2026-08-14 09:25:18,29154.12,28550.0,-2.072,2.73,-2.072,STOP_LOSS,79,ACTUAL,43085000000.0,44428564400.0
v1.5,017670,SK텔레콤,MAIN,E,3.0,-2.0,2026-08-14 09:11:06,2026-08-14 09:35:14,95995.9,98900.0,3.025,3.025,-0.1,TAKE_PROFIT,78,ACTUAL,66887000000.0,68217026500.0
v1.5,058610,에스피지,MAIN,D,2.5,-1.5,2026-08-14 09:08:39,2026-08-14 09:36:41,118218.1,121200.0,2.522,2.522,-1.2,TAKE_PROFIT,75,ACTUAL,63820000000.0,65114288000.0
v1.5,005380,현대차,MAIN,A,2.0,-1.0,2026-08-14 09:06:03,2026-08-14 09:37:37,441441.0,451000.0,2.165,2.165,-0.666,TAKE_PROFIT,85,ACTUAL,147867000000.0,150820815000.0
v1.5,005380,현대차,MAIN,B,2.0,-1.5,2026-08-14 09:06:03,2026-08-14 09:37:37,441441.0,451000.0,2.165,2.165,-0.666,TAKE_PROFIT,85,ACTUAL,147867000000.0,150820815000.0
v1.5,005380,현대차,MAIN,C,2.0,-2.0,2026-08-14 09:06:03,2026-08-14 09:37:37,441441.0,451000.0,2.165,2.165,-0.666,TAKE_PROFIT,85,ACTUAL,147867000000.0,150820815000.0
v1.5,058610,에스피지,MAIN,E,3.0,-2.0,2026-08-14 09:08:39,2026-08-14 09:38:20,118218.1,122100.0,3.284,3.284,-1.2,TAKE_PROFIT,75,ACTUAL,63820000000.0,65114288000.0
v1.5,466100,클로봇,MAIN,A,2.0,-1.0,2026-08-14 09:37:20,2026-08-14 09:40:00,32882.85,33600.0,2.181,2.181,-0.556,TAKE_PROFIT,78,ACTUAL,53813000000.0,56882612800.0
v1.5,466100,클로봇,MAIN,B,2.0,-1.5,2026-08-14 09:37:20,2026-08-14 09:40:00,32882.85,33600.0,2.181,2.181,-0.556,TAKE_PROFIT,78,ACTUAL,53813000000.0,56882612800.0
v1.5,466100,클로봇,MAIN,C,2.0,-2.0,2026-08-14 09:37:20,2026-08-14 09:40:00,32882.85,33600.0,2.181,2.181,-0.556,TAKE_PROFIT,78,ACTUAL,53813000000.0,56882612800.0
v1.5,466100,클로봇,MAIN,D,2.5,-1.5,2026-08-14 09:37:20,2026-08-14 09:40:58,32882.85,33800.0,2.789,2.789,-0.556,TAKE_PROFIT,78,ACTUAL,53813000000.0,56882612800.0
v1.5,466100,클로봇,MAIN,E,3.0,-2.0,2026-08-14 09:37:20,2026-08-14 09:41:14,32882.85,34050.0,3.549,3.549,-0.556,TAKE_PROFIT,78,ACTUAL,53813000000.0,56882612800.0
v1.5,042660,한화오션,MAIN,B,2.0,-1.5,2026-08-14 09:04:51,2026-08-14 09:43:07,96596.5,95000.0,-1.653,0.935,-1.653,STOP_LOSS,85,ACTUAL,178422000000.0,179005280500.0
v1.5,042660,한화오션,MAIN,D,2.5,-1.5,2026-08-14 09:04:51,2026-08-14 09:43:07,96596.5,95000.0,-1.653,0.935,-1.653,STOP_LOSS,85,ACTUAL,178422000000.0,179005280500.0
v1.5,090360,로보스타,MAIN,A,2.0,-1.0,2026-08-14 09:29:54,2026-08-14 09:43:54,90890.8,89900.0,-1.09,0.45,-1.09,STOP_LOSS,76,ACTUAL,32921000000.0,33376298400.0
v1.5,108490,로보티즈,MAIN,A,2.0,-1.0,2026-08-14 09:37:14,2026-08-14 09:44:25,286786.5,283000.0,-1.32,0.772,-1.32,STOP_LOSS,82,ACTUAL,93393000000.0,97135038000.0
v1.5,090360,로보스타,MAIN,B,2.0,-1.5,2026-08-14 09:29:54,2026-08-14 09:44:54,90890.8,89400.0,-1.64,0.45,-1.64,STOP_LOSS,76,ACTUAL,32921000000.0,33376298400.0
v1.5,090360,로보스타,MAIN,D,2.5,-1.5,2026-08-14 09:29:54,2026-08-14 09:44:54,90890.8,89400.0,-1.64,0.45,-1.64,STOP_LOSS,76,ACTUAL,32921000000.0,33376298400.0
v1.5,125490,한라캐스트,MAIN,A,2.0,-1.0,2026-08-14 09:42:25,2026-08-14 09:44:56,12312.3,12150.0,-1.318,0.631,-1.318,STOP_LOSS,89,ACTUAL,42155000000.0,44333701800.0
v1.5,125490,한라캐스트,MAIN,B,2.0,-1.5,2026-08-14 09:42:25,2026-08-14 09:45:09,12312.3,12120.0,-1.562,0.631,-1.562,STOP_LOSS,89,ACTUAL,42155000000.0,44333701800.0
v1.5,125490,한라캐스트,MAIN,D,2.5,-1.5,2026-08-14 09:42:25,2026-08-14 09:45:09,12312.3,12120.0,-1.562,0.631,-1.562,STOP_LOSS,89,ACTUAL,42155000000.0,44333701800.0
v1.5,108490,로보티즈,MAIN,B,2.0,-1.5,2026-08-14 09:37:14,2026-08-14 09:45:22,286786.5,281000.0,-2.018,0.772,-2.018,STOP_LOSS,82,ACTUAL,93393000000.0,97135038000.0
v1.5,108490,로보티즈,MAIN,C,2.0,-2.0,2026-08-14 09:37:14,2026-08-14 09:45:22,286786.5,281000.0,-2.018,0.772,-2.018,STOP_LOSS,82,ACTUAL,93393000000.0,97135038000.0
v1.5,108490,로보티즈,MAIN,D,2.5,-1.5,2026-08-14 09:37:14,2026-08-14 09:45:22,286786.5,281000.0,-2.018,0.772,-2.018,STOP_LOSS,82,ACTUAL,93393000000.0,97135038000.0
v1.5,108490,로보티즈,MAIN,E,3.0,-2.0,2026-08-14 09:37:14,2026-08-14 09:45:22,286786.5,281000.0,-2.018,0.772,-2.018,STOP_LOSS,82,ACTUAL,93393000000.0,97135038000.0
v1.5,125490,한라캐스트,MAIN,C,2.0,-2.0,2026-08-14 09:42:25,2026-08-14 09:45:22,12312.3,12060.0,-2.049,0.631,-2.049,STOP_LOSS,89,ACTUAL,42155000000.0,44333701800.0
v1.5,125490,한라캐스트,MAIN,E,3.0,-2.0,2026-08-14 09:42:25,2026-08-14 09:45:22,12312.3,12060.0,-2.049,0.631,-2.049,STOP_LOSS,89,ACTUAL,42155000000.0,44333701800.0
v1.5,090360,로보스타,MAIN,C,2.0,-2.0,2026-08-14 09:29:54,2026-08-14 09:45:34,90890.8,88900.0,-2.19,0.45,-2.19,STOP_LOSS,76,ACTUAL,32921000000.0,33376298400.0
v1.5,090360,로보스타,MAIN,E,3.0,-2.0,2026-08-14 09:29:54,2026-08-14 09:45:34,90890.8,88900.0,-2.19,0.45,-2.19,STOP_LOSS,76,ACTUAL,32921000000.0,33376298400.0
v1.5,042660,한화오션,MAIN,C,2.0,-2.0,2026-08-14 09:04:51,2026-08-14 09:49:15,96596.5,94600.0,-2.067,0.935,-2.067,STOP_LOSS,85,ACTUAL,178422000000.0,179005280500.0
v1.5,042660,한화오션,MAIN,E,3.0,-2.0,2026-08-14 09:04:51,2026-08-14 09:49:15,96596.5,94600.0,-2.067,0.935,-2.067,STOP_LOSS,85,ACTUAL,178422000000.0,179005280500.0
v1.5,000660,SK하이닉스,MAIN,B,2.0,-1.5,2026-08-14 09:02:22,2026-08-14 09:53:47,1691690.0,1666000.0,-1.519,0.196,-1.519,STOP_LOSS,91,ACTUAL,2062932000000.0,2066338667000.0
v1.5,000660,SK하이닉스,MAIN,D,2.5,-1.5,2026-08-14 09:02:22,2026-08-14 09:53:47,1691690.0,1666000.0,-1.519,0.196,-1.519,STOP_LOSS,91,ACTUAL,2062932000000.0,2066338667000.0
v1.5,096770,SK이노베이션,MAIN,A,2.0,-1.0,2026-08-14 09:52:08,2026-08-14 09:54:25,128328.2,126800.0,-1.191,-0.022,-1.191,STOP_LOSS,90,ACTUAL,59326000000.0,60536937400.0
v1.5,000660,SK하이닉스,MAIN,C,2.0,-2.0,2026-08-14 09:02:22,2026-08-14 10:01:17,1691690.0,1655000.0,-2.169,0.196,-2.169,STOP_LOSS,91,ACTUAL,2062932000000.0,2066338667000.0
v1.5,000660,SK하이닉스,MAIN,E,3.0,-2.0,2026-08-14 09:02:22,2026-08-14 10:01:17,1691690.0,1655000.0,-2.169,0.196,-2.169,STOP_LOSS,91,ACTUAL,2062932000000.0,2066338667000.0
v1.5,388050,지투파워,MAIN,A,2.0,-1.0,2026-08-14 10:04:58,2026-08-14 10:07:25,11191.18,11040.0,-1.351,1.598,-1.351,STOP_LOSS,76,ACTUAL,79057000000.0,82808449360.0
v1.5,388050,지투파워,MAIN,B,2.0,-1.5,2026-08-14 10:04:58,2026-08-14 10:09:16,11191.18,11010.0,-1.619,1.598,-1.619,STOP_LOSS,76,ACTUAL,79057000000.0,82808449360.0
v1.5,388050,지투파워,MAIN,D,2.5,-1.5,2026-08-14 10:04:58,2026-08-14 10:09:16,11191.18,11010.0,-1.619,1.598,-1.619,STOP_LOSS,76,ACTUAL,79057000000.0,82808449360.0
v1.5,096770,SK이노베이션,MAIN,B,2.0,-1.5,2026-08-14 09:52:08,2026-08-14 10:14:04,128328.2,126400.0,-1.503,-0.022,-1.503,STOP_LOSS,90,ACTUAL,59326000000.0,60536937400.0
v1.5,096770,SK이노베이션,MAIN,D,2.5,-1.5,2026-08-14 09:52:08,2026-08-14 10:14:04,128328.2,126400.0,-1.503,-0.022,-1.503,STOP_LOSS,90,ACTUAL,59326000000.0,60536937400.0
v1.5,388050,지투파워,MAIN,C,2.0,-2.0,2026-08-14 10:04:58,2026-08-14 10:15:38,11191.18,10910.0,-2.513,1.866,-2.513,STOP_LOSS,76,ACTUAL,79057000000.0,82808449360.0
v1.5,388050,지투파워,MAIN,E,3.0,-2.0,2026-08-14 10:04:58,2026-08-14 10:15:38,11191.18,10910.0,-2.513,1.866,-2.513,STOP_LOSS,76,ACTUAL,79057000000.0,82808449360.0
v1.5,083650,비에이치아이,MAIN,A,2.0,-1.0,2026-08-14 11:07:48,2026-08-14 11:07:53,61361.3,60700.0,-1.078,-0.1,-1.078,STOP_LOSS,82,ACTUAL,34469000000.0,35263374500.0
v1.5,083650,비에이치아이,MAIN,B,2.0,-1.5,2026-08-14 11:07:48,2026-08-14 11:10:22,61361.3,62600.0,2.019,2.019,-1.404,TAKE_PROFIT,82,ACTUAL,34469000000.0,35263374500.0
v1.5,083650,비에이치아이,MAIN,C,2.0,-2.0,2026-08-14 11:07:48,2026-08-14 11:10:22,61361.3,62600.0,2.019,2.019,-1.404,TAKE_PROFIT,82,ACTUAL,34469000000.0,35263374500.0
v1.5,083650,비에이치아이,MAIN,D,2.5,-1.5,2026-08-14 11:07:48,2026-08-14 11:12:46,61361.3,60400.0,-1.567,2.019,-1.567,STOP_LOSS,82,ACTUAL,34469000000.0,35263374500.0
v1.5,083650,비에이치아이,MAIN,E,3.0,-2.0,2026-08-14 11:07:48,2026-08-14 11:17:01,61361.3,60000.0,-2.218,2.345,-2.218,STOP_LOSS,82,ACTUAL,34469000000.0,35263374500.0
v1.5,005180,빙그레,MAIN,A,2.0,-1.0,2026-08-14 11:16:20,2026-08-14 11:29:40,82382.3,84400.0,2.449,2.449,-0.1,TAKE_PROFIT,86,ACTUAL,89820000000.0,92182044200.0
v1.5,005180,빙그레,MAIN,B,2.0,-1.5,2026-08-14 11:16:20,2026-08-14 11:29:40,82382.3,84400.0,2.449,2.449,-0.1,TAKE_PROFIT,86,ACTUAL,89820000000.0,92182044200.0
v1.5,005180,빙그레,MAIN,C,2.0,-2.0,2026-08-14 11:16:20,2026-08-14 11:29:40,82382.3,84400.0,2.449,2.449,-0.1,TAKE_PROFIT,86,ACTUAL,89820000000.0,92182044200.0
v1.5,005180,빙그레,MAIN,D,2.5,-1.5,2026-08-14 11:16:20,2026-08-14 11:30:00,82382.3,84600.0,2.692,2.692,-0.1,TAKE_PROFIT,86,ACTUAL,89820000000.0,92182044200.0
v1.5,005180,빙그레,MAIN,E,3.0,-2.0,2026-08-14 11:16:20,2026-08-14 11:30:26,82382.3,84900.0,3.056,3.056,-0.1,TAKE_PROFIT,86,ACTUAL,89820000000.0,92182044200.0
v1.5,950160,코오롱티슈진,MAIN,A,2.0,-1.0,2026-08-14 11:28:43,2026-08-14 11:32:25,27027.0,26650.0,-1.395,-0.1,-1.395,STOP_LOSS,86,ACTUAL,80248000000.0,82544265000.0
v1.5,950160,코오롱티슈진,MAIN,B,2.0,-1.5,2026-08-14 11:28:43,2026-08-14 11:32:38,27027.0,26500.0,-1.95,-0.1,-1.95,STOP_LOSS,86,ACTUAL,80248000000.0,82544265000.0
v1.5,950160,코오롱티슈진,MAIN,D,2.5,-1.5,2026-08-14 11:28:43,2026-08-14 11:32:38,27027.0,26500.0,-1.95,-0.1,-1.95,STOP_LOSS,86,ACTUAL,80248000000.0,82544265000.0
v1.5,950160,코오롱티슈진,MAIN,C,2.0,-2.0,2026-08-14 11:28:43,2026-08-14 11:32:50,27027.0,26400.0,-2.32,-0.1,-2.32,STOP_LOSS,86,ACTUAL,80248000000.0,82544265000.0
v1.5,950160,코오롱티슈진,MAIN,E,3.0,-2.0,2026-08-14 11:28:43,2026-08-14 11:32:50,27027.0,26400.0,-2.32,-0.1,-2.32,STOP_LOSS,86,ACTUAL,80248000000.0,82544265000.0
v1.5,001450,현대해상,MAIN,A,2.0,-1.0,2026-08-14 10:49:59,2026-08-14 12:24:03,45395.35,44900.0,-1.091,0.561,-1.091,STOP_LOSS,77,ESTIMATED,,25581589500.0
v1.5,353200,대덕전자,MAIN,A,2.0,-1.0,2026-08-14 12:22:12,2026-08-14 12:33:38,118818.7,117300.0,-1.278,-0.016,-1.278,STOP_LOSS,79,ACTUAL,72322000000.0,74138476900.0
v1.5,353200,대덕전자,MAIN,B,2.0,-1.5,2026-08-14 12:22:12,2026-08-14 12:34:04,118818.7,117000.0,-1.531,-0.016,-1.531,STOP_LOSS,79,ACTUAL,72322000000.0,74138476900.0
v1.5,353200,대덕전자,MAIN,D,2.5,-1.5,2026-08-14 12:22:12,2026-08-14 12:34:04,118818.7,117000.0,-1.531,-0.016,-1.531,STOP_LOSS,79,ACTUAL,72322000000.0,74138476900.0
v1.5,005380,현대차,MAIN,D,2.5,-1.5,2026-08-14 09:06:03,2026-08-14 12:40:22,441441.0,452500.0,2.505,2.505,-0.666,TAKE_PROFIT,85,ACTUAL,147867000000.0,150820815000.0
v1.5,005380,현대차,MAIN,E,3.0,-2.0,2026-08-14 09:06:03,2026-08-14 12:41:10,441441.0,455000.0,3.072,3.072,-0.666,TAKE_PROFIT,85,ACTUAL,147867000000.0,150820815000.0
v1.5,096770,SK이노베이션,MAIN,C,2.0,-2.0,2026-08-14 09:52:08,2026-08-14 20:00:01,128328.2,128700.0,0.29,1.147,-1.814,TIME_EXIT,90,ACTUAL,59326000000.0,60536937400.0
v1.5,096770,SK이노베이션,MAIN,E,3.0,-2.0,2026-08-14 09:52:08,2026-08-14 20:00:01,128328.2,128700.0,0.29,1.147,-1.814,TIME_EXIT,90,ACTUAL,59326000000.0,60536937400.0
v1.5,001450,현대해상,MAIN,B,2.0,-1.5,2026-08-14 10:49:59,2026-08-14 20:00:02,45395.35,45350.0,-0.1,0.671,-1.311,TIME_EXIT,77,ESTIMATED,,25581589500.0
v1.5,001450,현대해상,MAIN,C,2.0,-2.0,2026-08-14 10:49:59,2026-08-14 20:00:02,45395.35,45350.0,-0.1,0.671,-1.311,TIME_EXIT,77,ESTIMATED,,25581589500.0
v1.5,001450,현대해상,MAIN,D,2.5,-1.5,2026-08-14 10:49:59,2026-08-14 20:00:02,45395.35,45350.0,-0.1,0.671,-1.311,TIME_EXIT,77,ESTIMATED,,25581589500.0
v1.5,001450,현대해상,MAIN,E,3.0,-2.0,2026-08-14 10:49:59,2026-08-14 20:00:02,45395.35,45350.0,-0.1,0.671,-1.311,TIME_EXIT,77,ESTIMATED,,25581589500.0
v1.5,353200,대덕전자,MAIN,C,2.0,-2.0,2026-08-14 12:22:12,2026-08-14 20:00:03,118818.7,119100.0,0.237,1.836,-1.531,TIME_EXIT,79,ACTUAL,72322000000.0,74138476900.0
v1.5,353200,대덕전자,MAIN,E,3.0,-2.0,2026-08-14 12:22:12,2026-08-14 20:00:03,118818.7,119100.0,0.237,1.836,-1.531,TIME_EXIT,79,ACTUAL,72322000000.0,74138476900.0
v1.5,012330,현대모비스,MAIN,A,2.0,-1.0,2026-08-14 12:29:54,2026-08-14 20:00:03,539539.0,547000.0,1.383,1.383,-0.841,TIME_EXIT,94,ACTUAL,247611000000.0,249444776000.0
v1.5,012330,현대모비스,MAIN,B,2.0,-1.5,2026-08-14 12:29:54,2026-08-14 20:00:03,539539.0,547000.0,1.383,1.383,-0.841,TIME_EXIT,94,ACTUAL,247611000000.0,249444776000.0
v1.5,012330,현대모비스,MAIN,C,2.0,-2.0,2026-08-14 12:29:54,2026-08-14 20:00:03,539539.0,547000.0,1.383,1.383,-0.841,TIME_EXIT,94,ACTUAL,247611000000.0,249444776000.0
v1.5,012330,현대모비스,MAIN,D,2.5,-1.5,2026-08-14 12:29:54,2026-08-14 20:00:03,539539.0,547000.0,1.383,1.383,-0.841,TIME_EXIT,94,ACTUAL,247611000000.0,249444776000.0
v1.5,012330,현대모비스,MAIN,E,3.0,-2.0,2026-08-14 12:29:54,2026-08-14 20:00:03,539539.0,547000.0,1.383,1.383,-0.841,TIME_EXIT,94,ACTUAL,247611000000.0,249444776000.0
v1.5,006400,삼성SDI,MAIN,A,2.0,-1.0,2026-08-14 14:49:06,2026-08-14 20:00:04,513513.0,516000.0,0.484,0.679,-0.1,TIME_EXIT,85,ACTUAL,335147000000.0,344994744000.0
v1.5,006400,삼성SDI,MAIN,B,2.0,-1.5,2026-08-14 14:49:06,2026-08-14 20:00:04,513513.0,516000.0,0.484,0.679,-0.1,TIME_EXIT,85,ACTUAL,335147000000.0,344994744000.0
v1.5,006400,삼성SDI,MAIN,C,2.0,-2.0,2026-08-14 14:49:06,2026-08-14 20:00:04,513513.0,516000.0,0.484,0.679,-0.1,TIME_EXIT,85,ACTUAL,335147000000.0,344994744000.0
v1.5,006400,삼성SDI,MAIN,D,2.5,-1.5,2026-08-14 14:49:06,2026-08-14 20:00:04,513513.0,516000.0,0.484,0.679,-0.1,TIME_EXIT,85,ACTUAL,335147000000.0,344994744000.0
v1.5,006400,삼성SDI,MAIN,E,3.0,-2.0,2026-08-14 14:49:06,2026-08-14 20:00:04,513513.0,516000.0,0.484,0.679,-0.1,TIME_EXIT,85,ACTUAL,335147000000.0,344994744000.0
