date,version,stock_code,stock_name,candidate_source,support_episode_id,snapshot_horizon_min,scheduled_snapshot_time,actual_snapshot_time,snapshot_status,snapshot_decision,valid_l1_time,valid_l1_price,support_touch_count,higher_low_count,base_low,base_high,base_mid,base_range_pct,close_position_in_base,range_compression_ratio,range_compression_unavailable_reason,descending_structure,distance_to_b_pct,volume_contraction_ratio,volume_contraction_unavailable_reason,reclaim_volume_ratio,reclaim_volume_unavailable_reason,balance_duration_min,balance_range_pct,balance_net_change_pct,trend_slope_pct_per_min,mean_abs_1m_return_pct,center_shift_pct,direction_efficiency_ratio,breakout_volume_ratio,fixed_breakout_price_b,direct_signal_time,reclaim_signal_time,data_status,recovery_status,invalidated_later
2026-09-29,v2.3.2,028300,HLB,BASE,2026-09-29:028300:6,30,2026-09-29 09:54:00.000,2026-09-29 09:54:00.000,READY,READY,2026-09-29 09:24:00.000,41950.0,2,3,42100.0,45700.0,43900.0,8.551068883610458,0.7777777777777778,,INSUFFICIENT_PRIOR_WINDOW,False,5.647058823529405,2.2884227068408483,,0.7322689980677247,,30,8.551068883610458,6.3981042654028375,0.2988048858921709,0.6063457724432876,6.812796208530814,0.3638588657506081,0.7322689980677247,42500.0,,,OK,RECOVERY_PARTIAL,False
2026-09-29,v2.3.2,042700,한미반도체,BASE,2026-09-29:042700:1,30,2026-09-29 10:12:00.000,2026-09-29 10:12:00.000,WATCH,WATCH,2026-09-29 09:42:00.000,244000.0,10,1,243500.0,248500.0,246000.0,2.053388090349073,0.1,,INSUFFICIENT_PRIOR_WINDOW,False,-0.8130081300813052,1.5426462991661132,,0.776573998364677,,30,2.053388090349073,-0.6109979633401208,0.022156322141143478,0.24536618525085957,-0.10204081632653184,0.08586715103407494,0.776573998364677,246000.0,,,OK,RECOVERY_PARTIAL,False
2026-09-29,v2.3.2,001820,삼화콘덴서,BASE,2026-09-29:001820:3,30,2026-09-29 10:20:00.000,2026-09-29 10:20:00.000,WATCH,WATCH,2026-09-29 09:50:00.000,147300.0,2,2,147900.0,149500.0,148700.0,1.0818120351588911,0.625,,INSUFFICIENT_PRIOR_WINDOW,True,0.06720430107527431,0.4365511401439545,,0.6641045349730976,,30,1.0818120351588911,0.4045853000674393,0.015496352056716949,0.1576910612377628,0.5401755570560329,0.0884718330525374,0.6641045349730976,148800.0,,,OK,RECOVERY_PARTIAL,False
2026-09-29,v2.3.2,000990,DB하이텍,BASE,2026-09-29:000990:4,30,2026-09-29 10:21:00.000,2026-09-29 10:21:00.000,READY,READY,2026-09-29 09:51:00.000,130800.0,2,1,131000.0,133100.0,132050.0,1.6030534351145098,0.5238095238095238,,INSUFFICIENT_PRIOR_WINDOW,False,0.0,0.5882253507522157,,0.6389035318924617,,30,1.6030534351145098,0.6092916984006047,0.008624290169241105,0.16195662288242635,0.6095238095238154,0.1297264550940316,0.6389035318924617,132100.0,,,OK,RECOVERY_PARTIAL,False
2026-09-29,v2.3.2,028300,HLB,BASE,2026-09-29:028300:6,60,2026-09-29 10:24:00.000,2026-09-29 10:24:00.000,WATCH,WATCH,2026-09-29 09:24:00.000,41950.0,2,2,42100.0,45700.0,43900.0,8.551068883610458,0.5,,INSUFFICIENT_PRIOR_WINDOW,True,3.294117647058825,0.4256601110534145,,0.43692901048571775,,60,8.551068883610458,4.028436018957349,0.044812342554343035,0.482801401257136,3.9691943127962093,0.14142166202233708,0.43692901048571775,42500.0,,,OK,RECOVERY_PARTIAL,False
2026-09-29,v2.3.2,403870,HPSP,BOTH,2026-09-29:403870:2,30,2026-09-29 10:24:00.000,2026-09-29 10:24:00.000,READY,READY,2026-09-29 09:54:00.000,57900.0,3,1,57900.0,59200.0,58550.0,2.2452504317789224,0.8461538461538461,,INSUFFICIENT_PRIOR_WINDOW,False,-0.33783783783783994,0.4901971063115957,,0.524635586073967,,30,2.2452504317789224,1.3745704467353903,0.0356065731683543,0.19963687363116395,1.376936316695354,0.23742598278452945,0.524635586073967,59200.0,,,OK,RECOVERY_PARTIAL,False
2026-09-29,v2.3.2,161580,필옵틱스,BOTH,2026-09-29:161580:1,30,2026-09-29 10:35:00.000,2026-09-29 10:35:00.000,WATCH,WATCH,2026-09-29 10:05:00.000,36700.0,2,0,36650.0,39400.0,38025.0,7.5034106412005475,0.34545454545454546,,INSUFFICIENT_PRIOR_WINDOW,False,0.2666666666666595,0.3346974445190451,,0.42276205514393295,,30,7.5034106412005475,0.4005340453938633,-0.061958770388697716,0.6565237539775006,0.9408602150537737,0.021037348188864262,0.42276205514393295,37500.0,,,OK,RECOVERY_PARTIAL,False
2026-09-29,v2.3.2,042700,한미반도체,BASE,2026-09-29:042700:1,60,2026-09-29 10:42:00.000,2026-09-29 10:42:00.000,READY,READY,2026-09-29 09:42:00.000,244000.0,15,0,243500.0,248500.0,246000.0,2.053388090349073,0.8,,INSUFFICIENT_PRIOR_WINDOW,False,0.6097560975609762,0.38265700006385067,,0.2572303504593399,,60,2.053388090349073,0.8146639511201537,0.0068445127040833355,0.1758632846967495,0.9183673469387754,0.07851475992909679,0.2572303504593399,246000.0,,,OK,RECOVERY_PARTIAL,False
2026-09-29,v2.3.2,001820,삼화콘덴서,BASE,2026-09-29:001820:3,60,2026-09-29 10:50:00.000,2026-09-29 10:50:00.000,READY,READY,2026-09-29 09:50:00.000,147300.0,2,2,147900.0,150900.0,149400.0,2.0283975659229236,0.7666666666666667,,INSUFFICIENT_PRIOR_WINDOW,False,0.9408602150537737,0.9505273573187933,,0.7881040892193308,,60,2.0283975659229236,1.2811867835468727,0.025672074564804755,0.14202570210049595,1.5530047265361224,0.15289507397923424,0.7881040892193308,148800.0,,,OK,RECOVERY_PARTIAL,False
2026-09-29,v2.3.2,000990,DB하이텍,BASE,2026-09-29:000990:4,60,2026-09-29 10:51:00.000,2026-09-29 10:51:00.000,READY,READY,2026-09-29 09:51:00.000,130800.0,2,1,131000.0,135900.0,133450.0,3.7404580152671674,0.9591836734693877,,INSUFFICIENT_PRIOR_WINDOW,False,2.725208175624516,2.1663068268207386,,1.1796237131700391,,60,3.7404580152671674,3.351104341203359,0.05452348086027958,0.16290303174057147,3.200000000000003,0.3486637299354688,1.1796237131700391,132100.0,,,OK,RECOVERY_PARTIAL,False
2026-09-29,v2.3.2,403870,HPSP,BOTH,2026-09-29:403870:2,60,2026-09-29 10:54:00.000,2026-09-29 10:54:00.000,READY,READY,2026-09-29 09:54:00.000,57900.0,3,1,57900.0,60300.0,59100.0,4.145077720207246,0.8333333333333334,,INSUFFICIENT_PRIOR_WINDOW,False,1.1824324324324342,2.097816736329418,,1.4356827695440662,,60,4.145077720207246,2.9209621993127044,0.05001150567788494,0.19211631263091625,3.184165232358005,0.25769718983607526,1.4356827695440662,59200.0,,,OK,RECOVERY_PARTIAL,False
2026-09-29,v2.3.2,028300,HLB,BASE,2026-09-29:028300:6,90,2026-09-29 10:54:00.000,2026-09-29 10:54:00.000,WATCH,WATCH,2026-09-29 09:24:00.000,41950.0,3,0,42000.0,45700.0,43850.0,8.8095238095238,0.013513513513513514,,INSUFFICIENT_PRIOR_WINDOW,True,-1.0588235294117676,0.4578995750388234,,0.9352199012081176,,90,8.8095238095238,-0.35545023696682554,-0.017050063910919115,0.4150327862629008,-0.2962085308056861,0.009622909368750043,0.9352199012081176,42500.0,,,OK,RECOVERY_PARTIAL,False
2026-09-29,v2.3.2,452190,한빛레이저,BOTH,2026-09-29:452190:2,30,2026-09-29 10:58:00.000,2026-09-29 10:58:00.000,WATCH,WATCH,2026-09-29 10:28:00.000,6330.0,3,1,6310.0,6650.0,6480.0,5.38827258320127,0.29411764705882354,,INSUFFICIENT_PRIOR_WINDOW,False,0.4702194357366851,0.47661539127370295,,0.7260868499129539,,30,5.38827258320127,0.6279434850863463,0.02154844996097181,0.4710872910506604,0.9441384736428082,0.04596435530106149,0.7260868499129539,6380.0,,,OK,RECOVERY_PARTIAL,False
2026-09-29,v2.3.2,256840,한국비엔씨,BASE,2026-09-29:256840:8,30,2026-09-29 11:03:00.000,2026-09-29 11:03:00.000,READY,READY,2026-09-29 10:33:00.000,3275.0,2,0,3290.0,3345.0,3317.5,1.6717325227963542,0.7272727272727273,,INSUFFICIENT_PRIOR_WINDOW,False,-0.14992503748125774,0.46253980197156064,,0.2104248654726528,,30,1.6717325227963542,0.15037593984963404,0.028837388242575295,0.23365074977627842,0.22590361445782303,0.022192855110284463,0.2104248654726528,3335.0,,,OK,RECOVERY_PARTIAL,False
2026-09-29,v2.3.2,161580,필옵틱스,BOTH,2026-09-29:161580:1,60,2026-09-29 11:05:00.000,2026-09-29 11:05:00.000,WATCH,WATCH,2026-09-29 10:05:00.000,36700.0,2,1,36650.0,39400.0,38025.0,7.5034106412005475,0.2,,INSUFFICIENT_PRIOR_WINDOW,False,-0.8000000000000007,0.23088298263300033,,0.24565634690160948,,60,7.5034106412005475,-0.6675567423230944,-0.04872292444385419,0.4981763837664867,0.06720430107527431,0.022711877610053787,0.24565634690160948,37500.0,,,OK,RECOVERY_PARTIAL,False
2026-09-29,v2.3.2,042700,한미반도체,BASE,2026-09-29:042700:1,90,2026-09-29 11:12:00.000,2026-09-29 11:12:00.000,READY,READY,2026-09-29 09:42:00.000,244000.0,15,1,243500.0,249500.0,246500.0,2.4640657084188833,0.6666666666666666,,INSUFFICIENT_PRIOR_WINDOW,False,0.6097560975609762,0.709480596957013,,0.3380829015544041,,90,2.4640657084188833,0.8146639511201537,0.015701820319774965,0.15961547249632763,1.122448979591839,0.057347369885375525,0.3380829015544041,246000.0,,,OK,RECOVERY_PARTIAL,False
2026-09-29,v2.3.2,001820,삼화콘덴서,BASE,2026-09-29:001820:3,90,2026-09-29 11:20:00.000,2026-09-29 11:20:00.000,READY,READY,2026-09-29 09:50:00.000,147300.0,2,1,147900.0,151400.0,149650.0,2.3664638269100813,0.6571428571428571,,INSUFFICIENT_PRIOR_WINDOW,False,0.9408602150537737,0.8568180824552967,,0.9620622568093385,,90,2.3664638269100813,1.2811867835468727,0.01846113660155952,0.131466894230834,1.4854827819041239,0.10949796298700368,0.9620622568093385,148800.0,,,OK,RECOVERY_PARTIAL,False
2026-09-29,v2.3.2,000990,DB하이텍,BASE,2026-09-29:000990:4,90,2026-09-29 11:21:00.000,2026-09-29 11:21:00.000,READY,READY,2026-09-29 09:51:00.000,130800.0,2,2,131000.0,137300.0,134150.0,4.809160305343507,1.0,,INSUFFICIENT_PRIOR_WINDOW,False,3.9364118092354294,1.4165898895920495,,4.4263649425287355,,90,4.809160305343507,4.569687738004569,0.04697140718089399,0.14942033876579353,4.457142857142848,0.34362662050629356,4.4263649425287355,132100.0,,,OK,RECOVERY_PARTIAL,False
2026-09-29,v2.3.2,403870,HPSP,BOTH,2026-09-29:403870:2,90,2026-09-29 11:24:00.000,2026-09-29 11:24:00.000,READY,READY,2026-09-29 09:54:00.000,57900.0,3,1,57900.0,61000.0,59450.0,5.354058721934374,0.967741935483871,,INSUFFICIENT_PRIOR_WINDOW,False,2.871621621621623,1.2172420360935194,,1.214527027027027,,90,5.354058721934374,4.6391752577319645,0.04184117875766202,0.18720203033005098,4.647160068846823,0.27844550938745893,1.214527027027027,59200.0,,,OK,RECOVERY_PARTIAL,False
2026-09-29,v2.3.2,452190,한빛레이저,BOTH,2026-09-29:452190:2,60,2026-09-29 11:28:00.000,2026-09-29 11:28:00.000,READY,READY,2026-09-29 10:28:00.000,6330.0,3,2,6310.0,6690.0,6500.0,6.022187004754365,0.6578947368421053,,INSUFFICIENT_PRIOR_WINDOW,False,2.8213166144200663,1.0381993620965606,,1.0262701254200803,,60,6.022187004754365,2.982731554160134,0.05386329623220823,0.49139050459444095,2.9897718332021928,0.10288105209955857,1.0262701254200803,6380.0,,,OK,RECOVERY_PARTIAL,False
2026-09-29,v2.3.2,161580,필옵틱스,BOTH,2026-09-29:161580:1,90,2026-09-29 11:35:00.000,2026-09-29 11:35:00.000,WATCH,WATCH,2026-09-29 10:05:00.000,36700.0,2,0,36650.0,39400.0,38025.0,7.5034106412005475,0.21818181818181817,,INSUFFICIENT_PRIOR_WINDOW,False,-0.666666666666671,0.1516383493404421,,0.2821140699928579,,90,7.5034106412005475,-0.5340453938584733,-0.036889948832463944,0.43411407173469974,-0.13440860215053752,0.013822426947313346,0.2821140699928579,37500.0,,,OK,RECOVERY_PARTIAL,False
2026-09-29,v2.3.2,042700,한미반도체,BASE,2026-09-29:042700:1,120,2026-09-29 11:42:00.000,2026-09-29 11:42:00.000,READY,READY,2026-09-29 09:42:00.000,244000.0,15,1,243500.0,250000.0,246750.0,2.6694045174537884,0.9230769230769231,,INSUFFICIENT_PRIOR_WINDOW,False,1.4227642276422703,0.8097942905121747,,0.8718381112984823,,120,2.6694045174537884,1.6293279022403295,0.015290507982493125,0.14136901518835115,1.9387755102040716,0.09685171176315505,0.8718381112984823,246000.0,,,OK,RECOVERY_PARTIAL,False
2026-09-29,v2.3.2,001820,삼화콘덴서,BASE,2026-09-29:001820:3,120,2026-09-29 11:50:00.000,2026-09-29 11:50:00.000,WATCH,WATCH,2026-09-29 09:50:00.000,147300.0,2,1,147900.0,151400.0,149650.0,2.3664638269100813,0.4857142857142857,,INSUFFICIENT_PRIOR_WINDOW,False,0.5376344086021501,0.5901545568363338,,0.21970554926387317,,120,2.3664638269100813,0.8766014834794333,0.0073822042317035486,0.12077314703154103,1.080351114112088,0.06099368280029807,0.21970554926387317,148800.0,,,OK,RECOVERY_PARTIAL,False
2026-09-29,v2.3.2,000990,DB하이텍,BASE,2026-09-29:000990:4,120,2026-09-29 11:51:00.000,2026-09-29 11:51:00.000,READY,READY,2026-09-29 09:51:00.000,130800.0,2,2,131000.0,137800.0,134400.0,5.190839694656479,0.8823529411764706,,INSUFFICIENT_PRIOR_WINDOW,False,3.709311127933379,1.0652539280089124,,0.5161634103019538,,120,5.190839694656479,4.34120335110435,0.042250331867528884,0.13684835063348014,4.380952380952374,0.2665775675086819,0.5161634103019538,132100.0,,,OK,RECOVERY_PARTIAL,False
2026-09-29,v2.3.2,256840,한국비엔씨,BASE,2026-09-29:256840:9,30,2026-09-29 11:53:00.000,2026-09-29 11:53:00.000,WATCH,WATCH,2026-09-29 11:23:00.000,3250.0,5,1,3245.0,3290.0,3267.5,1.3867488443759735,0.0,,INSUFFICIENT_PRIOR_WINDOW,True,-0.9160305343511421,0.9656704472073416,,2.7946320868516286,,30,1.3867488443759735,-0.7645259938837912,-0.018028866596592204,0.16373449849669341,-0.3834355828220892,0.16101045013962054,2.7946320868516286,3275.0,,,OK,RECOVERY_PARTIAL,False
2026-09-29,v2.3.2,403870,HPSP,BOTH,2026-09-29:403870:2,120,2026-09-29 11:54:00.000,2026-09-29 11:54:00.000,WATCH,WATCH,2026-09-29 09:54:00.000,57900.0,3,1,60500.0,61500.0,61000.0,1.6528925619834656,0.3,,INSUFFICIENT_CURRENT_WINDOW,False,2.7027027027026973,,INSUFFICIENT_CURRENT_WINDOW,,INSUFFICIENT_CURRENT_WINDOW,8,,,,,,,,59200.0,,,OK,RECOVERY_PARTIAL,False
2026-09-29,v2.3.2,161580,필옵틱스,BOTH,2026-09-29:161580:1,120,2026-09-29 12:05:00.000,2026-09-29 12:05:00.000,WATCH,WATCH,2026-09-29 10:05:00.000,36700.0,5,0,36650.0,39400.0,38025.0,7.5034106412005475,0.10909090909090909,,INSUFFICIENT_PRIOR_WINDOW,False,-1.4666666666666717,0.15909938801817267,,0.4984105738664882,,120,7.5034106412005475,-1.3351134846461998,-0.02971204701854481,0.3744717454812564,-0.7392473118279619,0.029960714480683374,0.4984105738664882,37500.0,,,OK,RECOVERY_PARTIAL,False
2026-09-29,v2.3.2,042700,한미반도체,BASE,2026-09-29:042700:1,150,2026-09-29 12:12:00.000,2026-09-29 12:12:00.000,READY,READY,2026-09-29 09:42:00.000,244000.0,15,1,243500.0,251000.0,247250.0,3.0800821355236208,0.8,,INSUFFICIENT_PRIOR_WINDOW,False,1.4227642276422703,0.6285902878831066,,0.36881908086096565,,150,3.0800821355236208,1.6293279022403295,0.014395932871965613,0.14113396082543592,1.73469387755103,0.07748019348611802,0.36881908086096565,246000.0,,,OK,RECOVERY_PARTIAL,False
2026-09-29,v2.3.2,001820,삼화콘덴서,BASE,2026-09-29:001820:3,150,2026-09-29 12:20:00.000,2026-09-29 12:20:00.000,READY,READY,2026-09-29 09:50:00.000,147300.0,2,0,147900.0,151400.0,149650.0,2.3664638269100813,0.5714285714285714,,INSUFFICIENT_PRIOR_WINDOW,False,0.7392473118279508,0.4235659174773566,,0.24058323207776428,,150,2.3664638269100813,1.078894133513142,0.005175924953823526,0.12106933443182624,1.2491559756921067,0.05980787999621608,0.24058323207776428,148800.0,,,OK,RECOVERY_PARTIAL,False
2026-09-29,v2.3.2,000990,DB하이텍,BASE,2026-09-29:000990:4,150,2026-09-29 12:21:00.000,2026-09-29 12:21:00.000,WATCH,WATCH,2026-09-29 09:51:00.000,130800.0,2,2,131000.0,138000.0,134500.0,5.343511450381677,0.9571428571428572,,INSUFFICIENT_PRIOR_WINDOW,True,4.239212717638163,0.9734254573610338,,0.5665488810365136,,150,5.343511450381677,4.874333587204882,0.034409720909318896,0.13225801749123722,4.838095238095241,0.24734718436590677,0.5665488810365136,132100.0,,,OK,RECOVERY_PARTIAL,False
2026-09-29,v2.3.2,028300,HLB,BASE,2026-09-29:028300:10,30,2026-09-29 12:22:00.000,2026-09-29 12:22:00.000,WATCH,WATCH,2026-09-29 11:52:00.000,40350.0,4,1,40150.0,41350.0,40750.0,2.98879202988791,0.125,,INSUFFICIENT_PRIOR_WINDOW,True,-1.5873015873015928,1.0147018552748681,,1.14828252091989,,30,2.98879202988791,-1.104294478527612,-0.0188894272436313,0.2490821343018108,-0.7384615384615434,0.1528777648222969,1.14828252091989,40950.0,,,OK,RECOVERY_PARTIAL,False
2026-09-29,v2.3.2,403870,HPSP,BOTH,2026-09-29:403870:2,150,2026-09-29 12:24:00.000,2026-09-29 12:24:00.000,WATCH,WATCH,2026-09-29 09:54:00.000,57900.0,3,0,60100.0,61500.0,60800.0,2.329450915141429,0.14285714285714285,,INSUFFICIENT_CURRENT_WINDOW,False,1.858108108108114,,INSUFFICIENT_CURRENT_WINDOW,,INSUFFICIENT_CURRENT_WINDOW,38,,,,,,,,59200.0,,,OK,RECOVERY_PARTIAL,False
2026-09-29,v2.3.2,161580,필옵틱스,BOTH,2026-09-29:161580:1,150,2026-09-29 12:35:00.000,2026-09-29 12:35:00.000,WATCH,WATCH,2026-09-29 10:05:00.000,36700.0,5,1,36650.0,39400.0,38025.0,7.5034106412005475,0.32727272727272727,,INSUFFICIENT_PRIOR_WINDOW,True,0.13333333333334085,0.2382649145370063,,0.6141238012205754,,150,7.5034106412005475,0.2670226969292422,-0.014272226073124387,0.3473395619257582,1.1424731182795744,0.005159500481813985,0.6141238012205754,37500.0,,,OK,RECOVERY_PARTIAL,False
2026-09-29,v2.3.2,256840,한국비엔씨,BASE,2026-09-29:256840:10,30,2026-09-29 12:36:00.000,2026-09-29 12:36:00.000,WATCH,WATCH,2026-09-29 12:06:00.000,3220.0,4,0,3225.0,3255.0,3240.0,0.9302325581395321,0.3333333333333333,,INSUFFICIENT_PRIOR_WINDOW,False,-0.6144393241167445,0.689624397582681,,0.16227990560900346,,30,0.9302325581395321,-0.30816640986132127,-0.0173793514793873,0.10646154677415262,-0.38520801232665436,0.09981470538649366,0.16227990560900346,3255.0,,,OK,RECOVERY_PARTIAL,False
2026-09-29,v2.3.2,042700,한미반도체,BASE,2026-09-29:042700:1,180,2026-09-29 12:42:00.000,2026-09-29 12:42:00.000,READY,READY,2026-09-29 09:42:00.000,244000.0,15,1,243500.0,251500.0,247500.0,3.285420944558526,1.0,,INSUFFICIENT_PRIOR_WINDOW,False,2.2357723577235866,0.6992671488031231,,6.847167325428195,,180,3.285420944558526,2.443991853360483,0.013161377777557064,0.13872788689652646,2.499999999999991,0.09841990733375368,6.847167325428195,246000.0,,,OK,RECOVERY_PARTIAL,False
2026-09-29,v2.3.2,490470,세미파이브,BOTH,2026-09-29:490470:3,30,2026-09-29 12:48:00.000,2026-09-29 12:48:00.000,READY,READY,2026-09-29 12:18:00.000,17700.0,2,3,17790.0,19830.0,18810.0,11.467116357504214,0.8774509803921569,,INSUFFICIENT_PRIOR_WINDOW,False,6.644880174291945,1.2245546534308758,,0.7367844854551142,,30,11.467116357504214,8.777777777777773,0.32902607835867015,0.7632685294140265,9.83514948309583,0.39656029388443204,0.7367844854551142,18360.0,,,OK,RECOVERY_PARTIAL,False
2026-09-29,v2.3.2,001820,삼화콘덴서,BASE,2026-09-29:001820:3,180,2026-09-29 12:50:00.000,2026-09-29 12:50:00.000,WATCH,WATCH,2026-09-29 09:50:00.000,147300.0,2,2,147900.0,152500.0,150200.0,3.1102096010818148,0.9347826086956522,,INSUFFICIENT_PRIOR_WINDOW,True,2.284946236559149,0.946504673777401,,2.2494089834515365,,180,3.1102096010818148,2.6298044504383,0.007559949900082316,0.11779660271082174,2.8359216745442284,0.12472044724907802,2.2494089834515365,148800.0,,,OK,RECOVERY_PARTIAL,False
2026-09-29,v2.3.2,000990,DB하이텍,BASE,2026-09-29:000990:4,180,2026-09-29 12:51:00.000,2026-09-29 12:51:00.000,WATCH,WATCH,2026-09-29 09:51:00.000,130800.0,2,1,131000.0,139000.0,135000.0,6.106870229007644,0.9,,INSUFFICIENT_PRIOR_WINDOW,True,4.6177138531415585,0.8713968750000001,,1.1825331125827814,,180,6.106870229007644,5.255140898705246,0.029489891843545956,0.12827749400718308,5.180952380952375,0.228865782499634,1.1825331125827814,132100.0,,,OK,RECOVERY_PARTIAL,False
2026-09-29,v2.3.2,403870,HPSP,BOTH,2026-09-29:403870:2,180,2026-09-29 12:54:00.000,2026-09-29 12:54:00.000,WATCH,WATCH,2026-09-29 09:54:00.000,57900.0,3,1,60050.0,61500.0,60775.0,2.4146544546211457,0.2413793103448276,,INSUFFICIENT_CURRENT_WINDOW,True,2.0270270270270174,,INSUFFICIENT_CURRENT_WINDOW,,INSUFFICIENT_CURRENT_WINDOW,68,,,,,,,,59200.0,,,OK,RECOVERY_PARTIAL,False
2026-09-29,v2.3.2,161580,필옵틱스,BOTH,2026-09-29:161580:1,180,2026-09-29 13:05:00.000,2026-09-29 13:05:00.000,WATCH,WATCH,2026-09-29 10:05:00.000,36700.0,5,0,36650.0,39400.0,38025.0,7.5034106412005475,0.36363636363636365,,INSUFFICIENT_PRIOR_WINDOW,True,0.40000000000000036,0.2785185266395505,,2.024834437086093,,180,7.5034106412005475,0.5340453938584844,-0.00654706565209745,0.3394973642538831,0.8064516129032251,0.008787973441252823,2.024834437086093,37500.0,,,OK,RECOVERY_PARTIAL,False
2026-09-29,v2.3.2,042700,한미반도체,BASE,2026-09-29:042700:1,210,2026-09-29 13:12:00.000,2026-09-29 13:12:00.000,WATCH,WATCH,2026-09-29 09:42:00.000,244000.0,15,0,243500.0,252000.0,247750.0,3.490759753593431,0.4117647058823529,,INSUFFICIENT_PRIOR_WINDOW,True,0.40650406504065817,0.7974069467551836,,1.5380154639175259,,210,3.490759753593431,0.6109979633401208,0.009528379961707419,0.13898647442652615,0.7142857142857117,0.021033954874780925,1.5380154639175259,246000.0,,,OK,RECOVERY_PARTIAL,False
2026-09-29,v2.3.2,490470,세미파이브,BOTH,2026-09-29:490470:3,60,2026-09-29 13:18:00.000,2026-09-29 13:18:00.000,READY,READY,2026-09-29 12:18:00.000,17700.0,2,1,17790.0,19830.0,18810.0,11.467116357504214,0.7401960784313726,,INSUFFICIENT_PRIOR_WINDOW,False,5.119825708060999,0.5947334099805973,,0.17186638529249607,,60,11.467116357504214,7.222222222222219,0.10817433855083201,0.6190462266438197,7.879295892707461,0.197740557765795,0.17186638529249607,18360.0,,,OK,RECOVERY_PARTIAL,False
2026-09-29,v2.3.2,001820,삼화콘덴서,BASE,2026-09-29:001820:3,210,2026-09-29 13:20:00.000,2026-09-29 13:20:00.000,READY,READY,2026-09-29 09:50:00.000,147300.0,2,1,147900.0,153000.0,150450.0,3.4482758620689724,0.8627450980392157,,INSUFFICIENT_PRIOR_WINDOW,False,2.352150537634401,1.4093861422926597,,3.8926247288503255,,210,3.4482758620689724,2.697235333782877,0.0093276916614562,0.12417058191676393,2.76839972991223,0.10393308962430255,3.8926247288503255,148800.0,,,OK,RECOVERY_PARTIAL,False
2026-09-29,v2.3.2,000990,DB하이텍,BASE,2026-09-29:000990:4,210,2026-09-29 13:21:00.000,2026-09-29 13:21:00.000,READY,READY,2026-09-29 09:51:00.000,130800.0,2,1,131000.0,139000.0,135000.0,6.106870229007644,0.85,,INSUFFICIENT_PRIOR_WINDOW,False,4.314912944738825,0.78041146166884,,0.7154405820533549,,210,6.106870229007644,4.950495049504955,0.023656084301809637,0.12791603630714013,5.028571428571427,0.1851728670466322,0.7154405820533549,132100.0,,,OK,RECOVERY_PARTIAL,False
2026-09-29,v2.3.2,403870,HPSP,BOTH,2026-09-29:403870:2,210,2026-09-29 13:24:00.000,2026-09-29 13:24:00.000,WATCH,WATCH,2026-09-29 09:54:00.000,57900.0,3,1,59400.0,61500.0,60450.0,3.535353535353525,0.19047619047619047,,INSUFFICIENT_CURRENT_WINDOW,False,1.0135135135135087,,INSUFFICIENT_CURRENT_WINDOW,,INSUFFICIENT_CURRENT_WINDOW,98,,,,,,,,59200.0,,,OK,RECOVERY_PARTIAL,False
2026-09-29,v2.3.2,256840,한국비엔씨,BASE,2026-09-29:256840:11,30,2026-09-29 13:30:00.000,2026-09-29 13:30:00.000,READY,READY,2026-09-29 13:00:00.000,3190.0,3,0,3190.0,3265.0,3227.5,2.351097178683381,0.8,,INSUFFICIENT_PRIOR_WINDOW,False,1.2461059190031154,0.9225335384476167,,0.9132581100141044,,30,2.351097178683381,1.4040561622464809,0.03980848889127979,0.2402035983904258,1.3281249999999911,0.20156121747161576,0.9132581100141044,3210.0,,,OK,RECOVERY_PARTIAL,False
2026-09-29,v2.3.2,028300,HLB,BASE,2026-09-29:028300:15,30,2026-09-29 13:33:00.000,2026-09-29 13:33:00.000,READY,READY,2026-09-29 13:03:00.000,38700.0,2,2,38850.0,41000.0,39925.0,5.534105534105538,0.9767441860465116,,INSUFFICIENT_PRIOR_WINDOW,False,4.731457800511518,0.5433297403544367,,1.1157765198129461,,30,5.534105534105538,5.202312138728327,0.12502295064165347,0.38437597014754243,4.874919820397694,0.4667047049803709,1.1157765198129461,39100.0,,,OK,RECOVERY_PARTIAL,False
2026-09-29,v2.3.2,161580,필옵틱스,BOTH,2026-09-29:161580:1,210,2026-09-29 13:35:00.000,2026-09-29 13:35:00.000,WATCH,WATCH,2026-09-29 10:05:00.000,36700.0,5,2,36650.0,39400.0,38025.0,7.5034106412005475,0.41818181818181815,,INSUFFICIENT_PRIOR_WINDOW,False,0.8000000000000007,0.29305683562250734,,0.5312833653640828,,210,7.5034106412005475,0.9345794392523255,-0.0042616041498395995,0.3194236684213892,1.6129032258064502,0.013999187913169888,0.5312833653640828,37500.0,,,OK,RECOVERY_PARTIAL,False
2026-09-29,v2.3.2,452190,한빛레이저,BOTH,2026-09-29:452190:7,30,2026-09-29 13:39:00.000,2026-09-29 13:39:00.000,READY,READY,2026-09-29 13:09:00.000,6060.0,2,3,6070.0,6470.0,6270.0,6.58978583196046,0.825,,INSUFFICIENT_PRIOR_WINDOW,False,4.404567699836859,1.8865324811599733,,1.7580265566435191,,30,6.58978583196046,4.746317512274967,0.19754628255799772,0.5006142993640086,5.1724137931034475,0.32693057573636014,1.7580265566435191,6130.0,,,OK,RECOVERY_PARTIAL,False
2026-09-29,v2.3.2,042700,한미반도체,BASE,2026-09-29:042700:1,240,2026-09-29 13:42:00.000,2026-09-29 13:42:00.000,WATCH,WATCH,2026-09-29 09:42:00.000,244000.0,15,1,243500.0,252000.0,247750.0,3.490759753593431,0.47058823529411764,,INSUFFICIENT_PRIOR_WINDOW,False,0.6097560975609762,0.624262050184067,,3.6991924629878867,,240,3.490759753593431,0.8146639511201537,0.005767100575864979,0.12999879414272786,1.0204081632652962,0.02622051843806347,3.6991924629878867,246000.0,,,OK,RECOVERY_PARTIAL,False
2026-09-29,v2.3.2,490470,세미파이브,BOTH,2026-09-29:490470:3,90,2026-09-29 13:48:00.000,2026-09-29 13:48:00.000,WATCH,WATCH,2026-09-29 12:18:00.000,17700.0,2,1,17790.0,19830.0,18810.0,11.467116357504214,0.45098039215686275,,INSUFFICIENT_PRIOR_WINDOW,False,1.9063180827886717,0.4240830360637207,,0.9947095852493415,,90,11.467116357504214,3.9444444444444393,0.002670654356047614,0.5390706524562218,4.330818664431413,0.08221482712412162,0.9947095852493415,18360.0,,,OK,RECOVERY_PARTIAL,False
2026-09-29,v2.3.2,001820,삼화콘덴서,BASE,2026-09-29:001820:3,240,2026-09-29 13:50:00.000,2026-09-29 13:50:00.000,READY,READY,2026-09-29 09:50:00.000,147300.0,2,2,147900.0,154400.0,151150.0,4.394861392833005,0.8153846153846154,,INSUFFICIENT_PRIOR_WINDOW,False,2.9569892473118253,1.9669316029891872,,8.361507128309572,,240,4.394861392833005,3.304113283884025,0.010238945717629655,0.12804787602479165,3.3760972316002613,0.10796541264688127,8.361507128309572,148800.0,,,OK,RECOVERY_PARTIAL,False
2026-09-29,v2.3.2,000990,DB하이텍,BASE,2026-09-29:000990:4,240,2026-09-29 13:51:00.000,2026-09-29 13:51:00.000,WATCH,WATCH,2026-09-29 09:51:00.000,130800.0,2,0,131000.0,139000.0,135000.0,6.106870229007644,0.925,,INSUFFICIENT_PRIOR_WINDOW,True,4.769114307342925,0.7449504167780788,,0.5081685296646603,,240,6.106870229007644,5.407463823305414,0.01996511202335732,0.12427966994507188,5.37142857142856,0.18205207380763985,0.5081685296646603,132100.0,,,OK,RECOVERY_PARTIAL,False
2026-09-29,v2.3.2,403870,HPSP,BOTH,2026-09-29:403870:2,240,2026-09-29 13:54:00.000,2026-09-29 13:54:00.000,WATCH,WATCH,2026-09-29 09:54:00.000,57900.0,3,1,59400.0,61500.0,60450.0,3.535353535353525,0.38095238095238093,,INSUFFICIENT_CURRENT_WINDOW,False,1.6891891891891886,,INSUFFICIENT_CURRENT_WINDOW,,INSUFFICIENT_CURRENT_WINDOW,128,,,,,,,,59200.0,,,OK,RECOVERY_PARTIAL,False
2026-09-29,v2.3.2,256840,한국비엔씨,BASE,2026-09-29:256840:11,60,2026-09-29 14:00:00.000,2026-09-29 14:00:00.000,READY,READY,2026-09-29 13:00:00.000,3190.0,3,2,3190.0,3265.0,3227.5,2.351097178683381,0.8666666666666667,,INSUFFICIENT_PRIOR_WINDOW,False,1.4018691588784993,0.442259661633233,,0.7666786873422287,,60,2.351097178683381,1.5600624024961096,0.01245362401325728,0.21475587441126578,1.6406249999999956,0.12312462095863481,0.7666786873422287,3210.0,,,OK,RECOVERY_PARTIAL,False
2026-09-29,v2.3.2,028300,HLB,BASE,2026-09-29:028300:15,60,2026-09-29 14:03:00.000,2026-09-29 14:03:00.000,READY,READY,2026-09-29 13:03:00.000,38700.0,2,1,38850.0,41400.0,40125.0,6.563706563706573,0.9803921568627451,,INSUFFICIENT_PRIOR_WINDOW,False,5.754475703324813,0.4608499165489794,,2.7444603531737917,,60,6.563706563706573,6.229929351316632,0.04682846498251227,0.3285809523654166,5.580500320718418,0.32135771152748466,2.7444603531737917,39100.0,,,OK,RECOVERY_PARTIAL,False
2026-09-29,v2.3.2,161580,필옵틱스,BOTH,2026-09-29:161580:1,240,2026-09-29 14:05:00.000,2026-09-29 14:05:00.000,WATCH,WATCH,2026-09-29 10:05:00.000,36700.0,5,2,36650.0,39400.0,38025.0,7.5034106412005475,0.45454545454545453,,INSUFFICIENT_PRIOR_WINDOW,False,1.0666666666666602,0.3217982056888228,,0.9235768713581354,,240,7.5034106412005475,1.2016021361815676,-0.0005102667489475538,0.30691724687799943,1.6801075268817245,0.01638104098711075,0.9235768713581354,37500.0,,,OK,RECOVERY_PARTIAL,False
2026-09-29,v2.3.2,452190,한빛레이저,BOTH,2026-09-29:452190:7,60,2026-09-29 14:09:00.000,2026-09-29 14:09:00.000,WATCH,WATCH,2026-09-29 13:09:00.000,6060.0,2,0,6070.0,6470.0,6270.0,6.58978583196046,0.45,,INSUFFICIENT_PRIOR_WINDOW,True,1.9575856443719397,0.8261102621588182,,2.12871546038295,,60,6.58978583196046,2.2913256955810146,0.0691249478737729,0.47165489558182094,2.8735632183908066,0.0823399250224132,2.12871546038295,6130.0,,,OK,RECOVERY_PARTIAL,False
2026-09-29,v2.3.2,490470,세미파이브,BOTH,2026-09-29:490470:3,120,2026-09-29 14:18:00.000,2026-09-29 14:18:00.000,WATCH,WATCH,2026-09-29 12:18:00.000,17700.0,2,0,17790.0,19830.0,18810.0,11.467116357504214,0.4411764705882353,,INSUFFICIENT_PRIOR_WINDOW,False,1.7973856209150263,0.439499322088832,,0.2215609633085361,,120,11.467116357504214,3.833333333333333,-0.008865391886782259,0.5066708460371707,4.386700195585358,0.06357753836836785,0.2215609633085361,18360.0,,,OK,RECOVERY_PARTIAL,False
2026-09-29,v2.3.2,256840,한국비엔씨,BASE,2026-09-29:256840:11,90,2026-09-29 14:30:00.000,2026-09-29 14:30:00.000,WATCH,WATCH,2026-09-29 13:00:00.000,3190.0,3,0,3190.0,3285.0,3237.5,2.9780564263322873,0.47368421052631576,,INSUFFICIENT_PRIOR_WINDOW,True,0.7788161993769416,0.5997730246777762,,1.0775607958732498,,90,2.9780564263322873,0.9360374414976613,0.011690997334917474,0.20097003902583413,1.2499999999999956,0.05233255003855208,1.0775607958732498,3210.0,,,OK,RECOVERY_PARTIAL,False
2026-09-29,v2.3.2,028300,HLB,BASE,2026-09-29:028300:15,90,2026-09-29 14:33:00.000,2026-09-29 14:33:00.000,READY,READY,2026-09-29 13:03:00.000,38700.0,2,1,38850.0,41400.0,40125.0,6.563706563706573,0.5098039215686274,,INSUFFICIENT_PRIOR_WINDOW,False,2.6854219948849067,0.5464891438902912,,0.5268920812894183,,90,6.563706563706573,3.1470777135516936,0.018002967928278053,0.267378198436994,3.0788967286722313,0.1322487171896489,0.5268920812894183,39100.0,,,OK,RECOVERY_PARTIAL,False
2026-09-29,v2.3.2,452190,한빛레이저,BOTH,2026-09-29:452190:7,90,2026-09-29 14:39:00.000,2026-09-29 14:39:00.000,WATCH,WATCH,2026-09-29 13:09:00.000,6060.0,2,1,6070.0,6470.0,6270.0,6.58978583196046,0.325,,INSUFFICIENT_PRIOR_WINDOW,False,1.1419249592169667,0.4453068249200081,,0.899074426271079,,90,6.58978583196046,1.4729950900163713,0.0001643599355951569,0.40639008670426785,1.4778325123152802,0.0407256652435061,0.899074426271079,6130.0,,,OK,RECOVERY_PARTIAL,False
2026-09-29,v2.3.2,490470,세미파이브,BOTH,2026-09-29:490470:3,150,2026-09-29 14:48:00.000,2026-09-29 14:48:00.000,WATCH,WATCH,2026-09-29 12:18:00.000,17700.0,2,1,17790.0,19830.0,18810.0,11.467116357504214,0.2549019607843137,,INSUFFICIENT_PRIOR_WINDOW,False,-0.2723311546840912,0.4376179256458636,,0.42158407563430556,,150,11.467116357504214,1.722222222222225,-0.022675575704599216,0.4815598995783193,2.4587873707739627,0.02400228593430912,0.42158407563430556,18360.0,,,OK,RECOVERY_PARTIAL,False
2026-09-29,v2.3.2,256840,한국비엔씨,BASE,2026-09-29:256840:11,120,2026-09-29 15:00:00.000,2026-09-29 15:00:00.000,READY,READY,2026-09-29 13:00:00.000,3190.0,3,2,3190.0,3300.0,3245.0,3.4482758620689724,0.9090909090909091,,INSUFFICIENT_PRIOR_WINDOW,False,2.492211838006231,1.0125810024415467,,3.461552612214864,,120,3.4482758620689724,2.6521060842433775,0.008696868466446414,0.20333618668057016,2.968750000000009,0.10960471971944358,3.461552612214864,3210.0,,,OK,RECOVERY_PARTIAL,False
2026-09-29,v2.3.2,028300,HLB,BASE,2026-09-29:028300:15,120,2026-09-29 15:03:00.000,2026-09-29 15:03:00.000,READY,READY,2026-09-29 13:03:00.000,38700.0,2,1,38850.0,41400.0,40125.0,6.563706563706573,0.5098039215686274,,INSUFFICIENT_PRIOR_WINDOW,False,2.6854219948849067,0.5735180901625514,,0.39823250728862974,,120,6.563706563706573,3.1470777135516936,-0.0041448767917810605,0.24198909202200175,2.950609364977552,0.10928604667813817,0.39823250728862974,39100.0,,,OK,RECOVERY_PARTIAL,False
2026-09-29,v2.3.2,452190,한빛레이저,BOTH,2026-09-29:452190:7,120,2026-09-29 15:09:00.000,2026-09-29 15:09:00.000,WATCH,WATCH,2026-09-29 13:09:00.000,6060.0,2,1,6070.0,6470.0,6270.0,6.58978583196046,0.25,,INSUFFICIENT_PRIOR_WINDOW,True,0.6525285481239873,0.2961983972411207,,0.49221628045157456,,120,6.58978583196046,0.9819967266775809,-0.013501403591288676,0.3839558865289947,1.4778325123152802,0.021492243309575845,0.49221628045157456,6130.0,,,OK,RECOVERY_PARTIAL,False
2026-09-29,v2.3.2,490470,세미파이브,BOTH,2026-09-29:490470:3,180,2026-09-29 15:18:00.000,2026-09-29 15:18:00.000,WATCH,WATCH,2026-09-29 12:18:00.000,17700.0,2,1,17790.0,19830.0,18810.0,11.467116357504214,0.49019607843137253,,INSUFFICIENT_PRIOR_WINDOW,False,2.342047930283231,0.4424537485807513,,2.1513031060335592,,180,11.467116357504214,4.388888888888887,-0.023345685109165463,0.44107822958740056,4.861693210393958,0.05558862509060403,2.1513031060335592,18360.0,,,OK,RECOVERY_PARTIAL,False
2026-09-29,v2.3.2,028300,HLB,BASE,2026-09-29:028300:15,150,2026-09-29 15:33:00.000,2026-09-29 20:00:00.000,NOT_REACHED_SESSION_END,NOT_REACHED_SESSION_END,2026-09-29 13:03:00.000,38700.0,2,1,39650.0,41000.0,40325.0,3.4047919293821005,0.9629629629629629,,NON_CONTIGUOUS_WINDOW,False,4.731457800511518,,NON_CONTIGUOUS_WINDOW,,NON_CONTIGUOUS_WINDOW,260,,,,,,,,39100.0,,,OK,RECOVERY_PARTIAL,False
2026-09-29,v2.3.2,028300,HLB,BASE,2026-09-29:028300:15,180,2026-09-29 16:03:00.000,2026-09-29 20:00:00.000,NOT_REACHED_SESSION_END,NOT_REACHED_SESSION_END,2026-09-29 13:03:00.000,38700.0,2,1,39650.0,41000.0,40325.0,3.4047919293821005,0.9629629629629629,,NON_CONTIGUOUS_WINDOW,False,4.731457800511518,,NON_CONTIGUOUS_WINDOW,,NON_CONTIGUOUS_WINDOW,260,,,,,,,,39100.0,,,OK,RECOVERY_PARTIAL,False
2026-09-29,v2.3.2,028300,HLB,BASE,2026-09-29:028300:15,210,2026-09-29 16:33:00.000,2026-09-29 20:00:00.000,NOT_REACHED_SESSION_END,NOT_REACHED_SESSION_END,2026-09-29 13:03:00.000,38700.0,2,1,39650.0,41000.0,40325.0,3.4047919293821005,0.9629629629629629,,NON_CONTIGUOUS_WINDOW,False,4.731457800511518,,NON_CONTIGUOUS_WINDOW,,NON_CONTIGUOUS_WINDOW,260,,,,,,,,39100.0,,,OK,RECOVERY_PARTIAL,False
2026-09-29,v2.3.2,028300,HLB,BASE,2026-09-29:028300:15,240,2026-09-29 17:03:00.000,2026-09-29 20:00:00.000,NOT_REACHED_SESSION_END,NOT_REACHED_SESSION_END,2026-09-29 13:03:00.000,38700.0,2,1,39650.0,41000.0,40325.0,3.4047919293821005,0.9629629629629629,,NON_CONTIGUOUS_WINDOW,False,4.731457800511518,,NON_CONTIGUOUS_WINDOW,,NON_CONTIGUOUS_WINDOW,260,,,,,,,,39100.0,,,OK,RECOVERY_PARTIAL,False
2026-09-29,v2.3.2,256840,한국비엔씨,BASE,2026-09-29:256840:11,150,2026-09-29 15:30:00.000,2026-09-29 20:00:00.000,NOT_REACHED_SESSION_END,NOT_REACHED_SESSION_END,2026-09-29 13:00:00.000,3190.0,3,0,3250.0,3315.0,3282.5,2.0000000000000018,0.6923076923076923,,INSUFFICIENT_CURRENT_WINDOW,False,2.6479750778816147,,INSUFFICIENT_CURRENT_WINDOW,,INSUFFICIENT_CURRENT_WINDOW,69,,,,,,,,3210.0,,,OK,RECOVERY_PARTIAL,False
2026-09-29,v2.3.2,256840,한국비엔씨,BASE,2026-09-29:256840:11,180,2026-09-29 16:00:00.000,2026-09-29 20:00:00.000,NOT_REACHED_SESSION_END,NOT_REACHED_SESSION_END,2026-09-29 13:00:00.000,3190.0,3,0,3250.0,3315.0,3282.5,2.0000000000000018,0.6923076923076923,,INSUFFICIENT_CURRENT_WINDOW,False,2.6479750778816147,,INSUFFICIENT_CURRENT_WINDOW,,INSUFFICIENT_CURRENT_WINDOW,69,,,,,,,,3210.0,,,OK,RECOVERY_PARTIAL,False
2026-09-29,v2.3.2,256840,한국비엔씨,BASE,2026-09-29:256840:11,210,2026-09-29 16:30:00.000,2026-09-29 20:00:00.000,NOT_REACHED_SESSION_END,NOT_REACHED_SESSION_END,2026-09-29 13:00:00.000,3190.0,3,0,3250.0,3315.0,3282.5,2.0000000000000018,0.6923076923076923,,INSUFFICIENT_CURRENT_WINDOW,False,2.6479750778816147,,INSUFFICIENT_CURRENT_WINDOW,,INSUFFICIENT_CURRENT_WINDOW,69,,,,,,,,3210.0,,,OK,RECOVERY_PARTIAL,False
2026-09-29,v2.3.2,256840,한국비엔씨,BASE,2026-09-29:256840:11,240,2026-09-29 17:00:00.000,2026-09-29 20:00:00.000,NOT_REACHED_SESSION_END,NOT_REACHED_SESSION_END,2026-09-29 13:00:00.000,3190.0,3,0,3250.0,3315.0,3282.5,2.0000000000000018,0.6923076923076923,,INSUFFICIENT_CURRENT_WINDOW,False,2.6479750778816147,,INSUFFICIENT_CURRENT_WINDOW,,INSUFFICIENT_CURRENT_WINDOW,69,,,,,,,,3210.0,,,OK,RECOVERY_PARTIAL,False
2026-09-29,v2.3.2,452190,한빛레이저,BOTH,2026-09-29:452190:7,150,2026-09-29 15:39:00.000,2026-09-29 20:00:00.000,NOT_REACHED_SESSION_END,NOT_REACHED_SESSION_END,2026-09-29 13:09:00.000,6060.0,2,0,6040.0,6230.0,6135.0,3.14569536423841,0.10526315789473684,,NON_CONTIGUOUS_WINDOW,False,-1.1419249592169667,,NON_CONTIGUOUS_WINDOW,,NON_CONTIGUOUS_WINDOW,242,,,,,,,,6130.0,,,OK,RECOVERY_PARTIAL,False
2026-09-29,v2.3.2,452190,한빛레이저,BOTH,2026-09-29:452190:7,180,2026-09-29 16:09:00.000,2026-09-29 20:00:00.000,NOT_REACHED_SESSION_END,NOT_REACHED_SESSION_END,2026-09-29 13:09:00.000,6060.0,2,0,6040.0,6230.0,6135.0,3.14569536423841,0.10526315789473684,,NON_CONTIGUOUS_WINDOW,False,-1.1419249592169667,,NON_CONTIGUOUS_WINDOW,,NON_CONTIGUOUS_WINDOW,242,,,,,,,,6130.0,,,OK,RECOVERY_PARTIAL,False
2026-09-29,v2.3.2,452190,한빛레이저,BOTH,2026-09-29:452190:7,210,2026-09-29 16:39:00.000,2026-09-29 20:00:00.000,NOT_REACHED_SESSION_END,NOT_REACHED_SESSION_END,2026-09-29 13:09:00.000,6060.0,2,0,6040.0,6230.0,6135.0,3.14569536423841,0.10526315789473684,,NON_CONTIGUOUS_WINDOW,False,-1.1419249592169667,,NON_CONTIGUOUS_WINDOW,,NON_CONTIGUOUS_WINDOW,242,,,,,,,,6130.0,,,OK,RECOVERY_PARTIAL,False
2026-09-29,v2.3.2,452190,한빛레이저,BOTH,2026-09-29:452190:7,240,2026-09-29 17:09:00.000,2026-09-29 20:00:00.000,NOT_REACHED_SESSION_END,NOT_REACHED_SESSION_END,2026-09-29 13:09:00.000,6060.0,2,0,6040.0,6230.0,6135.0,3.14569536423841,0.10526315789473684,,NON_CONTIGUOUS_WINDOW,False,-1.1419249592169667,,NON_CONTIGUOUS_WINDOW,,NON_CONTIGUOUS_WINDOW,242,,,,,,,,6130.0,,,OK,RECOVERY_PARTIAL,False
2026-09-29,v2.3.2,490470,세미파이브,BOTH,2026-09-29:490470:3,210,2026-09-29 15:48:00.000,2026-09-29 20:00:00.000,NOT_REACHED_SESSION_END,NOT_REACHED_SESSION_END,2026-09-29 12:18:00.000,17700.0,2,1,18510.0,18990.0,18750.0,2.593192868719618,0.875,,NON_CONTIGUOUS_WINDOW,False,3.104575163398682,,NON_CONTIGUOUS_WINDOW,,NON_CONTIGUOUS_WINDOW,243,,,,,,,,18360.0,,,OK,RECOVERY_PARTIAL,False
2026-09-29,v2.3.2,490470,세미파이브,BOTH,2026-09-29:490470:3,240,2026-09-29 16:18:00.000,2026-09-29 20:00:00.000,NOT_REACHED_SESSION_END,NOT_REACHED_SESSION_END,2026-09-29 12:18:00.000,17700.0,2,1,18510.0,18990.0,18750.0,2.593192868719618,0.875,,NON_CONTIGUOUS_WINDOW,False,3.104575163398682,,NON_CONTIGUOUS_WINDOW,,NON_CONTIGUOUS_WINDOW,243,,,,,,,,18360.0,,,OK,RECOVERY_PARTIAL,False
