date,version,event_id,event,box_id,stock_code,stock_name,event_time,balance_duration_min,base_high,base_low,breakout_close,trade_id,reason
2026-10-01,v2.3.3,2026-10-01:403870:2026-10-01:403870:1:BASE_READY,BASE_READY,2026-10-01:403870:1,403870,HPSP,2026-10-01 11:19:00.000,60,67700.0,66900.0,,,
2026-10-01,v2.3.3,2026-10-01:043260:2026-10-01:043260:1:BASE_READY,BASE_READY,2026-10-01:043260:1,043260,성호전자,2026-10-01 11:31:00.000,60,27800.0,27450.0,,,
2026-10-01,v2.3.3,2026-10-01:093370:2026-10-01:093370:1:BASE_READY,BASE_READY,2026-10-01:093370:1,093370,후성,2026-10-01 11:45:00.000,60,15780.0,15570.0,,,
2026-10-01,v2.3.3,2026-10-01:043260:2026-10-01:043260:1:BASE_EXPIRED,BASE_EXPIRED,2026-10-01:043260:1,043260,성호전자,2026-10-01 11:45:00.000,60,27800.0,27450.0,,,LOW_BREAK
2026-10-01,v2.3.3,2026-10-01:403870:2026-10-01:403870:1:BASE_MATURE:90,BASE_MATURE,2026-10-01:403870:1,403870,HPSP,2026-10-01 11:49:00.000,90,67700.0,66900.0,,,
2026-10-01,v2.3.3,2026-10-01:012330:2026-10-01:012330:1:BASE_READY,BASE_READY,2026-10-01:012330:1,012330,현대모비스,2026-10-01 11:49:00.000,60,380500.0,377000.0,,,
2026-10-01,v2.3.3,2026-10-01:005290:2026-10-01:005290:1:BASE_READY,BASE_READY,2026-10-01:005290:1,005290,동진쎄미켐,2026-10-01 11:50:00.000,60,51900.0,51200.0,,,
2026-10-01,v2.3.3,2026-10-01:043260:2026-10-01:043260:2:BASE_READY,BASE_READY,2026-10-01:043260:2,043260,성호전자,2026-10-01 11:59:00.000,60,27700.0,27350.0,,,
2026-10-01,v2.3.3,2026-10-01:240810:2026-10-01:240810:1:BASE_READY,BASE_READY,2026-10-01:240810:1,240810,원익IPS,2026-10-01 12:00:00.000,60,139600.0,138200.0,,,
2026-10-01,v2.3.3,2026-10-01:080220:2026-10-01:080220:1:BASE_READY,BASE_READY,2026-10-01:080220:1,080220,제주반도체,2026-10-01 12:03:00.000,60,84500.0,83400.0,,,
2026-10-01,v2.3.3,2026-10-01:403870:2026-10-01:403870:1:BASE_EXPIRED,BASE_EXPIRED,2026-10-01:403870:1,403870,HPSP,2026-10-01 12:05:00.000,90,67700.0,66900.0,,,LOW_BREAK
2026-10-01,v2.3.3,2026-10-01:093370:2026-10-01:093370:1:BASE_MATURE:90,BASE_MATURE,2026-10-01:093370:1,093370,후성,2026-10-01 12:15:00.000,90,15780.0,15570.0,,,
2026-10-01,v2.3.3,2026-10-01:012330:2026-10-01:012330:1:BASE_MATURE:90,BASE_MATURE,2026-10-01:012330:1,012330,현대모비스,2026-10-01 12:19:00.000,90,380500.0,377000.0,,,
2026-10-01,v2.3.3,2026-10-01:005290:2026-10-01:005290:1:BASE_MATURE:90,BASE_MATURE,2026-10-01:005290:1,005290,동진쎄미켐,2026-10-01 12:20:00.000,90,51900.0,51200.0,,,
2026-10-01,v2.3.3,2026-10-01:043260:2026-10-01:043260:2:BASE_MATURE:90,BASE_MATURE,2026-10-01:043260:2,043260,성호전자,2026-10-01 12:29:00.000,90,27700.0,27350.0,,,
2026-10-01,v2.3.3,2026-10-01:005290:2026-10-01:005290:1:BREAKOUT_WATCH:122900,BREAKOUT_WATCH,2026-10-01:005290:1,005290,동진쎄미켐,2026-10-01 12:29:00.000,90,51900.0,51200.0,52000.0,,
2026-10-01,v2.3.3,2026-10-01:003160:2026-10-01:003160:1:BASE_READY,BASE_READY,2026-10-01:003160:1,003160,디아이,2026-10-01 12:29:00.000,60,39500.0,39000.0,,,
2026-10-01,v2.3.3,2026-10-01:240810:2026-10-01:240810:1:BASE_MATURE:90,BASE_MATURE,2026-10-01:240810:1,240810,원익IPS,2026-10-01 12:30:00.000,90,139600.0,138200.0,,,
2026-10-01,v2.3.3,2026-10-01:005290:2026-10-01:005290:1:BASE_BREAKOUT,BASE_BREAKOUT,2026-10-01:005290:1,005290,동진쎄미켐,2026-10-01 12:30:00.000,90,51900.0,51200.0,52000.0,,
2026-10-01,v2.3.3,2026-10-01:080220:2026-10-01:080220:1:BASE_MATURE:90,BASE_MATURE,2026-10-01:080220:1,080220,제주반도체,2026-10-01 12:33:00.000,90,84500.0,83400.0,,,
2026-10-01,v2.3.3,2026-10-01:012330:2026-10-01:012330:1:BASE_EXPIRED,BASE_EXPIRED,2026-10-01:012330:1,012330,현대모비스,2026-10-01 12:33:00.000,120,380500.0,377000.0,,,LOW_BREAK
2026-10-01,v2.3.3,2026-10-01:012330:2026-10-01:012330:2:BASE_READY,BASE_READY,2026-10-01:012330:2,012330,현대모비스,2026-10-01 12:34:00.000,90,379500.0,375500.0,,,
2026-10-01,v2.3.3,2026-10-01:043260:2026-10-01:043260:2:BREAKOUT_WATCH:123600,BREAKOUT_WATCH,2026-10-01:043260:2,043260,성호전자,2026-10-01 12:36:00.000,90,27700.0,27350.0,27750.0,,
2026-10-01,v2.3.3,2026-10-01:043260:2026-10-01:043260:2:BASE_BREAKOUT,BASE_BREAKOUT,2026-10-01:043260:2,043260,성호전자,2026-10-01 12:37:00.000,120,27700.0,27350.0,27750.0,,
2026-10-01,v2.3.3,2026-10-01:067310:2026-10-01:067310:1:BASE_READY,BASE_READY,2026-10-01:067310:1,067310,하나마이크론,2026-10-01 12:38:00.000,60,50100.0,49450.0,,,
2026-10-01,v2.3.3,2026-10-01:093370:2026-10-01:093370:1:BASE_MATURE:120,BASE_MATURE,2026-10-01:093370:1,093370,후성,2026-10-01 12:45:00.000,120,15780.0,15570.0,,,
2026-10-01,v2.3.3,2026-10-01:080220:2026-10-01:080220:1:BREAKOUT_WATCH:125600,BREAKOUT_WATCH,2026-10-01:080220:1,080220,제주반도체,2026-10-01 12:56:00.000,90,84500.0,83400.0,84600.0,,
2026-10-01,v2.3.3,2026-10-01:002710:2026-10-01:002710:1:BASE_READY,BASE_READY,2026-10-01:002710:1,002710,TCC스틸,2026-10-01 12:56:00.000,60,13910.0,13710.0,,,
2026-10-01,v2.3.3,2026-10-01:080220:2026-10-01:080220:1:BASE_BREAKOUT,BASE_BREAKOUT,2026-10-01:080220:1,080220,제주반도체,2026-10-01 12:57:00.000,90,84500.0,83400.0,84700.0,,
2026-10-01,v2.3.3,2026-10-01:003160:2026-10-01:003160:1:BASE_MATURE:90,BASE_MATURE,2026-10-01:003160:1,003160,디아이,2026-10-01 12:59:00.000,90,39500.0,39000.0,,,
2026-10-01,v2.3.3,2026-10-01:240810:2026-10-01:240810:1:BASE_MATURE:120,BASE_MATURE,2026-10-01:240810:1,240810,원익IPS,2026-10-01 13:00:00.000,120,139600.0,138200.0,,,
2026-10-01,v2.3.3,2026-10-01:012330:2026-10-01:012330:2:BASE_MATURE:120,BASE_MATURE,2026-10-01:012330:2,012330,현대모비스,2026-10-01 13:04:00.000,120,379500.0,375500.0,,,
2026-10-01,v2.3.3,2026-10-01:067310:2026-10-01:067310:1:BASE_MATURE:90,BASE_MATURE,2026-10-01:067310:1,067310,하나마이크론,2026-10-01 13:08:00.000,90,50100.0,49450.0,,,
2026-10-01,v2.3.3,2026-10-01:003160:2026-10-01:003160:1:BREAKOUT_WATCH:131200,BREAKOUT_WATCH,2026-10-01:003160:1,003160,디아이,2026-10-01 13:12:00.000,60,39500.0,39000.0,39550.0,,
2026-10-01,v2.3.3,2026-10-01:003160:2026-10-01:003160:1:BASE_BREAKOUT,BASE_BREAKOUT,2026-10-01:003160:1,003160,디아이,2026-10-01 13:13:00.000,60,39500.0,39000.0,39500.0,,
2026-10-01,v2.3.3,2026-10-01:093370:2026-10-01:093370:1:BASE_MATURE:150,BASE_MATURE,2026-10-01:093370:1,093370,후성,2026-10-01 13:15:00.000,150,15780.0,15570.0,,,
2026-10-01,v2.3.3,2026-10-01:002710:2026-10-01:002710:1:BASE_MATURE:90,BASE_MATURE,2026-10-01:002710:1,002710,TCC스틸,2026-10-01 13:26:00.000,90,13910.0,13710.0,,,
2026-10-01,v2.3.3,2026-10-01:240810:2026-10-01:240810:1:BASE_MATURE:150,BASE_MATURE,2026-10-01:240810:1,240810,원익IPS,2026-10-01 13:30:00.000,150,139600.0,138200.0,,,
2026-10-01,v2.3.3,2026-10-01:002710:2026-10-01:002710:1:BREAKOUT_WATCH:133100,BREAKOUT_WATCH,2026-10-01:002710:1,002710,TCC스틸,2026-10-01 13:31:00.000,60,13910.0,13710.0,13970.0,,
2026-10-01,v2.3.3,2026-10-01:002710:2026-10-01:002710:1:BASE_BREAKOUT,BASE_BREAKOUT,2026-10-01:002710:1,002710,TCC스틸,2026-10-01 13:32:00.000,60,13910.0,13710.0,13990.0,,
2026-10-01,v2.3.3,2026-10-01:002710:2026-10-01:002710:1:BOX_CLEANUP:133400,BOX_CLEANUP,2026-10-01:002710:1,002710,TCC스틸,2026-10-01 13:34:00.000,60,13910.0,13710.0,,,SEQUENCE_GAP
2026-10-01,v2.3.3,2026-10-01:003160:2026-10-01:003160:1:BOX_CLEANUP:133400,BOX_CLEANUP,2026-10-01:003160:1,003160,디아이,2026-10-01 13:34:00.000,60,39500.0,39000.0,,,SEQUENCE_GAP
2026-10-01,v2.3.3,2026-10-01:080220:2026-10-01:080220:1:BOX_CLEANUP:133400,BOX_CLEANUP,2026-10-01:080220:1,080220,제주반도체,2026-10-01 13:34:00.000,90,84500.0,83400.0,,,SEQUENCE_GAP
2026-10-01,v2.3.3,2026-10-01:005290:2026-10-01:005290:1:BOX_CLEANUP:133400,BOX_CLEANUP,2026-10-01:005290:1,005290,동진쎄미켐,2026-10-01 13:34:00.000,90,51900.0,51200.0,,,SEQUENCE_GAP
2026-10-01,v2.3.3,2026-10-01:043260:2026-10-01:043260:2:BOX_CLEANUP:133400,BOX_CLEANUP,2026-10-01:043260:2,043260,성호전자,2026-10-01 13:34:00.000,120,27700.0,27350.0,,,SEQUENCE_GAP
2026-10-01,v2.3.3,2026-10-01:012330:2026-10-01:012330:2:BASE_EXPIRED,BASE_EXPIRED,2026-10-01:012330:2,012330,현대모비스,2026-10-01 13:34:00.000,150,379500.0,375500.0,,,SEQUENCE_GAP
2026-10-01,v2.3.3,2026-10-01:093370:2026-10-01:093370:1:BASE_EXPIRED,BASE_EXPIRED,2026-10-01:093370:1,093370,후성,2026-10-01 13:34:00.000,90,15780.0,15570.0,,,SEQUENCE_GAP
2026-10-01,v2.3.3,2026-10-01:240810:2026-10-01:240810:1:BASE_EXPIRED,BASE_EXPIRED,2026-10-01:240810:1,240810,원익IPS,2026-10-01 13:34:00.000,180,139600.0,138200.0,,,SEQUENCE_GAP
2026-10-01,v2.3.3,2026-10-01:067310:2026-10-01:067310:1:BASE_EXPIRED,BASE_EXPIRED,2026-10-01:067310:1,067310,하나마이크론,2026-10-01 13:34:00.000,90,50100.0,49450.0,,,SEQUENCE_GAP
