datetime,version,candidate_count,open_strategy_count,tick_queue_backlog,writer_queue_backlog,pending_notifications,unknown_notifications,halted,ticks,gaps,bars,invalid_bars,save_failures
2026-09-22 07:22:05.212,v2.2.0,0,0,0,0,0,0,False,0,0,0,0,0
2026-09-22 07:23:05.243,v2.2.0,0,0,0,0,0,0,False,0,0,0,0,0
2026-09-22 07:24:05.300,v2.2.0,0,0,0,0,0,0,False,0,0,0,0,0
2026-09-22 07:25:05.356,v2.2.0,0,0,0,0,0,0,False,0,0,0,0,0
2026-09-22 07:26:05.403,v2.2.0,0,0,0,0,0,0,False,0,0,0,0,0
2026-09-22 07:27:05.470,v2.2.0,0,0,0,0,0,0,False,0,0,0,0,0
2026-09-22 07:28:05.524,v2.2.0,0,0,0,0,0,0,False,0,0,0,0,0
2026-09-22 07:29:05.562,v2.2.0,0,0,0,0,0,0,False,0,0,0,0,0
2026-09-22 07:30:05.642,v2.2.0,0,0,0,0,0,0,False,0,0,0,0,0
2026-09-22 07:31:05.683,v2.2.0,0,0,0,0,0,0,False,0,0,0,0,0
2026-09-22 07:32:05.829,v2.2.0,0,0,0,0,0,0,False,0,0,0,0,0
2026-09-22 07:33:06.311,v2.2.0,0,0,0,0,0,0,False,0,0,0,0,0
2026-09-22 07:34:06.353,v2.2.0,0,0,0,0,0,0,False,0,0,0,0,0
2026-09-22 07:35:06.403,v2.2.0,0,0,0,0,0,0,False,0,0,0,0,0
2026-09-22 07:36:06.446,v2.2.0,0,0,0,0,0,0,False,0,0,0,0,0
2026-09-22 07:37:06.482,v2.2.0,0,0,0,0,0,0,False,0,0,0,0,0
2026-09-22 07:38:06.538,v2.2.0,0,0,0,0,0,0,False,0,0,0,0,0
2026-09-22 07:39:06.585,v2.2.0,0,0,0,0,0,0,False,0,0,0,0,0
2026-09-22 07:40:06.627,v2.2.0,0,0,0,0,0,0,False,0,0,0,0,0
2026-09-22 07:41:06.682,v2.2.0,0,0,0,0,0,0,False,0,0,0,0,0
2026-09-22 07:42:06.726,v2.2.0,0,0,0,0,0,0,False,0,0,0,0,0
2026-09-22 07:43:06.762,v2.2.0,0,0,0,0,0,0,False,0,0,0,0,0
2026-09-22 07:44:06.839,v2.2.0,0,0,0,0,0,0,False,0,0,0,0,0
2026-09-22 07:45:06.885,v2.2.0,0,0,0,0,0,0,False,0,0,0,0,0
2026-09-22 07:46:06.946,v2.2.0,0,0,0,0,0,0,False,0,0,0,0,0
2026-09-22 07:47:07.003,v2.2.0,0,0,0,0,0,0,False,0,0,0,0,0
2026-09-22 07:48:07.045,v2.2.0,0,0,0,0,0,0,False,0,0,0,0,0
2026-09-22 07:49:07.091,v2.2.0,0,0,0,0,0,0,False,0,0,0,0,0
2026-09-22 07:50:07.137,v2.2.0,0,0,0,0,0,0,False,0,0,0,0,0
2026-09-22 07:51:07.175,v2.2.0,0,0,0,0,0,0,False,0,0,0,0,0
2026-09-22 07:52:07.205,v2.2.0,0,0,0,0,0,0,False,0,0,0,0,0
2026-09-22 07:53:07.258,v2.2.0,0,0,0,0,0,0,False,0,0,0,0,0
2026-09-22 07:54:07.307,v2.2.0,0,0,0,0,0,0,False,0,0,0,0,0
2026-09-22 07:55:07.359,v2.2.0,0,0,0,0,0,0,False,0,0,0,0,0
2026-09-22 07:56:07.414,v2.2.0,0,0,0,0,0,0,False,0,0,0,0,0
2026-09-22 07:57:07.459,v2.2.0,0,0,0,0,0,0,False,0,0,0,0,0
2026-09-22 07:58:07.511,v2.2.0,0,0,0,0,0,0,False,0,0,0,0,0
2026-09-22 07:59:07.570,v2.2.0,0,0,0,0,0,0,False,0,0,0,0,0
2026-09-22 08:00:08.512,v2.2.0,0,0,0,0,0,0,False,0,0,0,0,0
2026-09-22 08:01:09.434,v2.2.0,0,0,0,0,0,0,False,0,0,0,0,0
2026-09-22 08:02:12.143,v2.2.0,0,0,0,0,0,0,False,0,0,0,0,0
2026-09-22 08:03:15.326,v2.2.0,0,0,0,0,0,0,False,0,0,0,0,0
2026-09-22 08:04:17.608,v2.2.0,0,0,0,0,0,0,False,0,0,0,0,0
2026-09-22 08:05:18.281,v2.2.0,0,0,0,0,0,0,False,0,0,0,0,0
2026-09-22 08:06:18.822,v2.2.0,0,0,0,0,0,0,False,0,0,0,0,0
2026-09-22 08:07:19.086,v2.2.0,0,0,0,0,0,0,False,0,0,0,0,0
2026-09-22 08:08:19.171,v2.2.0,0,0,0,0,0,0,False,0,0,0,0,0
2026-09-22 08:09:19.952,v2.2.0,0,0,0,0,0,0,False,0,0,0,0,0
2026-09-22 08:10:20.413,v2.2.0,0,0,0,0,0,0,False,0,0,0,0,0
2026-09-22 08:11:20.413,v2.2.0,0,0,0,0,0,0,False,0,0,0,0,0
2026-09-22 08:12:21.071,v2.2.0,0,0,0,0,0,0,False,0,0,0,0,0
2026-09-22 08:13:21.846,v2.2.0,0,0,0,0,0,0,False,0,0,0,0,0
2026-09-22 08:14:22.479,v2.2.0,0,0,0,0,0,0,False,0,0,0,0,0
2026-09-22 08:15:22.858,v2.2.0,0,0,0,0,0,0,False,0,0,0,0,0
2026-09-22 08:16:22.862,v2.2.0,0,0,0,0,0,0,False,0,0,0,0,0
2026-09-22 08:17:23.814,v2.2.0,0,0,0,0,0,0,False,0,0,0,0,0
2026-09-22 08:18:26.313,v2.2.0,0,0,0,0,0,0,False,0,0,0,0,0
2026-09-22 08:19:28.856,v2.2.0,0,0,0,0,0,0,False,0,0,0,0,0
2026-09-22 08:20:30.833,v2.2.0,0,0,0,0,0,0,False,0,0,0,0,0
2026-09-22 08:21:33.191,v2.2.0,0,0,0,0,0,0,False,0,0,0,0,0
2026-09-22 08:22:36.326,v2.2.0,0,0,0,0,0,0,False,0,0,0,0,0
2026-09-22 08:23:39.501,v2.2.0,0,0,0,0,0,0,False,0,0,0,0,0
2026-09-22 08:24:40.640,v2.2.0,0,0,0,0,0,0,False,0,0,0,0,0
2026-09-22 08:25:44.177,v2.2.0,0,0,0,0,0,0,False,0,0,0,0,0
2026-09-22 08:26:45.896,v2.2.0,0,0,0,0,0,0,False,0,0,0,0,0
2026-09-22 08:27:48.979,v2.2.0,0,0,0,0,0,0,False,0,0,0,0,0
2026-09-22 08:28:49.883,v2.2.0,0,0,0,0,0,0,False,0,0,0,0,0
2026-09-22 08:29:52.135,v2.2.0,0,0,0,0,0,0,False,0,0,0,0,0
2026-09-22 08:30:52.938,v2.2.0,0,0,0,0,0,0,False,0,0,0,0,0
2026-09-22 08:31:55.182,v2.2.0,0,0,0,0,0,0,False,0,0,0,0,0
2026-09-22 08:32:57.084,v2.2.0,0,0,0,0,0,0,False,0,0,0,0,0
2026-09-22 08:33:59.258,v2.2.0,0,0,0,0,0,0,False,0,0,0,0,0
2026-09-22 08:35:01.000,v2.2.0,0,0,0,0,0,0,False,0,0,0,0,0
2026-09-22 08:36:02.663,v2.2.0,0,0,0,0,0,0,False,0,0,0,0,0
2026-09-22 08:37:03.502,v2.2.0,0,0,0,0,0,0,False,0,0,0,0,0
2026-09-22 08:38:04.216,v2.2.0,0,0,0,0,0,0,False,0,0,0,0,0
2026-09-22 08:39:05.526,v2.2.0,0,0,0,0,0,0,False,0,0,0,0,0
2026-09-22 08:40:08.030,v2.2.0,0,0,0,0,0,0,False,0,0,0,0,0
2026-09-22 08:41:09.272,v2.2.0,0,0,0,0,0,0,False,0,0,0,0,0
2026-09-22 08:42:13.108,v2.2.0,0,0,0,0,0,0,False,0,0,0,0,0
2026-09-22 08:43:15.388,v2.2.0,0,0,0,0,0,0,False,0,0,0,0,0
2026-09-22 08:44:17.719,v2.2.0,0,0,0,0,0,0,False,0,0,0,0,0
2026-09-22 08:45:20.201,v2.2.0,0,0,0,0,0,0,False,0,0,0,0,0
2026-09-22 08:46:22.013,v2.2.0,0,0,0,0,0,0,False,0,0,0,0,0
2026-09-22 08:47:23.126,v2.2.0,0,0,0,0,0,0,False,0,0,0,0,0
2026-09-22 08:48:26.293,v2.2.0,0,0,0,0,0,0,False,0,0,0,0,0
2026-09-22 08:49:29.273,v2.2.0,0,0,0,0,0,0,False,0,0,0,0,0
2026-09-22 08:50:29.460,v2.2.0,0,0,0,0,0,0,False,0,0,0,0,0
2026-09-22 08:51:29.580,v2.2.0,0,0,0,0,0,0,False,0,0,0,0,0
2026-09-22 08:52:29.684,v2.2.0,0,0,0,0,0,0,False,0,0,0,0,0
2026-09-22 08:53:29.781,v2.2.0,0,0,0,0,0,0,False,0,0,0,0,0
2026-09-22 08:54:29.882,v2.2.0,0,0,0,0,0,0,False,0,0,0,0,0
2026-09-22 08:55:29.987,v2.2.0,0,0,0,0,0,0,False,0,0,0,0,0
2026-09-22 08:56:30.097,v2.2.0,0,0,0,0,0,0,False,0,0,0,0,0
2026-09-22 08:57:30.212,v2.2.0,0,0,0,0,0,0,False,0,0,0,0,0
2026-09-22 08:58:30.325,v2.2.0,0,0,0,0,0,0,False,0,0,0,0,0
2026-09-22 08:59:30.449,v2.2.0,0,0,0,0,0,0,False,0,0,0,0,0
2026-09-22 09:00:31.158,v2.2.0,0,0,0,0,0,0,False,0,0,0,0,0
2026-09-22 09:01:32.143,v2.2.0,1,144,0,0,0,0,False,844,0,0,0,0
2026-09-22 09:02:33.001,v2.2.0,3,378,0,0,0,0,False,3385,0,2,2,0
2026-09-22 09:03:33.472,v2.2.0,5,926,0,0,0,0,False,8391,0,6,4,0
2026-09-22 09:04:34.253,v2.2.0,6,688,0,0,0,0,False,16788,0,12,6,0
2026-09-22 09:05:38.320,v2.2.0,8,744,0,0,0,0,False,26711,0,18,6,0
2026-09-22 09:06:43.046,v2.2.0,10,1164,0,0,0,0,False,38920,0,26,8,0
2026-09-22 09:07:45.184,v2.2.0,11,1263,0,0,0,0,False,51238,0,37,11,0
2026-09-22 09:08:45.574,v2.2.0,11,1119,0,0,0,0,False,62718,0,48,11,0
2026-09-22 09:09:47.269,v2.2.0,11,1249,0,0,0,0,False,72893,0,59,11,0
2026-09-22 09:10:49.877,v2.2.0,11,1171,0,0,0,0,False,82608,0,70,11,0
2026-09-22 09:11:52.399,v2.2.0,12,1249,0,0,0,0,False,92841,0,81,11,0
2026-09-22 09:12:56.817,v2.2.0,13,1431,0,0,1,0,False,103648,0,93,12,0
2026-09-22 09:13:58.632,v2.2.0,13,1448,0,0,0,0,False,114548,0,106,13,0
2026-09-22 09:15:02.740,v2.2.0,13,1318,141,0,0,0,False,126073,0,132,13,0
2026-09-22 09:16:04.604,v2.2.0,14,1461,0,0,0,0,False,135631,0,146,14,0
2026-09-22 09:17:12.072,v2.2.0,15,1903,173,0,0,0,False,145999,0,161,15,0
2026-09-22 09:18:16.007,v2.2.0,15,1942,0,0,0,0,False,156171,0,176,15,0
2026-09-22 09:19:19.861,v2.2.0,15,1981,0,0,0,0,False,164857,0,191,15,0
2026-09-22 09:20:24.708,v2.2.0,15,2215,0,0,0,0,False,173050,0,206,15,0
2026-09-22 09:21:26.310,v2.2.0,15,2078,0,0,0,0,False,181555,0,221,15,0
2026-09-22 09:22:29.724,v2.2.0,15,2025,0,0,0,0,False,190089,0,236,15,0
2026-09-22 09:23:31.890,v2.2.0,15,2032,0,0,0,0,False,197800,0,251,15,0
2026-09-22 09:24:33.296,v2.2.0,15,1995,0,0,0,0,False,203854,0,266,15,0
2026-09-22 09:25:41.656,v2.2.0,16,2019,0,0,0,0,False,212426,0,281,15,0
2026-09-22 09:26:51.786,v2.2.0,16,1780,71,0,0,0,False,221894,9,297,16,0
2026-09-22 09:28:01.857,v2.2.0,16,1741,204,0,0,0,False,229827,9,321,23,0
2026-09-22 09:29:15.247,v2.2.0,16,1988,842,0,0,0,False,237522,9,345,23,0
2026-09-22 09:30:20.150,v2.2.0,16,2043,92,0,1,0,False,245574,9,361,23,0
2026-09-22 09:31:22.973,v2.2.0,17,2444,1451,1,0,0,False,252253,9,378,24,0
2026-09-22 09:32:23.628,v2.2.0,17,2265,132,0,0,0,False,262361,38,395,41,0
2026-09-22 09:33:37.695,v2.2.0,17,2160,0,0,0,0,False,271314,38,412,41,0
2026-09-22 09:34:49.276,v2.2.0,17,2108,0,0,0,0,False,279050,38,429,41,0
2026-09-22 09:36:04.063,v2.2.0,17,2207,4,0,0,0,False,286678,38,463,41,0
2026-09-22 09:37:23.907,v2.2.0,17,2290,1434,0,0,0,False,294051,38,480,41,0
2026-09-22 09:38:41.673,v2.2.0,17,2223,185,0,0,0,False,303247,38,497,41,0
2026-09-22 09:39:59.711,v2.2.0,17,2224,0,0,0,0,False,314551,38,514,41,0
2026-09-22 09:40:59.711,v2.2.0,17,2313,132,0,0,0,False,322017,38,531,41,0
2026-09-22 09:42:00.617,v2.2.0,17,2287,0,1,0,0,False,329744,38,561,41,0
2026-09-22 09:43:13.308,v2.2.0,17,2250,0,0,0,0,False,336690,38,582,41,0
2026-09-22 09:44:26.478,v2.2.0,17,2367,0,0,0,0,False,343153,38,599,41,0
2026-09-22 09:45:26.543,v2.2.0,17,2561,0,0,0,0,False,350429,38,616,41,0
2026-09-22 09:46:26.965,v2.2.0,17,2652,0,0,0,0,False,356186,38,633,41,0
2026-09-22 09:47:39.682,v2.2.0,17,2587,106,0,0,0,False,362234,38,650,41,0
2026-09-22 09:48:59.511,v2.2.0,17,2912,103,0,0,0,False,368223,38,666,41,0
2026-09-22 09:50:00.603,v2.2.0,17,3068,0,0,0,0,False,374203,38,696,42,0
2026-09-22 09:51:12.170,v2.2.0,17,3055,0,0,0,0,False,380784,38,717,42,0
2026-09-22 09:52:27.439,v2.2.0,17,3064,242,0,0,0,False,386092,38,734,42,0
2026-09-22 09:53:46.989,v2.2.0,17,3058,0,0,0,0,False,391276,38,751,42,0
2026-09-22 09:54:49.991,v2.2.0,17,3227,68,0,0,0,False,395078,38,768,42,0
2026-09-22 09:56:11.300,v2.2.0,17,3136,150,0,0,0,False,399978,38,802,42,0
2026-09-22 09:57:16.907,v2.2.0,17,3081,657,0,0,0,False,404335,38,819,42,0
2026-09-22 09:58:20.185,v2.2.0,17,3250,0,0,0,0,False,408870,38,836,42,0
2026-09-22 09:59:42.920,v2.2.0,17,3588,546,0,0,0,False,412812,38,853,42,0
2026-09-22 10:00:46.521,v2.2.0,17,3575,0,0,0,0,False,417039,38,870,42,0
2026-09-22 10:02:06.007,v2.2.0,17,3852,227,0,0,0,False,420994,38,903,42,0
2026-09-22 10:03:20.985,v2.2.0,17,3792,0,0,0,0,False,425118,38,921,42,0
2026-09-22 10:04:34.072,v2.2.0,17,3780,191,0,0,0,False,428644,38,938,42,0
2026-09-22 10:05:45.592,v2.2.0,17,3736,0,0,0,0,False,432146,38,955,42,0
2026-09-22 10:07:00.332,v2.2.0,18,4022,144,0,0,0,False,437929,38,972,42,0
2026-09-22 10:08:14.485,v2.2.0,18,3896,0,0,0,0,False,443790,38,1008,43,0
2026-09-22 10:09:22.566,v2.2.0,18,3845,0,0,0,0,False,448881,38,1026,43,0
2026-09-22 10:10:33.019,v2.2.0,18,3780,0,0,0,0,False,453539,38,1044,43,0
2026-09-22 10:11:50.002,v2.2.0,18,3755,97,0,0,0,False,457329,38,1061,43,0
2026-09-22 10:12:57.738,v2.2.0,18,3592,0,0,0,0,False,460689,38,1078,43,0
2026-09-22 10:14:07.848,v2.2.0,18,3496,0,0,0,0,False,464944,38,1114,44,0
2026-09-22 10:15:21.233,v2.2.0,18,3339,244,0,0,0,False,470891,38,1132,44,0
2026-09-22 10:16:25.225,v2.2.0,18,3178,526,0,0,0,False,475150,38,1150,44,0
2026-09-22 10:17:35.806,v2.2.0,18,3117,399,0,0,0,False,479117,38,1168,44,0
2026-09-22 10:18:42.661,v2.2.0,18,3107,0,0,0,0,False,483127,38,1186,44,0
2026-09-22 10:19:56.219,v2.2.0,18,3099,0,0,0,0,False,486851,38,1204,44,0
2026-09-22 10:21:10.665,v2.2.0,18,3217,0,0,0,0,False,490732,38,1240,44,0
2026-09-22 10:22:27.954,v2.2.0,18,3361,0,0,0,0,False,494638,38,1258,44,0
2026-09-22 10:23:39.208,v2.2.0,18,3336,0,0,0,0,False,497664,38,1276,44,0
2026-09-22 10:24:54.787,v2.2.0,18,3505,0,0,0,0,False,501119,38,1294,44,0
2026-09-22 10:25:55.443,v2.2.0,18,3652,0,0,0,0,False,504018,38,1312,44,0
2026-09-22 10:27:12.772,v2.2.0,18,3798,0,0,0,0,False,507228,38,1348,44,0
2026-09-22 10:28:30.908,v2.2.0,18,3798,0,0,0,0,False,510104,38,1366,44,0
2026-09-22 10:29:33.024,v2.2.0,18,3775,154,0,0,0,False,512759,38,1384,44,0
2026-09-22 10:30:38.946,v2.2.0,18,3669,0,0,0,0,False,516334,38,1402,44,0
2026-09-22 10:31:39.051,v2.2.0,18,3661,0,0,0,0,False,518824,38,1420,44,0
2026-09-22 10:32:39.655,v2.2.0,18,3595,0,0,0,0,False,521558,38,1438,44,0
2026-09-22 10:33:43.639,v2.2.0,18,3517,0,0,0,0,False,524701,38,1456,44,0
2026-09-22 10:34:46.642,v2.2.0,18,3484,0,0,0,0,False,528130,38,1474,44,0
2026-09-22 10:36:06.922,v2.2.0,18,3463,0,0,0,0,False,532235,38,1510,44,0
2026-09-22 10:37:27.019,v2.2.0,18,3434,0,0,0,0,False,536967,38,1528,44,0
2026-09-22 10:38:45.532,v2.2.0,18,3434,0,0,0,0,False,540989,38,1546,44,0
2026-09-22 10:39:47.709,v2.2.0,18,3434,0,0,0,0,False,544353,38,1564,44,0
2026-09-22 10:40:49.239,v2.2.0,18,3420,0,0,0,0,False,547027,38,1582,44,0
2026-09-22 10:41:51.744,v2.2.0,18,3420,0,0,0,0,False,549526,38,1600,44,0
2026-09-22 10:42:55.375,v2.2.0,18,3589,0,0,0,0,False,551846,38,1618,44,0
2026-09-22 10:43:56.394,v2.2.0,18,3589,0,0,0,0,False,553842,38,1636,44,0
2026-09-22 10:44:57.361,v2.2.0,18,3539,0,0,0,0,False,555963,38,1654,44,0
2026-09-22 10:46:00.289,v2.2.0,18,3460,0,0,0,0,False,558183,38,1681,44,0
2026-09-22 10:47:05.318,v2.2.0,18,3719,0,0,0,0,False,560634,38,1707,44,0
2026-09-22 10:48:06.945,v2.2.0,18,3827,1,0,0,0,False,563291,38,1725,44,0
2026-09-22 10:49:08.303,v2.2.0,18,3813,0,0,0,0,False,565650,38,1743,44,0
2026-09-22 10:50:23.493,v2.2.0,18,3736,0,0,0,0,False,568355,38,1762,44,0
2026-09-22 10:51:39.671,v2.2.0,18,3677,0,0,0,0,False,571949,38,1780,44,0
2026-09-22 10:52:54.918,v2.2.0,18,3639,0,0,0,0,False,575121,38,1798,44,0
2026-09-22 10:53:55.488,v2.2.0,18,3625,0,0,0,0,False,577353,38,1816,44,0
2026-09-22 10:55:11.709,v2.2.0,18,3625,0,0,0,0,False,579746,38,1852,44,0
2026-09-22 10:56:27.951,v2.2.0,18,3625,0,0,0,0,False,581996,38,1870,44,0
2026-09-22 10:57:45.947,v2.2.0,18,3625,0,0,0,0,False,584815,38,1888,44,0
2026-09-22 10:58:47.655,v2.2.0,19,3963,79,0,1,0,False,586913,38,1906,44,0
2026-09-22 11:00:07.226,v2.2.0,19,3922,0,0,0,0,False,589827,38,1942,44,0
2026-09-22 11:01:13.248,v2.2.0,19,3922,0,0,0,0,False,591649,38,1960,44,0
2026-09-22 11:02:19.128,v2.2.0,19,3974,0,0,0,0,False,596963,38,1980,45,0
2026-09-22 11:03:20.849,v2.2.0,19,3961,0,0,0,0,False,600346,38,1999,45,0
2026-09-22 11:04:27.460,v2.2.0,19,3844,0,0,0,0,False,604347,38,2018,45,0
2026-09-22 11:05:31.040,v2.2.0,19,3844,0,0,0,0,False,607316,38,2037,45,0
2026-09-22 11:06:36.327,v2.2.0,19,3844,0,0,0,0,False,610010,38,2056,45,0
2026-09-22 11:07:45.387,v2.2.0,20,4013,469,0,0,0,False,612340,38,2075,45,0
2026-09-22 11:08:53.192,v2.2.0,20,3987,0,0,0,0,False,615943,38,2095,46,0
2026-09-22 11:10:06.990,v2.2.0,20,4030,960,0,0,0,False,619528,38,2115,46,0
2026-09-22 11:11:20.671,v2.2.0,20,3947,402,0,0,0,False,624353,38,2155,46,0
2026-09-22 11:12:28.405,v2.2.0,20,4120,0,0,0,0,False,628940,38,2175,46,0
2026-09-22 11:13:34.264,v2.2.0,20,4039,0,0,0,0,False,633020,38,2195,46,0
2026-09-22 11:14:39.632,v2.2.0,20,3819,344,0,0,0,False,636659,38,2215,46,0
2026-09-22 11:15:50.522,v2.2.0,20,3804,0,0,0,0,False,641696,38,2235,46,0
2026-09-22 11:16:50.865,v2.2.0,20,3696,0,0,0,0,False,645711,38,2255,46,0
2026-09-22 11:17:54.041,v2.2.0,20,3600,0,0,0,0,False,649268,38,2275,46,0
2026-09-22 11:18:59.470,v2.2.0,20,3489,0,0,0,0,False,653524,38,2295,46,0
2026-09-22 11:20:07.639,v2.2.0,20,3635,218,0,0,0,False,657527,38,2333,46,0
2026-09-22 11:21:15.567,v2.2.0,20,3745,0,0,0,0,False,662370,38,2355,46,0
2026-09-22 11:22:16.152,v2.2.0,20,3697,0,0,0,0,False,666005,38,2375,46,0
2026-09-22 11:23:16.884,v2.2.0,20,3648,0,0,0,0,False,669352,38,2395,46,0
2026-09-22 11:24:36.125,v2.2.0,20,3622,0,0,0,0,False,673574,38,2415,46,0
2026-09-22 11:25:39.458,v2.2.0,20,3622,0,0,0,0,False,676265,38,2435,46,0
2026-09-22 11:26:44.258,v2.2.0,21,3767,0,0,0,0,False,679385,38,2456,47,0
2026-09-22 11:27:45.704,v2.2.0,21,3766,0,0,0,0,False,682130,38,2477,47,0
2026-09-22 11:28:49.266,v2.2.0,21,3921,0,0,0,0,False,685446,38,2498,47,0
2026-09-22 11:30:09.233,v2.2.0,21,3880,61,0,1,0,False,690675,38,2540,47,0
2026-09-22 11:31:15.212,v2.2.0,21,3841,0,0,0,0,False,694508,38,2561,47,0
2026-09-22 11:32:34.978,v2.2.0,21,3826,0,0,0,0,False,698201,38,2582,47,0
2026-09-22 11:33:55.577,v2.2.0,22,3982,0,0,0,0,False,701966,38,2603,47,0
2026-09-22 11:34:57.376,v2.2.0,22,3948,0,0,0,0,False,705540,38,2625,48,0
2026-09-22 11:36:03.039,v2.2.0,22,3997,0,0,0,0,False,708888,38,2669,48,0
2026-09-22 11:37:04.434,v2.2.0,22,3997,0,0,0,0,False,711831,38,2690,48,0
2026-09-22 11:38:07.868,v2.2.0,22,3989,0,0,0,0,False,714311,38,2713,48,0
2026-09-22 11:39:16.232,v2.2.0,23,4312,294,0,1,0,False,717431,38,2735,48,0
2026-09-22 11:40:20.404,v2.2.0,23,4312,0,0,0,0,False,720360,38,2758,49,0
2026-09-22 11:41:25.198,v2.2.0,23,4312,0,0,0,0,False,723123,38,2781,49,0
2026-09-22 11:42:37.350,v2.2.0,23,4630,0,0,0,0,False,726332,38,2804,49,0
2026-09-22 11:43:38.207,v2.2.0,23,4571,0,0,0,0,False,728828,38,2827,49,0
2026-09-22 11:44:57.785,v2.2.0,23,4508,0,0,0,0,False,731816,38,2850,49,0
2026-09-22 11:46:18.742,v2.2.0,23,4496,0,0,0,0,False,734966,38,2896,49,0
2026-09-22 11:47:38.508,v2.2.0,23,4471,0,0,0,0,False,737803,38,2919,49,0
2026-09-22 11:48:39.009,v2.2.0,23,4458,0,0,0,0,False,740420,38,2942,49,0
2026-09-22 11:50:01.616,v2.2.0,23,4432,0,0,0,0,False,743611,38,2984,49,0
2026-09-22 11:51:09.387,v2.2.0,23,4419,0,0,0,0,False,745826,38,3011,49,0
2026-09-22 11:52:10.953,v2.2.0,23,4419,0,0,0,0,False,748047,38,3034,49,0
2026-09-22 11:53:13.520,v2.2.0,23,4419,0,0,0,0,False,749995,38,3057,49,0
2026-09-22 11:54:27.313,v2.2.0,23,4419,267,0,0,0,False,753500,38,3080,49,0
2026-09-22 11:55:35.528,v2.2.0,23,4588,0,0,0,0,False,756337,38,3103,49,0
2026-09-22 11:56:40.085,v2.2.0,23,4588,0,0,0,0,False,758642,38,3126,49,0
2026-09-22 11:57:43.635,v2.2.0,23,4588,0,0,0,0,False,760770,38,3149,49,0
2026-09-22 11:58:46.449,v2.2.0,23,4562,0,0,0,0,False,762717,38,3172,49,0
2026-09-22 11:59:48.589,v2.2.0,23,4522,0,0,0,0,False,765048,38,3195,49,0
2026-09-22 12:00:51.073,v2.2.0,23,4420,0,0,0,0,False,767590,38,3218,49,0
2026-09-22 12:01:55.952,v2.2.0,23,4407,0,0,0,0,False,770005,38,3241,49,0
2026-09-22 12:02:59.215,v2.2.0,23,4382,0,0,0,0,False,771904,38,3264,49,0
2026-09-22 12:04:01.520,v2.2.0,23,4177,0,0,0,0,False,773562,38,3303,49,0
2026-09-22 12:05:03.449,v2.2.0,23,4177,0,0,0,0,False,775608,38,3329,49,0
2026-09-22 12:06:05.632,v2.2.0,23,4019,0,0,0,0,False,777942,38,3353,49,0
2026-09-22 12:07:10.967,v2.2.0,23,4019,0,0,0,0,False,780714,38,3379,49,0
2026-09-22 12:08:12.143,v2.2.0,23,4019,0,0,0,0,False,782859,38,3402,49,0
2026-09-22 12:09:15.574,v2.2.0,23,4006,0,0,0,0,False,784903,38,3425,49,0
2026-09-22 12:10:19.280,v2.2.0,23,4006,0,0,0,0,False,787003,38,3448,49,0
2026-09-22 12:11:20.706,v2.2.0,23,4006,0,0,0,0,False,788963,38,3471,49,0
2026-09-22 12:12:25.020,v2.2.0,23,4175,0,0,0,0,False,791024,38,3494,49,0
2026-09-22 12:13:27.997,v2.2.0,23,4175,0,0,0,0,False,793141,38,3517,49,0
2026-09-22 12:14:30.377,v2.2.0,23,4162,0,0,0,0,False,795186,38,3540,49,0
2026-09-22 12:15:34.621,v2.2.0,23,4162,0,0,0,0,False,797081,38,3563,49,0
2026-09-22 12:16:51.987,v2.2.0,23,4162,0,0,0,0,False,799550,38,3586,49,0
2026-09-22 12:17:53.671,v2.2.0,23,4162,0,0,0,0,False,801109,38,3609,49,0
2026-09-22 12:18:54.147,v2.2.0,23,4162,0,0,0,0,False,802815,38,3632,49,0
2026-09-22 12:19:58.317,v2.2.0,23,4162,0,0,0,0,False,804976,38,3655,49,0
2026-09-22 12:21:17.599,v2.2.0,23,4136,0,0,0,0,False,807837,38,3701,49,0
2026-09-22 12:22:32.740,v2.2.0,23,4110,0,0,0,0,False,810161,38,3724,49,0
2026-09-22 12:23:52.111,v2.2.0,23,4110,0,0,0,0,False,812334,38,3747,49,0
2026-09-22 12:25:09.415,v2.2.0,23,4110,0,0,0,0,False,814615,38,3792,49,0
2026-09-22 12:26:22.641,v2.2.0,23,4097,0,0,0,0,False,816821,38,3816,49,0
2026-09-22 12:27:37.979,v2.2.0,23,4097,0,0,0,0,False,819018,38,3839,49,0
2026-09-22 12:28:51.055,v2.2.0,23,4097,0,0,0,0,False,821153,38,3862,49,0
2026-09-22 12:30:06.994,v2.2.0,23,4097,39,0,1,0,False,823669,38,3907,49,0
2026-09-22 12:31:25.839,v2.2.0,23,4084,0,0,0,0,False,825872,38,3931,49,0
2026-09-22 12:32:38.419,v2.2.0,23,4084,0,0,0,0,False,827846,38,3954,49,0
2026-09-22 12:33:56.505,v2.2.0,23,4084,0,0,0,0,False,830408,38,3977,49,0
2026-09-22 12:35:12.284,v2.2.0,23,4071,0,0,0,0,False,832384,38,4022,49,0
2026-09-22 12:36:28.123,v2.2.0,23,4071,0,0,0,0,False,834520,38,4046,49,0
2026-09-22 12:37:46.509,v2.2.0,23,4058,0,0,0,0,False,836804,38,4069,49,0
2026-09-22 12:39:05.054,v2.2.0,23,4058,0,0,0,0,False,838824,38,4110,49,0
2026-09-22 12:40:06.752,v2.2.0,23,4227,0,0,0,0,False,840344,38,4137,49,0
2026-09-22 12:41:26.231,v2.2.0,23,4213,0,0,0,0,False,842570,38,4161,49,0
2026-09-22 12:42:41.810,v2.2.0,23,4015,0,0,0,0,False,844742,38,4184,49,0
2026-09-22 12:44:01.969,v2.2.0,23,4015,0,0,0,0,False,847201,38,4220,49,0
2026-09-22 12:45:19.995,v2.2.0,23,4015,0,0,0,0,False,849667,38,4253,49,0
2026-09-22 12:46:38.344,v2.2.0,23,4015,0,0,0,0,False,852181,38,4276,49,0
2026-09-22 12:47:53.930,v2.2.0,23,4015,0,0,0,0,False,854342,38,4299,49,0
2026-09-22 12:49:17.507,v2.2.0,24,4132,5,0,0,0,False,857368,38,4345,49,0
2026-09-22 12:50:24.266,v2.2.0,25,4240,0,0,0,0,False,861183,38,4370,51,0
2026-09-22 12:51:26.795,v2.2.0,25,4203,0,0,0,0,False,863867,38,4395,51,0
2026-09-22 12:52:36.913,v2.2.0,26,4541,0,0,0,0,False,867031,38,4421,52,0
2026-09-22 12:53:40.810,v2.2.0,26,4479,0,0,0,0,False,870775,38,4447,52,0
2026-09-22 12:54:43.443,v2.2.0,26,4442,0,0,0,0,False,874193,38,4473,52,0
2026-09-22 12:55:48.507,v2.2.0,26,4378,0,0,0,0,False,878375,38,4499,52,0
2026-09-22 12:56:50.695,v2.2.0,26,4378,0,0,0,0,False,881859,38,4525,52,0
2026-09-22 12:57:57.070,v2.2.0,26,4488,0,0,0,0,False,885207,38,4551,52,0
2026-09-22 12:59:03.502,v2.2.0,26,4452,0,0,0,0,False,889584,38,4602,52,0
2026-09-22 13:00:06.243,v2.2.0,26,4426,0,0,0,0,False,893349,38,4629,52,0
2026-09-22 13:01:10.523,v2.2.0,26,4382,0,0,0,0,False,897035,38,4655,52,0
2026-09-22 13:02:15.794,v2.2.0,26,4287,0,0,0,0,False,900517,38,4681,52,0
2026-09-22 13:03:21.998,v2.2.0,26,4087,0,0,0,0,False,905361,38,4707,52,0
2026-09-22 13:04:25.439,v2.2.0,26,4075,0,0,0,0,False,909763,38,4733,52,0
2026-09-22 13:05:29.585,v2.2.0,26,4062,0,0,0,0,False,914242,38,4759,52,0
2026-09-22 13:06:36.843,v2.2.0,26,4090,0,0,0,0,False,918666,38,4785,52,0
2026-09-22 13:07:38.228,v2.2.0,26,4077,0,0,0,0,False,921884,38,4811,52,0
2026-09-22 13:08:42.355,v2.2.0,26,3919,0,0,0,0,False,925358,38,4837,52,0
2026-09-22 13:09:46.258,v2.2.0,26,3893,0,0,0,0,False,928706,38,4863,52,0
2026-09-22 13:10:50.740,v2.2.0,26,3876,0,0,0,0,False,932642,38,4889,52,0
2026-09-22 13:12:08.192,v2.2.0,26,3788,0,0,0,0,False,937666,38,4940,52,0
2026-09-22 13:13:20.390,v2.2.0,26,3705,0,0,0,0,False,942395,38,4967,52,0
2026-09-22 13:14:25.473,v2.2.0,26,3692,0,0,0,0,False,946138,38,4993,52,0
2026-09-22 13:15:42.139,v2.2.0,26,3585,0,0,0,0,False,951069,38,5019,52,0
2026-09-22 13:16:48.661,v2.2.0,26,3706,0,0,0,0,False,955265,38,5045,52,0
2026-09-22 13:17:53.456,v2.2.0,26,3681,0,0,0,0,False,958853,38,5071,52,0
2026-09-22 13:18:56.424,v2.2.0,26,3655,0,0,0,0,False,962713,38,5097,52,0
2026-09-22 13:20:00.150,v2.2.0,26,3544,0,3,0,0,False,967312,38,5129,52,0
2026-09-22 13:21:00.252,v2.2.0,26,3498,0,0,0,0,False,970753,38,5155,52,0
2026-09-22 13:22:01.380,v2.2.0,26,3460,81,0,0,0,False,974091,38,5175,52,0
2026-09-22 13:23:08.144,v2.2.0,26,3785,0,0,0,0,False,977992,38,5225,53,0
2026-09-22 13:24:10.497,v2.2.0,26,3760,0,0,0,0,False,981031,38,5252,53,0
2026-09-22 13:25:16.645,v2.2.0,26,3929,722,0,0,0,False,984402,38,5277,53,0
2026-09-22 13:26:18.516,v2.2.0,26,3890,0,0,0,0,False,989819,38,5303,53,0
2026-09-22 13:27:24.574,v2.2.0,26,3877,0,0,0,0,False,994051,38,5330,53,0
2026-09-22 13:28:33.466,v2.2.0,26,4010,0,0,0,0,False,998171,38,5356,53,0
2026-09-22 13:29:42.118,v2.2.0,26,4129,0,0,0,0,False,1002809,38,5382,53,0
2026-09-22 13:30:53.343,v2.2.0,26,3875,0,0,0,0,False,1008642,38,5408,53,0
2026-09-22 13:31:57.346,v2.2.0,26,3828,0,0,0,0,False,1013098,38,5434,53,0
2026-09-22 13:33:03.144,v2.2.0,26,3612,0,0,0,0,False,1017919,38,5483,53,0
2026-09-22 13:34:07.666,v2.2.0,26,3474,0,0,0,0,False,1023239,38,5512,53,0
2026-09-22 13:35:18.895,v2.2.0,26,3473,0,0,0,0,False,1029046,38,5538,53,0
2026-09-22 13:36:25.851,v2.2.0,26,3379,0,0,0,0,False,1034149,38,5564,53,0
2026-09-22 13:37:30.291,v2.2.0,26,3259,0,0,0,0,False,1038970,38,5590,53,0
2026-09-22 13:38:32.568,v2.2.0,26,3210,0,0,0,0,False,1043080,38,5616,53,0
2026-09-22 13:39:33.822,v2.2.0,26,3197,0,0,0,0,False,1047648,38,5642,53,0
2026-09-22 13:40:36.453,v2.2.0,26,3180,0,0,0,0,False,1052078,38,5668,53,0
2026-09-22 13:41:37.590,v2.2.0,26,3151,0,0,0,0,False,1056521,38,5694,53,0
2026-09-22 13:42:40.967,v2.2.0,26,3269,0,0,0,0,False,1060689,38,5720,53,0
2026-09-22 13:43:42.944,v2.2.0,26,3245,0,0,0,0,False,1065009,38,5746,53,0
2026-09-22 13:44:46.979,v2.2.0,26,3241,65,0,0,0,False,1068731,38,5772,53,0
2026-09-22 13:45:50.604,v2.2.0,26,3198,0,0,0,0,False,1073204,38,5798,53,0
2026-09-22 13:46:53.271,v2.2.0,26,3095,0,0,0,0,False,1077372,38,5824,53,0
2026-09-22 13:47:56.618,v2.2.0,26,2983,0,0,0,0,False,1081937,38,5850,53,0
2026-09-22 13:49:14.508,v2.2.0,26,2891,0,0,0,0,False,1088144,38,5902,53,0
2026-09-22 13:50:31.548,v2.2.0,26,2853,0,0,0,0,False,1093632,38,5928,53,0
2026-09-22 13:51:48.859,v2.2.0,26,2752,0,0,0,0,False,1099904,38,5954,53,0
2026-09-22 13:53:03.747,v2.2.0,26,2752,0,0,0,0,False,1104353,38,6006,53,0
2026-09-22 13:54:18.364,v2.2.0,26,2726,0,0,0,0,False,1108261,38,6032,53,0
2026-09-22 13:55:30.611,v2.2.0,26,2718,0,0,0,0,False,1111857,38,6058,53,0
2026-09-22 13:56:41.696,v2.2.0,26,2698,0,0,0,0,False,1115455,38,6084,53,0
2026-09-22 13:57:52.327,v2.2.0,26,2587,0,0,0,0,False,1119251,38,6110,53,0
2026-09-22 13:59:05.165,v2.2.0,26,2493,0,0,0,0,False,1123774,38,6161,53,0
2026-09-22 14:00:13.362,v2.2.0,26,2429,0,0,0,0,False,1128170,38,6188,53,0
2026-09-22 14:01:25.795,v2.2.0,26,2416,0,0,0,0,False,1132848,38,6214,53,0
2026-09-22 14:02:38.371,v2.2.0,26,2416,0,0,0,0,False,1136738,38,6240,53,0
2026-09-22 14:03:52.407,v2.2.0,26,2416,0,0,0,0,False,1140772,38,6266,53,0
2026-09-22 14:05:05.721,v2.2.0,26,2416,0,0,0,0,False,1144183,38,6318,53,0
2026-09-22 14:06:21.651,v2.2.0,26,2416,0,0,0,0,False,1147396,38,6344,53,0
2026-09-22 14:07:39.904,v2.2.0,26,2416,0,0,0,0,False,1151682,38,6370,53,0
2026-09-22 14:08:57.617,v2.2.0,26,2405,0,0,0,0,False,1156310,38,6396,53,0
2026-09-22 14:10:17.336,v2.2.0,26,2405,0,0,0,0,False,1160227,38,6447,53,0
2026-09-22 14:11:19.877,v2.2.0,26,2405,0,0,0,0,False,1163087,38,6473,53,0
2026-09-22 14:12:36.654,v2.2.0,26,2405,0,0,0,0,False,1166737,38,6500,53,0
2026-09-22 14:13:52.038,v2.2.0,26,2405,0,0,0,0,False,1169799,38,6526,53,0
2026-09-22 14:15:10.590,v2.2.0,26,2574,162,0,0,0,False,1172453,38,6578,53,0
2026-09-22 14:16:26.445,v2.2.0,26,2561,0,0,0,0,False,1175955,38,6604,53,0
2026-09-22 14:17:44.804,v2.2.0,26,2531,0,0,0,0,False,1179720,38,6630,53,0
2026-09-22 14:18:46.329,v2.2.0,27,2541,0,0,0,0,False,1183254,38,6656,53,0
2026-09-22 14:19:57.760,v2.2.0,27,2586,0,0,0,0,False,1188257,38,6683,54,0
2026-09-22 14:21:10.927,v2.2.0,27,2477,0,0,0,0,False,1193509,38,6737,54,0
2026-09-22 14:22:21.446,v2.2.0,27,2425,0,0,0,0,False,1197935,38,6764,54,0
2026-09-22 14:23:32.039,v2.2.0,27,2425,0,0,0,0,False,1201964,38,6791,54,0
2026-09-22 14:24:43.215,v2.2.0,27,2399,0,0,0,0,False,1207054,38,6818,54,0
2026-09-22 14:25:55.668,v2.2.0,27,2360,0,0,0,0,False,1211125,38,6845,54,0
2026-09-22 14:27:08.664,v2.2.0,27,2263,0,0,0,0,False,1215767,38,6898,54,0
2026-09-22 14:28:23.720,v2.2.0,27,2246,0,0,0,0,False,1220251,38,6924,54,0
2026-09-22 14:29:37.210,v2.2.0,27,2214,0,0,0,0,False,1225389,38,6952,55,0
2026-09-22 14:30:45.192,v2.2.0,27,2214,0,0,0,0,False,1229683,38,6979,55,0
2026-09-22 14:31:59.339,v2.2.0,27,2214,0,0,0,0,False,1233618,38,7006,55,0
2026-09-22 14:33:14.541,v2.2.0,27,2214,0,0,0,0,False,1237761,38,7060,55,0
2026-09-22 14:34:27.578,v2.2.0,27,2201,0,0,0,0,False,1242800,38,7086,55,0
2026-09-22 14:35:45.954,v2.2.0,27,2149,0,0,0,0,False,1247598,38,7114,55,0
2026-09-22 14:37:05.305,v2.2.0,27,2149,0,0,0,0,False,1252095,38,7165,55,0
2026-09-22 14:38:07.210,v2.2.0,27,2149,0,0,0,0,False,1255129,38,7194,55,0
2026-09-22 14:39:08.835,v2.2.0,27,2149,0,0,0,0,False,1257935,38,7222,55,0
2026-09-22 14:40:10.799,v2.2.0,27,2318,0,0,0,0,False,1261077,38,7249,55,0
2026-09-22 14:41:12.778,v2.2.0,27,2318,0,0,0,0,False,1263784,38,7276,55,0
2026-09-22 14:42:14.560,v2.2.0,27,2279,0,0,0,0,False,1267069,38,7303,55,0
2026-09-22 14:43:15.856,v2.2.0,27,2279,0,0,0,0,False,1269842,38,7330,55,0
2026-09-22 14:44:35.980,v2.2.0,27,2269,0,0,0,0,False,1273144,38,7357,55,0
2026-09-22 14:45:40.264,v2.2.0,27,2353,0,0,0,0,False,1276218,38,7384,55,0
2026-09-22 14:46:41.032,v2.2.0,27,2353,0,0,0,0,False,1278904,38,7410,55,0
2026-09-22 14:48:03.121,v2.2.0,27,2340,0,0,0,0,False,1283305,38,7463,55,0
2026-09-22 14:49:09.438,v2.2.0,27,2509,180,0,0,0,False,1286381,38,7491,55,0
2026-09-22 14:50:21.379,v2.2.0,27,2525,0,0,0,0,False,1290392,38,7519,55,0
2026-09-22 14:51:25.524,v2.2.0,27,2525,0,0,0,0,False,1293472,38,7546,55,0
2026-09-22 14:52:32.351,v2.2.0,27,2525,0,0,0,0,False,1297089,38,7573,55,0
2026-09-22 14:53:42.443,v2.2.0,27,2525,0,0,0,0,False,1300499,38,7600,55,0
2026-09-22 14:54:53.743,v2.2.0,27,2454,0,0,0,0,False,1304624,38,7627,55,0
2026-09-22 14:56:02.426,v2.2.0,27,2454,0,0,0,0,False,1307793,38,7679,55,0
2026-09-22 14:57:10.797,v2.2.0,27,2296,0,0,0,0,False,1311980,38,7707,55,0
2026-09-22 14:58:18.391,v2.2.0,27,2296,0,0,0,0,False,1315710,38,7734,55,0
2026-09-22 14:59:24.734,v2.2.0,27,2292,0,0,0,0,False,1318958,38,7761,56,0
2026-09-22 15:00:41.291,v2.2.0,27,2308,0,0,0,0,False,1323317,38,7788,56,0
2026-09-22 15:01:49.051,v2.2.0,27,2308,88,0,0,0,False,1326231,38,7815,56,0
2026-09-22 15:03:02.796,v2.2.0,27,2308,0,0,0,0,False,1329584,38,7867,56,0
2026-09-22 15:04:07.482,v2.2.0,27,2304,0,0,0,0,False,1332881,38,7894,56,0
2026-09-22 15:05:11.388,v2.2.0,27,2297,0,0,0,0,False,1335976,38,7922,57,0
2026-09-22 15:06:12.003,v2.2.0,27,2297,0,0,0,0,False,1338941,38,7948,57,0
2026-09-22 15:07:17.886,v2.2.0,27,2297,0,0,0,0,False,1342236,38,7976,57,0
2026-09-22 15:08:21.762,v2.2.0,27,2297,0,0,0,0,False,1344992,38,8003,57,0
2026-09-22 15:09:27.190,v2.2.0,27,2297,0,0,0,0,False,1348175,38,8030,57,0
2026-09-22 15:10:33.207,v2.2.0,27,2297,0,0,0,0,False,1351159,38,8057,57,0
2026-09-22 15:11:38.176,v2.2.0,27,2297,0,0,0,0,False,1354233,38,8084,57,0
2026-09-22 15:12:42.251,v2.2.0,27,2297,0,0,0,0,False,1356828,38,8111,57,0
2026-09-22 15:13:49.131,v2.2.0,27,2297,0,0,0,0,False,1360248,38,8138,57,0
2026-09-22 15:14:53.305,v2.2.0,27,2297,0,0,0,0,False,1363355,38,8165,57,0
2026-09-22 15:15:55.301,v2.2.0,27,2297,0,0,0,0,False,1366886,38,8192,57,0
2026-09-22 15:16:57.952,v2.2.0,27,2297,0,0,0,0,False,1370615,38,8219,57,0
2026-09-22 15:17:59.394,v2.2.0,27,2297,0,0,0,0,False,1373892,38,8246,57,0
2026-09-22 15:19:17.752,v2.2.0,27,2297,0,0,0,0,False,1377776,38,8299,57,0
2026-09-22 15:20:25.673,v2.2.0,27,2280,0,0,0,0,False,1380175,38,8300,57,0
2026-09-22 15:21:29.465,v2.2.0,27,2280,0,0,0,0,False,1380175,38,8300,57,0
2026-09-22 15:22:36.537,v2.2.0,27,2280,0,0,0,0,False,1380175,38,8300,57,0
2026-09-22 15:23:43.122,v2.2.0,27,2280,0,0,0,0,False,1380175,38,8300,57,0
2026-09-22 15:24:49.637,v2.2.0,27,2280,0,0,0,0,False,1380175,38,8300,57,0
2026-09-22 15:25:54.247,v2.2.0,27,2280,0,0,0,0,False,1380175,38,8300,57,0
2026-09-22 15:26:59.952,v2.2.0,27,2280,0,0,0,0,False,1380175,38,8300,57,0
2026-09-22 15:28:05.345,v2.2.0,27,2280,0,0,0,0,False,1380175,38,8300,57,0
2026-09-22 15:29:08.099,v2.2.0,27,2280,0,0,0,0,False,1380175,38,8300,57,0
2026-09-22 15:30:12.256,v2.2.0,27,2280,0,27,1,0,False,1380175,38,8327,57,0
2026-09-22 15:31:14.083,v2.2.0,27,2280,0,0,0,0,False,1380175,38,8327,57,0
2026-09-22 15:32:14.660,v2.2.0,27,2280,0,0,0,0,False,1380175,38,8327,57,0
2026-09-22 15:33:21.474,v2.2.0,27,2280,0,0,0,0,False,1380175,38,8327,57,0
2026-09-22 15:34:27.057,v2.2.0,27,2280,0,0,0,0,False,1380175,38,8327,57,0
2026-09-22 15:35:29.198,v2.2.0,27,2280,0,0,0,0,False,1380175,38,8327,57,0
2026-09-22 15:36:30.391,v2.2.0,27,2280,0,0,0,0,False,1380175,38,8327,57,0
2026-09-22 15:37:31.062,v2.2.0,27,2280,0,0,0,0,False,1380175,38,8327,57,0
2026-09-22 15:38:31.816,v2.2.0,27,2280,0,0,0,0,False,1380175,38,8327,57,0
2026-09-22 15:39:32.428,v2.2.0,27,2280,0,0,0,0,False,1380175,38,8327,57,0
2026-09-22 15:40:41.368,v2.2.0,27,2280,0,0,0,0,False,1380442,65,8327,57,0
2026-09-22 15:41:54.465,v2.2.0,27,2280,0,0,0,0,False,1380971,65,8354,84,0
2026-09-22 15:43:03.161,v2.2.0,27,2280,0,0,0,0,False,1381384,65,8390,84,0
2026-09-22 15:44:15.656,v2.2.0,27,2280,0,0,0,0,False,1381804,65,8426,85,0
2026-09-22 15:45:26.645,v2.2.0,27,2280,0,0,0,0,False,1382235,65,8451,85,0
2026-09-22 15:46:37.296,v2.2.0,27,2280,0,0,0,0,False,1382720,65,8480,88,0
2026-09-22 15:47:51.889,v2.2.0,27,2280,0,0,0,0,False,1383175,65,8509,90,0
2026-09-22 15:49:05.019,v2.2.0,27,2280,0,0,0,0,False,1383729,65,8544,90,0
2026-09-22 15:50:20.852,v2.2.0,27,2280,0,0,0,0,False,1384062,65,8577,91,0
2026-09-22 15:51:34.119,v2.2.0,27,2280,0,0,0,0,False,1384394,65,8606,93,0
2026-09-22 15:52:48.823,v2.2.0,27,2280,0,0,0,0,False,1384730,65,8633,95,0
2026-09-22 15:53:56.670,v2.2.0,27,2280,7,0,0,0,False,1385069,65,8657,97,0
2026-09-22 15:55:15.738,v2.2.0,27,2449,0,0,0,0,False,1385426,65,8701,97,0
2026-09-22 15:56:26.088,v2.2.0,27,2449,6,0,0,0,False,1385774,65,8729,101,0
2026-09-22 15:57:38.798,v2.2.0,27,2449,0,0,0,0,False,1386102,65,8756,101,0
2026-09-22 15:58:47.090,v2.2.0,27,2449,12,0,0,0,False,1386433,65,8781,102,0
2026-09-22 16:00:00.171,v2.2.0,27,2449,0,0,0,0,False,1386853,65,8806,104,0
2026-09-22 16:01:03.584,v2.2.0,27,2314,0,0,0,0,False,1387907,65,8849,106,0
2026-09-22 16:02:09.644,v2.2.0,27,2314,0,0,0,0,False,1389161,65,8884,106,0
2026-09-22 16:03:14.961,v2.2.0,27,2289,0,0,0,0,False,1390712,65,8912,107,0
2026-09-22 16:04:22.787,v2.2.0,27,2289,0,0,0,0,False,1391978,65,8939,107,0
2026-09-22 16:05:31.547,v2.2.0,27,2265,0,0,0,0,False,1393088,65,8965,107,0
2026-09-22 16:06:35.581,v2.2.0,27,2252,0,0,0,0,False,1394026,65,8993,108,0
2026-09-22 16:07:41.758,v2.2.0,27,2252,0,0,0,0,False,1395003,65,9019,108,0
2026-09-22 16:08:46.248,v2.2.0,27,2252,0,0,0,0,False,1395817,65,9045,108,0
2026-09-22 16:09:50.856,v2.2.0,27,2202,0,0,0,0,False,1396866,65,9073,109,0
2026-09-22 16:10:56.670,v2.2.0,27,2202,0,0,0,0,False,1398208,65,9099,109,0
2026-09-22 16:12:12.614,v2.2.0,27,2202,0,0,0,0,False,1399649,65,9148,109,0
2026-09-22 16:13:24.831,v2.2.0,27,2202,0,0,0,0,False,1401012,65,9179,110,0
2026-09-22 16:14:27.489,v2.2.0,27,2202,0,0,0,0,False,1401841,65,9205,110,0
2026-09-22 16:15:35.259,v2.2.0,27,2202,0,0,0,0,False,1402658,65,9232,110,0
2026-09-22 16:16:55.837,v2.2.0,27,2202,0,0,0,0,False,1403540,65,9259,111,0
2026-09-22 16:18:00.595,v2.2.0,27,2202,0,0,0,0,False,1404168,65,9288,111,0
2026-09-22 16:19:03.992,v2.2.0,27,2202,0,0,0,0,False,1404932,65,9330,111,0
2026-09-22 16:20:11.047,v2.2.0,27,2202,0,0,0,0,False,1405745,65,9361,111,0
2026-09-22 16:21:19.251,v2.2.0,27,2202,0,0,0,0,False,1406527,65,9391,111,0
2026-09-22 16:22:24.890,v2.2.0,27,2202,0,0,0,0,False,1407434,65,9417,111,0
2026-09-22 16:23:29.900,v2.2.0,27,2202,0,0,0,0,False,1408104,65,9445,112,0
2026-09-22 16:24:36.204,v2.2.0,27,2202,0,0,0,0,False,1408845,65,9472,112,0
2026-09-22 16:25:40.939,v2.2.0,27,2202,0,0,0,0,False,1409944,65,9499,112,0
2026-09-22 16:26:45.094,v2.2.0,27,2202,0,0,0,0,False,1410906,65,9526,112,0
2026-09-22 16:27:51.480,v2.2.0,27,2202,0,0,0,0,False,1411492,65,9553,112,0
2026-09-22 16:28:58.775,v2.2.0,27,2202,0,0,0,0,False,1412100,65,9580,112,0
2026-09-22 16:30:03.779,v2.2.0,27,2202,0,0,0,0,False,1412689,65,9622,112,0
2026-09-22 16:31:08.774,v2.2.0,27,2202,0,0,0,0,False,1413296,65,9660,112,0
2026-09-22 16:32:11.822,v2.2.0,27,2202,0,0,0,0,False,1413838,65,9682,112,0
2026-09-22 16:33:17.717,v2.2.0,27,2202,0,0,0,0,False,1414392,65,9714,112,0
2026-09-22 16:34:24.699,v2.2.0,27,2202,0,0,0,0,False,1414976,65,9741,112,0
2026-09-22 16:35:29.563,v2.2.0,27,2202,0,0,0,0,False,1415526,65,9769,112,0
2026-09-22 16:36:35.782,v2.2.0,27,2202,0,0,0,0,False,1416165,65,9794,112,0
2026-09-22 16:37:42.013,v2.2.0,27,2202,0,0,0,0,False,1416866,65,9822,112,0
2026-09-22 16:38:46.262,v2.2.0,27,2202,0,0,0,0,False,1417631,65,9849,113,0
2026-09-22 16:39:47.857,v2.2.0,27,2202,0,0,0,0,False,1418217,65,9876,113,0
2026-09-22 16:40:49.934,v2.2.0,27,2202,0,0,0,0,False,1418885,65,9903,113,0
2026-09-22 16:41:53.228,v2.2.0,27,2202,0,0,0,0,False,1419486,65,9929,113,0
2026-09-22 16:42:55.066,v2.2.0,27,2202,0,0,0,0,False,1420037,65,9956,113,0
2026-09-22 16:44:14.843,v2.2.0,27,2202,0,0,0,0,False,1420715,65,10007,114,0
2026-09-22 16:45:15.640,v2.2.0,27,2202,0,0,0,0,False,1421191,65,10032,114,0
2026-09-22 16:46:21.648,v2.2.0,27,2202,0,0,0,0,False,1421725,65,10062,114,0
2026-09-22 16:47:25.273,v2.2.0,27,2202,0,0,0,0,False,1422183,65,10088,114,0
2026-09-22 16:48:31.720,v2.2.0,27,2202,0,0,0,0,False,1422749,65,10116,115,0
2026-09-22 16:49:37.889,v2.2.0,27,2202,0,0,0,0,False,1423401,65,10143,115,0
2026-09-22 16:50:43.799,v2.2.0,27,2202,0,0,0,0,False,1424014,65,10170,115,0
2026-09-22 16:51:49.286,v2.2.0,27,2202,0,0,0,0,False,1424487,65,10196,116,0
2026-09-22 16:52:55.722,v2.2.0,27,2202,0,0,0,0,False,1425000,65,10223,116,0
2026-09-22 16:54:00.431,v2.2.0,27,2202,0,0,0,0,False,1425449,65,10254,117,0
2026-09-22 16:55:06.605,v2.2.0,27,2202,0,0,0,0,False,1425899,65,10294,117,0
2026-09-22 16:56:09.693,v2.2.0,27,2202,0,0,0,0,False,1426269,65,10322,117,0
2026-09-22 16:57:16.436,v2.2.0,27,2202,0,0,0,0,False,1426837,65,10353,118,0
2026-09-22 16:58:22.959,v2.2.0,27,2202,0,0,0,0,False,1427418,65,10384,118,0
2026-09-22 16:59:27.404,v2.2.0,27,2202,0,0,0,0,False,1427892,65,10410,118,0
2026-09-22 17:00:34.628,v2.2.0,27,2202,0,0,0,0,False,1428345,65,10435,118,0
2026-09-22 17:01:41.417,v2.2.0,27,2202,0,0,0,0,False,1428806,65,10463,118,0
2026-09-22 17:02:49.149,v2.2.0,27,2202,0,0,0,0,False,1429252,65,10490,119,0
2026-09-22 17:03:55.693,v2.2.0,27,2202,0,0,0,0,False,1429824,65,10517,119,0
2026-09-22 17:05:04.434,v2.2.0,27,2202,0,0,0,0,False,1430677,65,10558,119,0
2026-09-22 17:06:09.142,v2.2.0,27,2202,0,0,0,0,False,1431581,65,10591,119,0
2026-09-22 17:07:20.083,v2.2.0,27,2202,0,0,0,0,False,1432151,65,10622,120,0
2026-09-22 17:08:28.937,v2.2.0,27,2189,0,0,0,0,False,1432778,65,10650,120,0
2026-09-22 17:09:34.979,v2.2.0,27,2189,0,0,0,0,False,1433357,65,10676,120,0
2026-09-22 17:10:40.087,v2.2.0,27,2189,0,0,0,0,False,1433985,65,10705,120,0
2026-09-22 17:11:48.100,v2.2.0,27,2189,0,0,0,0,False,1434640,65,10732,120,0
2026-09-22 17:12:59.306,v2.2.0,28,2358,0,0,0,0,False,1435458,65,10759,120,0
2026-09-22 17:14:08.663,v2.2.0,28,2358,0,0,0,0,False,1436600,65,10811,121,0
2026-09-22 17:15:18.744,v2.2.0,28,2358,0,0,0,0,False,1437595,65,10842,121,0
2026-09-22 17:16:30.201,v2.2.0,28,2338,0,0,0,0,False,1438633,65,10870,121,0
2026-09-22 17:17:41.854,v2.2.0,28,2312,31,0,0,0,False,1439660,65,10897,121,0
2026-09-22 17:18:54.553,v2.2.0,28,2312,0,0,0,0,False,1440821,65,10924,121,0
2026-09-22 17:20:04.826,v2.2.0,28,2273,0,0,0,0,False,1442023,65,10975,121,0
2026-09-22 17:21:11.957,v2.2.0,28,2260,0,0,0,0,False,1443043,65,11005,122,0
2026-09-22 17:22:18.273,v2.2.0,28,2260,0,0,0,0,False,1443993,65,11035,122,0
2026-09-22 17:23:24.417,v2.2.0,28,2247,0,0,0,0,False,1444933,65,11063,122,0
2026-09-22 17:24:34.762,v2.2.0,28,2383,0,0,0,0,False,1445784,65,11090,122,0
2026-09-22 17:25:41.718,v2.2.0,28,2357,0,0,0,0,False,1446650,65,11119,122,0
2026-09-22 17:26:55.746,v2.2.0,28,2324,0,0,0,0,False,1447635,65,11147,123,0
2026-09-22 17:27:58.922,v2.2.0,28,2311,0,0,0,0,False,1448633,65,11175,123,0
2026-09-22 17:29:04.017,v2.2.0,28,2265,0,0,0,0,False,1449703,65,11221,123,0
2026-09-22 17:30:24.651,v2.2.0,28,2198,1,0,0,0,False,1451262,65,11258,123,0
2026-09-22 17:31:29.511,v2.2.0,28,2129,0,0,0,0,False,1452459,65,11286,123,0
2026-09-22 17:32:31.709,v2.2.0,28,2107,0,0,0,0,False,1453522,65,11314,123,0
2026-09-22 17:33:50.768,v2.2.0,28,2067,0,0,0,0,False,1454631,65,11342,124,0
2026-09-22 17:35:10.165,v2.2.0,28,2052,0,0,0,0,False,1455638,65,11396,124,0
2026-09-22 17:36:28.091,v2.2.0,28,2020,0,0,0,0,False,1456679,65,11425,124,0
2026-09-22 17:37:46.548,v2.2.0,28,1987,0,0,0,0,False,1457752,65,11452,124,0
2026-09-22 17:38:48.293,v2.2.0,28,1961,0,0,0,0,False,1458630,65,11480,124,0
2026-09-22 17:39:50.734,v2.2.0,28,1935,0,0,0,0,False,1459484,65,11508,125,0
2026-09-22 17:40:52.318,v2.2.0,28,1909,0,0,0,0,False,1460260,65,11536,125,0
2026-09-22 17:41:56.225,v2.2.0,28,1909,0,0,0,0,False,1460876,65,11564,125,0
2026-09-22 17:43:00.214,v2.2.0,28,1909,0,0,0,0,False,1461545,65,11594,125,0
2026-09-22 17:44:03.778,v2.2.0,28,1909,0,0,0,0,False,1462338,65,11636,125,0
2026-09-22 17:45:10.356,v2.2.0,28,1909,0,0,0,0,False,1463119,65,11672,125,0
2026-09-22 17:46:10.554,v2.2.0,28,1909,1,0,0,0,False,1463828,65,11698,126,0
2026-09-22 17:47:14.651,v2.2.0,28,1909,0,0,0,0,False,1464570,65,11728,126,0
2026-09-22 17:48:20.890,v2.2.0,28,1909,0,0,0,0,False,1465430,65,11757,126,0
2026-09-22 17:49:24.051,v2.2.0,28,1909,0,0,0,0,False,1466005,65,11783,127,0
2026-09-22 17:50:31.313,v2.2.0,28,1909,0,0,0,0,False,1466628,65,11813,127,0
2026-09-22 17:51:38.924,v2.2.0,28,1909,0,0,0,0,False,1467243,65,11842,127,0
2026-09-22 17:52:47.391,v2.2.0,28,2078,0,0,0,0,False,1467934,65,11869,127,0
2026-09-22 17:53:53.400,v2.2.0,28,2065,0,0,0,0,False,1468528,65,11896,127,0
2026-09-22 17:55:02.644,v2.2.0,28,2065,0,0,0,0,False,1469094,65,11941,127,0
2026-09-22 17:56:14.265,v2.2.0,28,2065,4,0,0,0,False,1469693,65,11977,127,0
2026-09-22 17:57:23.180,v2.2.0,28,2065,15,0,0,0,False,1470230,65,12004,128,0
2026-09-22 17:58:30.394,v2.2.0,28,2065,0,0,0,0,False,1470784,65,12030,128,0
2026-09-22 17:59:40.418,v2.2.0,28,2221,0,0,0,0,False,1471338,65,12061,128,0
2026-09-22 18:00:47.489,v2.2.0,28,2221,0,0,0,0,False,1471808,65,12088,128,0
2026-09-22 18:01:54.412,v2.2.0,28,2221,0,0,0,0,False,1472330,65,12116,129,0
2026-09-22 18:03:03.037,v2.2.0,28,2221,0,0,0,0,False,1472893,65,12158,129,0
2026-09-22 18:04:13.201,v2.2.0,28,2221,0,0,0,0,False,1473444,65,12193,129,0
2026-09-22 18:05:20.035,v2.2.0,28,2221,0,0,0,0,False,1474039,65,12225,130,0
2026-09-22 18:06:28.808,v2.2.0,28,2208,0,0,0,0,False,1474545,65,12253,130,0
2026-09-22 18:07:39.097,v2.2.0,28,2208,0,0,0,0,False,1475066,65,12282,130,0
2026-09-22 18:08:45.379,v2.2.0,28,2208,0,0,0,0,False,1475551,65,12310,131,0
2026-09-22 18:09:55.077,v2.2.0,28,2208,0,0,0,0,False,1476083,65,12338,131,0
2026-09-22 18:11:05.858,v2.2.0,28,2208,0,0,0,0,False,1476557,65,12381,131,0
2026-09-22 18:12:12.104,v2.2.0,28,2208,0,0,0,0,False,1476928,65,12416,131,0
2026-09-22 18:13:22.354,v2.2.0,28,2208,0,0,0,0,False,1477376,65,12449,131,0
2026-09-22 18:14:35.289,v2.2.0,28,2208,0,0,0,0,False,1477861,65,12475,131,0
2026-09-22 18:15:46.793,v2.2.0,28,2208,0,0,0,0,False,1478236,65,12504,131,0
2026-09-22 18:16:56.826,v2.2.0,28,2208,0,0,0,0,False,1478670,65,12532,132,0
2026-09-22 18:18:04.639,v2.2.0,28,2208,0,0,0,0,False,1479116,65,12573,132,0
2026-09-22 18:19:16.247,v2.2.0,28,2208,0,0,0,0,False,1479555,65,12610,132,0
2026-09-22 18:20:31.343,v2.2.0,28,2208,0,0,0,0,False,1479978,65,12640,132,0
2026-09-22 18:21:42.325,v2.2.0,28,2208,0,0,0,0,False,1480359,65,12670,133,0
2026-09-22 18:22:51.745,v2.2.0,28,2208,0,0,0,0,False,1480761,65,12697,133,0
2026-09-22 18:24:01.120,v2.2.0,28,2208,0,0,0,0,False,1481141,65,12731,133,0
2026-09-22 18:25:11.303,v2.2.0,28,2208,0,0,0,0,False,1481510,65,12775,133,0
2026-09-22 18:26:27.318,v2.2.0,28,2208,0,0,0,0,False,1481914,65,12809,133,0
2026-09-22 18:27:35.743,v2.2.0,28,2208,7,1,0,0,False,1482275,65,12838,133,0
2026-09-22 18:28:40.517,v2.2.0,28,2208,0,0,0,0,False,1482588,65,12866,133,0
2026-09-22 18:29:56.469,v2.2.0,28,2208,0,0,0,0,False,1482981,65,12893,133,0
2026-09-22 18:31:09.344,v2.2.0,28,2208,0,0,0,0,False,1483353,65,12942,133,0
2026-09-22 18:32:22.599,v2.2.0,28,2208,0,0,0,0,False,1483835,65,12975,133,0
2026-09-22 18:33:33.991,v2.2.0,28,2208,0,0,0,0,False,1484258,65,13003,134,0
2026-09-22 18:34:45.516,v2.2.0,28,2208,0,0,0,0,False,1484638,65,13031,134,0
2026-09-22 18:35:58.340,v2.2.0,28,2208,0,0,0,0,False,1485147,65,13058,134,0
2026-09-22 18:37:11.332,v2.2.0,28,2208,0,0,0,0,False,1485574,65,13108,134,0
2026-09-22 18:38:23.808,v2.2.0,28,2208,0,0,0,0,False,1486035,65,13137,134,0
2026-09-22 18:39:34.544,v2.2.0,28,2208,0,0,0,0,False,1486481,65,13169,135,0
2026-09-22 18:40:46.308,v2.2.0,28,2208,0,0,0,0,False,1486970,65,13197,135,0
2026-09-22 18:41:59.588,v2.2.0,28,2195,0,0,0,0,False,1487436,65,13224,135,0
2026-09-22 18:43:09.762,v2.2.0,28,2195,0,0,0,0,False,1487862,65,13272,135,0
2026-09-22 18:44:16.972,v2.2.0,28,2195,0,0,0,0,False,1488262,65,13302,137,0
2026-09-22 18:45:27.530,v2.2.0,28,2195,0,0,0,0,False,1488793,65,13330,137,0
2026-09-22 18:46:36.420,v2.2.0,28,2195,0,0,0,0,False,1489399,65,13360,137,0
2026-09-22 18:47:50.020,v2.2.0,28,2195,0,0,0,0,False,1490025,65,13386,137,0
2026-09-22 18:49:01.394,v2.2.0,28,2195,0,0,0,0,False,1490511,65,13423,139,0
2026-09-22 18:50:11.129,v2.2.0,28,2195,0,0,0,0,False,1490994,65,13466,139,0
2026-09-22 18:51:22.674,v2.2.0,28,2195,0,0,0,0,False,1491604,65,13497,139,0
2026-09-22 18:52:35.553,v2.2.0,28,2195,0,0,0,0,False,1492323,65,13524,139,0
2026-09-22 18:53:46.708,v2.2.0,28,2195,0,0,0,0,False,1493078,65,13553,140,0
2026-09-22 18:54:57.651,v2.2.0,28,2195,0,0,0,0,False,1493763,65,13581,140,0
2026-09-22 18:56:06.903,v2.2.0,28,2195,0,0,0,0,False,1494356,65,13631,141,0
2026-09-22 18:57:18.284,v2.2.0,28,2195,0,0,0,0,False,1495083,65,13662,141,0
2026-09-22 18:58:30.446,v2.2.0,28,2195,0,0,0,0,False,1495716,65,13691,142,0
2026-09-22 18:59:44.167,v2.2.0,28,2195,13,1,0,0,False,1496566,65,13720,142,0
2026-09-22 19:00:55.913,v2.2.0,28,2195,0,0,0,0,False,1497455,65,13747,142,0
2026-09-22 19:02:08.113,v2.2.0,28,2195,0,0,0,0,False,1498173,65,13795,142,0
2026-09-22 19:03:17.926,v2.2.0,28,2195,0,0,0,0,False,1498897,65,13827,142,0
2026-09-22 19:04:27.191,v2.2.0,28,2195,0,0,0,0,False,1499622,65,13856,142,0
2026-09-22 19:05:41.990,v2.2.0,28,2195,0,0,0,0,False,1500374,65,13883,142,0
2026-09-22 19:06:53.374,v2.2.0,28,2195,0,0,0,0,False,1501098,65,13912,143,0
2026-09-22 19:08:03.380,v2.2.0,28,2195,0,0,0,0,False,1501923,65,13954,143,0
2026-09-22 19:09:15.385,v2.2.0,28,2195,0,0,0,0,False,1502860,65,13993,143,0
2026-09-22 19:10:25.122,v2.2.0,28,2195,0,0,0,0,False,1503521,65,14020,143,0
2026-09-22 19:11:45.220,v2.2.0,28,2195,0,0,0,0,False,1504272,65,14048,143,0
2026-09-22 19:12:46.878,v2.2.0,28,2195,0,0,0,0,False,1504766,65,14075,143,0
2026-09-22 19:14:01.880,v2.2.0,28,2195,0,0,0,0,False,1505570,65,14114,144,0
2026-09-22 19:15:11.545,v2.2.0,28,2195,0,0,0,0,False,1506366,65,14156,144,0
2026-09-22 19:16:20.154,v2.2.0,28,2195,0,0,0,0,False,1507011,65,14183,144,0
2026-09-22 19:17:31.690,v2.2.0,28,2195,0,0,0,0,False,1507707,65,14211,144,0
2026-09-22 19:18:44.126,v2.2.0,28,2195,0,0,0,0,False,1508431,65,14239,144,0
2026-09-22 19:19:53.841,v2.2.0,28,2195,0,0,0,0,False,1509133,65,14266,144,0
2026-09-22 19:21:03.440,v2.2.0,28,2195,0,0,0,0,False,1509810,65,14315,145,0
2026-09-22 19:22:12.672,v2.2.0,28,2195,0,0,0,0,False,1510544,65,14347,145,0
2026-09-22 19:23:28.988,v2.2.0,29,2364,0,0,0,0,False,1511348,65,14374,146,0
2026-09-22 19:24:43.788,v2.2.0,29,2351,0,0,0,0,False,1512313,65,14402,147,0
2026-09-22 19:25:55.346,v2.2.0,29,2312,0,0,0,0,False,1513240,65,14431,147,0
2026-09-22 19:27:19.506,v2.2.0,29,2312,0,0,0,0,False,1514175,65,14487,148,0
2026-09-22 19:28:37.248,v2.2.0,29,2312,0,0,0,0,False,1515018,65,14518,148,0
2026-09-22 19:29:51.608,v2.2.0,29,2312,0,0,0,0,False,1515934,65,14547,148,0
2026-09-22 19:31:06.925,v2.2.0,29,2312,0,0,0,0,False,1516769,65,14598,148,0
2026-09-22 19:32:25.189,v2.2.0,29,2312,0,0,0,0,False,1517602,65,14633,148,0
2026-09-22 19:33:39.296,v2.2.0,29,2312,0,0,0,0,False,1518420,65,14661,148,0
2026-09-22 19:34:54.171,v2.2.0,29,2312,0,0,0,0,False,1519227,65,14691,149,0
2026-09-22 19:36:06.499,v2.2.0,29,2312,0,0,0,0,False,1520033,65,14743,149,0
2026-09-22 19:37:22.824,v2.2.0,29,2287,0,0,0,0,False,1520945,65,14777,150,0
2026-09-22 19:38:37.666,v2.2.0,29,2287,0,0,0,0,False,1521823,65,14806,150,0
2026-09-22 19:39:51.782,v2.2.0,29,2287,0,0,0,0,False,1522641,65,14835,150,0
2026-09-22 19:41:05.869,v2.2.0,29,2287,0,0,0,0,False,1523450,65,14881,150,0
2026-09-22 19:42:20.358,v2.2.0,29,2287,0,0,0,0,False,1524423,65,14920,150,0
2026-09-22 19:43:36.427,v2.2.0,29,2287,0,0,0,0,False,1525579,65,14949,151,0
2026-09-22 19:44:51.689,v2.2.0,29,2287,0,0,0,0,False,1526618,65,14977,151,0
2026-09-22 19:46:05.999,v2.2.0,29,2287,0,0,0,0,False,1527758,65,15031,151,0
2026-09-22 19:47:20.167,v2.2.0,29,2287,0,0,0,0,False,1528927,65,15063,152,0
2026-09-22 19:48:34.179,v2.2.0,29,2287,0,0,0,0,False,1530148,65,15092,152,0
2026-09-22 19:49:51.050,v2.2.0,29,2287,0,0,0,0,False,1531498,65,15121,153,0
2026-09-22 19:51:05.555,v2.2.0,29,2287,0,0,0,0,False,1533004,65,15175,153,0
2026-09-22 19:52:15.352,v2.2.0,29,2287,0,0,0,0,False,1534379,65,15205,154,0
2026-09-22 19:53:29.217,v2.2.0,29,2287,0,0,0,0,False,1535897,65,15236,154,0
2026-09-22 19:54:44.652,v2.2.0,29,2287,0,0,0,0,False,1537717,65,15264,154,0
2026-09-22 19:55:58.808,v2.2.0,29,2279,0,0,0,0,False,1539987,65,15293,154,0
2026-09-22 19:57:11.644,v2.2.0,29,2254,0,0,0,0,False,1542268,65,15349,154,0
2026-09-22 19:58:24.745,v2.2.0,29,2254,0,0,0,0,False,1544819,65,15378,155,0
2026-09-22 19:59:37.391,v2.2.0,29,2254,0,0,0,0,False,1548805,65,15407,155,0
