date,version,event_id,event,strategy,trade_id,stock_code,stock_name,candidate_source,candidate_start_time,base_signal_time,first75_signal_time,parent_trade_ids,support_episode_id,peak_time,peak_price,pullback_start_time,pullback_depth_pct,support_low_time,support_low_price,support_anchor_low,support_candidate_time,support_confirm_time,support_elapsed_min,rebound_from_low_pct,higher_low,prior_5m_high,reclaim_threshold_price,reclaim_signal_time,reclaim_volume_ratio,signal_time,signal_detected_time,signal_price,fill_time,fill_price,signal_to_fill_sec,signal_to_fill_slippage_pct,rule_version,data_status
2026-09-22,v2.2.0,2026-09-22:047040:PULLBACK_SUPPORT_ENTRY:2026-09-22:047040:1:2026-09-22 09:17:00:SIGNAL,SIGNAL,PULLBACK_SUPPORT_ENTRY,,047040,대우건설,BASE,2026-09-22 09:05:36.748,2026-09-22 09:05:36.748,,20260922_047040_BASE_E001_090536802644,2026-09-22:047040:1,2026-09-22 09:06:00.000,19420.0,2026-09-22 09:10:00.000,-2.4201853759011294,2026-09-22 09:15:00.000,18950.0,18970.0,2026-09-22 09:15:00.000,2026-09-22 09:17:00.000,5,0.4221635883905117,True,,,,,2026-09-22 09:17:00.000,2026-09-22 09:17:00.180,19030.0,,,,,pullback_support_v1,OK
2026-09-22,v2.2.0,2026-09-22:047040:PULLBACK_SUPPORT_ENTRY:2026-09-22:047040:1:2026-09-22 09:17:00:FILL,FILL,PULLBACK_SUPPORT_ENTRY,20260922_047040_PULLBACK_SUPPORT_ENTRY_2026-09-22:047040:1_091702915049,047040,대우건설,BASE,2026-09-22 09:05:36.748,2026-09-22 09:05:36.748,,20260922_047040_BASE_E001_090536802644,2026-09-22:047040:1,2026-09-22 09:06:00.000,19420.0,2026-09-22 09:10:00.000,-2.4201853759011294,2026-09-22 09:15:00.000,18950.0,18970.0,2026-09-22 09:15:00.000,2026-09-22 09:17:00.000,5,0.4221635883905117,True,,,,,2026-09-22 09:17:00.000,2026-09-22 09:17:00.180,19030.0,2026-09-22 09:17:00.753,19040.0,0.753345,0.05254860746191081,pullback_support_v1,OK
2026-09-22,v2.2.0,2026-09-22:066570:PULLBACK_SUPPORT_ENTRY:2026-09-22:066570:1:2026-09-22 09:18:00:SIGNAL,SIGNAL,PULLBACK_SUPPORT_ENTRY,,066570,LG전자,BASE,2026-09-22 09:01:56.659,2026-09-22 09:01:56.659,,20260922_066570_BASE_E001_090156667726|20260922_066570_BASE_E002_090759037574|20260922_066570_BASE_E003_090945667738|20260922_066570_BASE_E004_091357033781,2026-09-22:066570:1,2026-09-22 09:04:00.000,215000.0,2026-09-22 09:12:00.000,-1.8604651162790753,2026-09-22 09:12:00.000,211000.0,211000.0,2026-09-22 09:16:00.000,2026-09-22 09:18:00.000,5,1.0663507109004655,False,,,,,2026-09-22 09:18:00.000,2026-09-22 09:18:00.648,213250.0,,,,,pullback_support_v1,OK
2026-09-22,v2.2.0,2026-09-22:066570:PULLBACK_SUPPORT_ENTRY:2026-09-22:066570:1:2026-09-22 09:18:00:FILL,FILL,PULLBACK_SUPPORT_ENTRY,20260922_066570_PULLBACK_SUPPORT_ENTRY_2026-09-22:066570:1_091801259307,066570,LG전자,BASE,2026-09-22 09:01:56.659,2026-09-22 09:01:56.659,,20260922_066570_BASE_E001_090156667726|20260922_066570_BASE_E002_090759037574|20260922_066570_BASE_E003_090945667738|20260922_066570_BASE_E004_091357033781,2026-09-22:066570:1,2026-09-22 09:04:00.000,215000.0,2026-09-22 09:12:00.000,-1.8604651162790753,2026-09-22 09:12:00.000,211000.0,211000.0,2026-09-22 09:16:00.000,2026-09-22 09:18:00.000,5,1.0663507109004655,False,,,,,2026-09-22 09:18:00.000,2026-09-22 09:18:00.648,213250.0,2026-09-22 09:18:00.957,213000.0,0.957994,-0.11723329425556983,pullback_support_v1,OK
2026-09-22,v2.2.0,2026-09-22:0161M0:PULLBACK_SUPPORT_ENTRY:2026-09-22:0161M0:2:2026-09-22 09:19:00:SIGNAL,SIGNAL,PULLBACK_SUPPORT_ENTRY,,0161M0,네오사피엔스,BOTH,2026-09-22 09:03:45.614,2026-09-22 09:03:45.614,2026-09-22 09:03:45.614,20260922_0161M0_BASE_E001_090345632652|20260922_0161M0_PRE_HISTORY_E001_090346013080|20260922_0161M0_BASE_E002_090913591703,2026-09-22:0161M0:2,2026-09-22 09:08:00.000,40500.0,2026-09-22 09:09:00.000,-9.999999999999998,2026-09-22 09:14:00.000,36450.0,36500.0,2026-09-22 09:17:00.000,2026-09-22 09:19:00.000,5,1.6460905349794164,False,,,,,2026-09-22 09:19:00.000,2026-09-22 09:19:01.156,37050.0,,,,,pullback_support_v1,OK
2026-09-22,v2.2.0,2026-09-22:0161M0:PULLBACK_SUPPORT_ENTRY:2026-09-22:0161M0:2:2026-09-22 09:19:00:FILL,FILL,PULLBACK_SUPPORT_ENTRY,20260922_0161M0_PULLBACK_SUPPORT_ENTRY_2026-09-22:0161M0:2_091902421301,0161M0,네오사피엔스,BOTH,2026-09-22 09:03:45.614,2026-09-22 09:03:45.614,2026-09-22 09:03:45.614,20260922_0161M0_BASE_E001_090345632652|20260922_0161M0_PRE_HISTORY_E001_090346013080|20260922_0161M0_BASE_E002_090913591703,2026-09-22:0161M0:2,2026-09-22 09:08:00.000,40500.0,2026-09-22 09:09:00.000,-9.999999999999998,2026-09-22 09:14:00.000,36450.0,36500.0,2026-09-22 09:17:00.000,2026-09-22 09:19:00.000,5,1.6460905349794164,False,,,,,2026-09-22 09:19:00.000,2026-09-22 09:19:01.156,37050.0,2026-09-22 09:19:01.263,37100.0,1.263534,0.13495276653170407,pullback_support_v1,OK
2026-09-22,v2.2.0,2026-09-22:007810:PULLBACK_SUPPORT_ENTRY:2026-09-22:007810:2:2026-09-22 09:20:00:SIGNAL,SIGNAL,PULLBACK_SUPPORT_ENTRY,,007810,코리아써키트,BASE,2026-09-22 09:02:12.885,2026-09-22 09:02:12.885,,20260922_007810_BASE_E001_090212912607|20260922_007810_BASE_E002_090627343250,2026-09-22:007810:2,2026-09-22 09:11:00.000,65700.0,2026-09-22 09:12:00.000,-3.0441400304414,2026-09-22 09:14:00.000,63700.0,63700.0,2026-09-22 09:18:00.000,2026-09-22 09:20:00.000,5,0.6279434850863463,True,,,,,2026-09-22 09:20:00.000,2026-09-22 09:20:00.778,64100.0,,,,,pullback_support_v1,OK
2026-09-22,v2.2.0,2026-09-22:000500:PULLBACK_SUPPORT_ENTRY:2026-09-22:000500:1:2026-09-22 09:20:00:SIGNAL,SIGNAL,PULLBACK_SUPPORT_ENTRY,,000500,가온전선,BOTH,2026-09-22 09:06:56.382,2026-09-22 09:06:56.382,2026-09-22 09:06:56.382,20260922_000500_BASE_E001_090656400654|20260922_000500_PRE_HISTORY_E001_090656976126,2026-09-22:000500:1,2026-09-22 09:07:00.000,342000.0,2026-09-22 09:08:00.000,-4.824561403508776,2026-09-22 09:14:00.000,325500.0,325500.0,2026-09-22 09:18:00.000,2026-09-22 09:20:00.000,5,1.382488479262678,False,,,,,2026-09-22 09:20:00.000,2026-09-22 09:20:03.773,330000.0,,,,,pullback_support_v1,OK
2026-09-22,v2.2.0,2026-09-22:007810:PULLBACK_SUPPORT_ENTRY:2026-09-22:007810:2:2026-09-22 09:20:00:FILL,FILL,PULLBACK_SUPPORT_ENTRY,20260922_007810_PULLBACK_SUPPORT_ENTRY_2026-09-22:007810:2_092005710659,007810,코리아써키트,BASE,2026-09-22 09:02:12.885,2026-09-22 09:02:12.885,,20260922_007810_BASE_E001_090212912607|20260922_007810_BASE_E002_090627343250,2026-09-22:007810:2,2026-09-22 09:11:00.000,65700.0,2026-09-22 09:12:00.000,-3.0441400304414,2026-09-22 09:14:00.000,63700.0,63700.0,2026-09-22 09:18:00.000,2026-09-22 09:20:00.000,5,0.6279434850863463,True,,,,,2026-09-22 09:20:00.000,2026-09-22 09:20:00.778,64100.0,2026-09-22 09:20:00.852,64100.0,0.852458,0.0,pullback_support_v1,OK
2026-09-22,v2.2.0,2026-09-22:000500:PULLBACK_SUPPORT_ENTRY:2026-09-22:000500:1:2026-09-22 09:20:00:FILL,FILL,PULLBACK_SUPPORT_ENTRY,20260922_000500_PULLBACK_SUPPORT_ENTRY_2026-09-22:000500:1_092007392140,000500,가온전선,BOTH,2026-09-22 09:06:56.382,2026-09-22 09:06:56.382,2026-09-22 09:06:56.382,20260922_000500_BASE_E001_090656400654|20260922_000500_PRE_HISTORY_E001_090656976126,2026-09-22:000500:1,2026-09-22 09:07:00.000,342000.0,2026-09-22 09:08:00.000,-4.824561403508776,2026-09-22 09:14:00.000,325500.0,325500.0,2026-09-22 09:18:00.000,2026-09-22 09:20:00.000,5,1.382488479262678,False,,,,,2026-09-22 09:20:00.000,2026-09-22 09:20:03.773,330000.0,2026-09-22 09:20:04.567,331000.0,4.567498,0.3030303030302939,pullback_support_v1,OK
2026-09-22,v2.2.0,2026-09-22:000500:PULLBACK_RECLAIM_ENTRY:2026-09-22:000500:1:2026-09-22 09:23:00:SIGNAL,SIGNAL,PULLBACK_RECLAIM_ENTRY,,000500,가온전선,BOTH,2026-09-22 09:06:56.382,2026-09-22 09:06:56.382,2026-09-22 09:06:56.382,20260922_000500_BASE_E001_090656400654|20260922_000500_PRE_HISTORY_E001_090656976126|20260922_000500_BASE_E003_092228245202,2026-09-22:000500:1,2026-09-22 09:07:00.000,342000.0,2026-09-22 09:08:00.000,-4.824561403508776,2026-09-22 09:14:00.000,325500.0,325500.0,2026-09-22 09:18:00.000,2026-09-22 09:20:00.000,8,2.9185867895545226,True,333500.0,333833.49999999994,2026-09-22 09:23:00.000,2.63974570284907,2026-09-22 09:23:00.000,2026-09-22 09:23:00.252,335000.0,,,,,pullback_support_v1,OK
2026-09-22,v2.2.0,2026-09-22:000500:PULLBACK_RECLAIM_ENTRY:2026-09-22:000500:1:2026-09-22 09:23:00:FILL,FILL,PULLBACK_RECLAIM_ENTRY,20260922_000500_PULLBACK_RECLAIM_ENTRY_2026-09-22:000500:1_092300779404,000500,가온전선,BOTH,2026-09-22 09:06:56.382,2026-09-22 09:06:56.382,2026-09-22 09:06:56.382,20260922_000500_BASE_E001_090656400654|20260922_000500_PRE_HISTORY_E001_090656976126|20260922_000500_BASE_E003_092228245202,2026-09-22:000500:1,2026-09-22 09:07:00.000,342000.0,2026-09-22 09:08:00.000,-4.824561403508776,2026-09-22 09:14:00.000,325500.0,325500.0,2026-09-22 09:18:00.000,2026-09-22 09:20:00.000,8,2.9185867895545226,True,333500.0,333833.49999999994,2026-09-22 09:23:00.000,2.63974570284907,2026-09-22 09:23:00.000,2026-09-22 09:23:00.252,335000.0,2026-09-22 09:23:00.443,335000.0,0.443829,0.0,pullback_support_v1,OK
2026-09-22,v2.2.0,2026-09-22:356860:PULLBACK_SUPPORT_ENTRY:2026-09-22:356860:2:2026-09-22 09:26:00:SIGNAL,SIGNAL,PULLBACK_SUPPORT_ENTRY,,356860,티엘비,BOTH,2026-09-22 09:02:44.089,2026-09-22 09:02:44.089,2026-09-22 09:02:44.089,20260922_356860_BASE_E001_090244103978|20260922_356860_PRE_HISTORY_E001_090244408936,2026-09-22:356860:2,2026-09-22 09:11:00.000,44900.0,2026-09-22 09:12:00.000,-4.677060133630285,2026-09-22 09:23:00.000,42800.0,42850.0,2026-09-22 09:24:00.000,2026-09-22 09:26:00.000,5,2.219626168224309,True,,,,,2026-09-22 09:26:00.000,2026-09-22 09:26:01.140,43750.0,,,,,pullback_support_v1,OK
2026-09-22,v2.2.0,2026-09-22:043260:PULLBACK_SUPPORT_ENTRY:2026-09-22:043260:2:2026-09-22 09:26:00:SIGNAL,SIGNAL,PULLBACK_SUPPORT_ENTRY,,043260,성호전자,BASE,2026-09-22 09:06:26.470,2026-09-22 09:06:26.470,,20260922_043260_BASE_E001_090627766476|20260922_043260_BASE_E002_091638601545,2026-09-22:043260:2,2026-09-22 09:16:00.000,28400.0,2026-09-22 09:17:00.000,-4.049295774647888,2026-09-22 09:20:00.000,27250.0,27250.0,2026-09-22 09:24:00.000,2026-09-22 09:26:00.000,5,1.4678899082568808,True,,,,,2026-09-22 09:26:00.000,2026-09-22 09:26:02.050,27650.0,,,,,pullback_support_v1,OK
2026-09-22,v2.2.0,2026-09-22:356860:PULLBACK_SUPPORT_ENTRY:2026-09-22:356860:2:2026-09-22 09:26:00:FILL,FILL,PULLBACK_SUPPORT_ENTRY,20260922_356860_PULLBACK_SUPPORT_ENTRY_2026-09-22:356860:2_092603405469,356860,티엘비,BOTH,2026-09-22 09:02:44.089,2026-09-22 09:02:44.089,2026-09-22 09:02:44.089,20260922_356860_BASE_E001_090244103978|20260922_356860_PRE_HISTORY_E001_090244408936,2026-09-22:356860:2,2026-09-22 09:11:00.000,44900.0,2026-09-22 09:12:00.000,-4.677060133630285,2026-09-22 09:23:00.000,42800.0,42850.0,2026-09-22 09:24:00.000,2026-09-22 09:26:00.000,5,2.219626168224309,True,,,,,2026-09-22 09:26:00.000,2026-09-22 09:26:01.140,43750.0,2026-09-22 09:26:01.259,43750.0,1.259497,0.0,pullback_support_v1,OK
2026-09-22,v2.2.0,2026-09-22:043260:PULLBACK_SUPPORT_ENTRY:2026-09-22:043260:2:2026-09-22 09:26:00:FILL,FILL,PULLBACK_SUPPORT_ENTRY,20260922_043260_PULLBACK_SUPPORT_ENTRY_2026-09-22:043260:2_092609136445,043260,성호전자,BASE,2026-09-22 09:06:26.470,2026-09-22 09:06:26.470,,20260922_043260_BASE_E001_090627766476|20260922_043260_BASE_E002_091638601545,2026-09-22:043260:2,2026-09-22 09:16:00.000,28400.0,2026-09-22 09:17:00.000,-4.049295774647888,2026-09-22 09:20:00.000,27250.0,27250.0,2026-09-22 09:24:00.000,2026-09-22 09:26:00.000,5,1.4678899082568808,True,,,,,2026-09-22 09:26:00.000,2026-09-22 09:26:02.050,27650.0,2026-09-22 09:26:02.146,27650.0,2.146803,0.0,pullback_support_v1,OK
2026-09-22,v2.2.0,2026-09-22:007660:PULLBACK_SUPPORT_ENTRY:2026-09-22:007660:1:2026-09-22 09:28:00:SIGNAL,SIGNAL,PULLBACK_SUPPORT_ENTRY,,007660,이수페타시스,BASE,2026-09-22 09:05:23.086,2026-09-22 09:05:23.086,,20260922_007660_BASE_E001_090523130972,2026-09-22:007660:1,2026-09-22 09:09:00.000,119800.0,2026-09-22 09:12:00.000,-4.006677796327207,2026-09-22 09:22:00.000,115000.0,115000.0,2026-09-22 09:26:00.000,2026-09-22 09:28:00.000,5,1.043478260869568,True,,,,,2026-09-22 09:28:00.000,2026-09-22 09:28:01.165,116200.0,,,,,pullback_support_v1,OK
2026-09-22,v2.2.0,2026-09-22:007660:PULLBACK_SUPPORT_ENTRY:2026-09-22:007660:1:2026-09-22 09:28:00:FILL,FILL,PULLBACK_SUPPORT_ENTRY,20260922_007660_PULLBACK_SUPPORT_ENTRY_2026-09-22:007660:1_092802301643,007660,이수페타시스,BASE,2026-09-22 09:05:23.086,2026-09-22 09:05:23.086,,20260922_007660_BASE_E001_090523130972,2026-09-22:007660:1,2026-09-22 09:09:00.000,119800.0,2026-09-22 09:12:00.000,-4.006677796327207,2026-09-22 09:22:00.000,115000.0,115000.0,2026-09-22 09:26:00.000,2026-09-22 09:28:00.000,5,1.043478260869568,True,,,,,2026-09-22 09:28:00.000,2026-09-22 09:28:01.165,116200.0,2026-09-22 09:28:01.338,116300.0,1.338526,0.0860585197934638,pullback_support_v1,OK
2026-09-22,v2.2.0,2026-09-22:356860:PULLBACK_RECLAIM_ENTRY:2026-09-22:356860:2:2026-09-22 09:29:00:SIGNAL,SIGNAL,PULLBACK_RECLAIM_ENTRY,,356860,티엘비,BOTH,2026-09-22 09:02:44.089,2026-09-22 09:02:44.089,2026-09-22 09:02:44.089,20260922_356860_BASE_E001_090244103978|20260922_356860_PRE_HISTORY_E001_090244408936,2026-09-22:356860:2,2026-09-22 09:11:00.000,44900.0,2026-09-22 09:12:00.000,-4.677060133630285,2026-09-22 09:23:00.000,42800.0,42850.0,2026-09-22 09:24:00.000,2026-09-22 09:26:00.000,8,2.8037383177569986,True,43850.0,43893.85,2026-09-22 09:29:00.000,2.1218134773315334,2026-09-22 09:29:00.000,2026-09-22 09:29:00.095,44000.0,,,,,pullback_support_v1,OK
2026-09-22,v2.2.0,2026-09-22:356860:PULLBACK_RECLAIM_ENTRY:2026-09-22:356860:2:2026-09-22 09:29:00:FILL,FILL,PULLBACK_RECLAIM_ENTRY,20260922_356860_PULLBACK_RECLAIM_ENTRY_2026-09-22:356860:2_092901532386,356860,티엘비,BOTH,2026-09-22 09:02:44.089,2026-09-22 09:02:44.089,2026-09-22 09:02:44.089,20260922_356860_BASE_E001_090244103978|20260922_356860_PRE_HISTORY_E001_090244408936,2026-09-22:356860:2,2026-09-22 09:11:00.000,44900.0,2026-09-22 09:12:00.000,-4.677060133630285,2026-09-22 09:23:00.000,42800.0,42850.0,2026-09-22 09:24:00.000,2026-09-22 09:26:00.000,8,2.8037383177569986,True,43850.0,43893.85,2026-09-22 09:29:00.000,2.1218134773315334,2026-09-22 09:29:00.000,2026-09-22 09:29:00.095,44000.0,2026-09-22 09:29:00.136,44050.0,0.136906,0.11363636363637131,pullback_support_v1,OK
2026-09-22,v2.2.0,2026-09-22:353200:PULLBACK_SUPPORT_ENTRY:2026-09-22:353200:1:2026-09-22 09:30:00:SIGNAL,SIGNAL,PULLBACK_SUPPORT_ENTRY,,353200,대덕전자,BOTH,2026-09-22 09:03:14.530,2026-09-22 09:03:14.530,2026-09-22 09:03:14.530,20260922_353200_BASE_E001_090314550904|20260922_353200_PRE_HISTORY_E001_090314888674,2026-09-22:353200:1,2026-09-22 09:13:00.000,118900.0,2026-09-22 09:14:00.000,-3.61648444070648,2026-09-22 09:24:00.000,114600.0,114600.0,2026-09-22 09:28:00.000,2026-09-22 09:30:00.000,5,1.8324607329842868,True,,,,,2026-09-22 09:30:00.000,2026-09-22 09:30:05.327,116700.0,,,,,pullback_support_v1,OK
2026-09-22,v2.2.0,2026-09-22:353200:PULLBACK_SUPPORT_ENTRY:2026-09-22:353200:1:2026-09-22 09:30:00:FILL,FILL,PULLBACK_SUPPORT_ENTRY,20260922_353200_PULLBACK_SUPPORT_ENTRY_2026-09-22:353200:1_093009938603,353200,대덕전자,BOTH,2026-09-22 09:03:14.530,2026-09-22 09:03:14.530,2026-09-22 09:03:14.530,20260922_353200_BASE_E001_090314550904|20260922_353200_PRE_HISTORY_E001_090314888674,2026-09-22:353200:1,2026-09-22 09:13:00.000,118900.0,2026-09-22 09:14:00.000,-3.61648444070648,2026-09-22 09:24:00.000,114600.0,114600.0,2026-09-22 09:28:00.000,2026-09-22 09:30:00.000,5,1.8324607329842868,True,,,,,2026-09-22 09:30:00.000,2026-09-22 09:30:05.327,116700.0,2026-09-22 09:30:06.278,117000.0,6.278425,0.25706940874035134,pullback_support_v1,OK
2026-09-22,v2.2.0,2026-09-22:353200:PULLBACK_RECLAIM_ENTRY:2026-09-22:353200:1:2026-09-22 09:31:00:SIGNAL,SIGNAL,PULLBACK_RECLAIM_ENTRY,,353200,대덕전자,BOTH,2026-09-22 09:03:14.530,2026-09-22 09:03:14.530,2026-09-22 09:03:14.530,20260922_353200_BASE_E001_090314550904|20260922_353200_PRE_HISTORY_E001_090314888674,2026-09-22:353200:1,2026-09-22 09:13:00.000,118900.0,2026-09-22 09:14:00.000,-3.61648444070648,2026-09-22 09:24:00.000,114600.0,114600.0,2026-09-22 09:28:00.000,2026-09-22 09:30:00.000,6,2.3560209424083878,True,116800.0,116916.79999999999,2026-09-22 09:31:00.000,1.8559874975581168,2026-09-22 09:31:00.000,2026-09-22 09:31:00.734,117300.0,,,,,pullback_support_v1,OK
2026-09-22,v2.2.0,2026-09-22:007660:PULLBACK_RECLAIM_ENTRY:2026-09-22:007660:1:2026-09-22 09:31:00:SIGNAL,SIGNAL,PULLBACK_RECLAIM_ENTRY,,007660,이수페타시스,BASE,2026-09-22 09:05:23.086,2026-09-22 09:05:23.086,,20260922_007660_BASE_E001_090523130972,2026-09-22:007660:1,2026-09-22 09:09:00.000,119800.0,2026-09-22 09:12:00.000,-4.006677796327207,2026-09-22 09:22:00.000,115000.0,115000.0,2026-09-22 09:26:00.000,2026-09-22 09:28:00.000,8,2.086956521739136,True,116700.0,116816.69999999998,2026-09-22 09:31:00.000,1.5949446417380406,2026-09-22 09:31:00.000,2026-09-22 09:31:03.019,117400.0,,,,,pullback_support_v1,OK
2026-09-22,v2.2.0,2026-09-22:353200:PULLBACK_RECLAIM_ENTRY:2026-09-22:353200:1:2026-09-22 09:31:00:FILL,FILL,PULLBACK_RECLAIM_ENTRY,20260922_353200_PULLBACK_RECLAIM_ENTRY_2026-09-22:353200:1_093104385519,353200,대덕전자,BOTH,2026-09-22 09:03:14.530,2026-09-22 09:03:14.530,2026-09-22 09:03:14.530,20260922_353200_BASE_E001_090314550904|20260922_353200_PRE_HISTORY_E001_090314888674,2026-09-22:353200:1,2026-09-22 09:13:00.000,118900.0,2026-09-22 09:14:00.000,-3.61648444070648,2026-09-22 09:24:00.000,114600.0,114600.0,2026-09-22 09:28:00.000,2026-09-22 09:30:00.000,6,2.3560209424083878,True,116800.0,116916.79999999999,2026-09-22 09:31:00.000,1.8559874975581168,2026-09-22 09:31:00.000,2026-09-22 09:31:00.734,117300.0,2026-09-22 09:31:01.048,117600.0,1.04802,0.2557544757033181,pullback_support_v1,OK
2026-09-22,v2.2.0,2026-09-22:007660:PULLBACK_RECLAIM_ENTRY:2026-09-22:007660:1:2026-09-22 09:31:00:FILL,FILL,PULLBACK_RECLAIM_ENTRY,20260922_007660_PULLBACK_RECLAIM_ENTRY_2026-09-22:007660:1_093108345249,007660,이수페타시스,BASE,2026-09-22 09:05:23.086,2026-09-22 09:05:23.086,,20260922_007660_BASE_E001_090523130972,2026-09-22:007660:1,2026-09-22 09:09:00.000,119800.0,2026-09-22 09:12:00.000,-4.006677796327207,2026-09-22 09:22:00.000,115000.0,115000.0,2026-09-22 09:26:00.000,2026-09-22 09:28:00.000,8,2.086956521739136,True,116700.0,116816.69999999998,2026-09-22 09:31:00.000,1.5949446417380406,2026-09-22 09:31:00.000,2026-09-22 09:31:03.019,117400.0,2026-09-22 09:31:03.069,117600.0,3.069428,0.17035775127767216,pullback_support_v1,OK
2026-09-22,v2.2.0,2026-09-22:080220:PULLBACK_SUPPORT_ENTRY:2026-09-22:080220:1:2026-09-22 09:37:00:SIGNAL,SIGNAL,PULLBACK_SUPPORT_ENTRY,,080220,제주반도체,BOTH,2026-09-22 09:16:19.394,2026-09-22 09:16:19.394,2026-09-22 09:16:19.394,20260922_080220_BASE_E002_091619412017|20260922_080220_PRE_HISTORY_E002_091620311001,2026-09-22:080220:1,2026-09-22 09:17:00.000,79500.0,2026-09-22 09:22:00.000,-2.8930817610062887,2026-09-22 09:28:00.000,77200.0,77200.0,2026-09-22 09:35:00.000,2026-09-22 09:37:00.000,5,1.5544041450777257,True,,,,,2026-09-22 09:37:00.000,2026-09-22 09:37:04.080,78400.0,,,,,pullback_support_v1,OK
2026-09-22,v2.2.0,2026-09-22:080220:PULLBACK_SUPPORT_ENTRY:2026-09-22:080220:1:2026-09-22 09:37:00:FILL,FILL,PULLBACK_SUPPORT_ENTRY,20260922_080220_PULLBACK_SUPPORT_ENTRY_2026-09-22:080220:1_093706819829,080220,제주반도체,BOTH,2026-09-22 09:16:19.394,2026-09-22 09:16:19.394,2026-09-22 09:16:19.394,20260922_080220_BASE_E002_091619412017|20260922_080220_PRE_HISTORY_E002_091620311001,2026-09-22:080220:1,2026-09-22 09:17:00.000,79500.0,2026-09-22 09:22:00.000,-2.8930817610062887,2026-09-22 09:28:00.000,77200.0,77200.0,2026-09-22 09:35:00.000,2026-09-22 09:37:00.000,5,1.5544041450777257,True,,,,,2026-09-22 09:37:00.000,2026-09-22 09:37:04.080,78400.0,2026-09-22 09:37:04.263,78300.0,4.263856,-0.12755102040816757,pullback_support_v1,OK
2026-09-22,v2.2.0,2026-09-22:007810:PULLBACK_RECLAIM_ENTRY:2026-09-22:007810:2:2026-09-22 09:40:00:SIGNAL,SIGNAL,PULLBACK_RECLAIM_ENTRY,,007810,코리아써키트,BASE,2026-09-22 09:02:12.885,2026-09-22 09:02:12.885,,20260922_007810_BASE_E001_090212912607|20260922_007810_BASE_E002_090627343250,2026-09-22:007810:2,2026-09-22 09:39:00.000,67900.0,2026-09-22 09:12:00.000,-7.069219440353458,2026-09-22 09:21:00.000,63100.0,63100.0,2026-09-22 09:35:00.000,2026-09-22 09:37:00.000,8,7.60697305863709,True,67300.0,67367.29999999999,2026-09-22 09:40:00.000,,2026-09-22 09:40:00.000,2026-09-22 09:40:00.059,67900.0,,,,,pullback_support_v1,OK
2026-09-22,v2.2.0,2026-09-22:007810:PULLBACK_RECLAIM_ENTRY:2026-09-22:007810:2:2026-09-22 09:40:00:FILL,FILL,PULLBACK_RECLAIM_ENTRY,20260922_007810_PULLBACK_RECLAIM_ENTRY_2026-09-22:007810:2_094001119776,007810,코리아써키트,BASE,2026-09-22 09:02:12.885,2026-09-22 09:02:12.885,,20260922_007810_BASE_E001_090212912607|20260922_007810_BASE_E002_090627343250,2026-09-22:007810:2,2026-09-22 09:39:00.000,67900.0,2026-09-22 09:12:00.000,-7.069219440353458,2026-09-22 09:21:00.000,63100.0,63100.0,2026-09-22 09:35:00.000,2026-09-22 09:37:00.000,8,7.60697305863709,True,67300.0,67367.29999999999,2026-09-22 09:40:00.000,,2026-09-22 09:40:00.000,2026-09-22 09:40:00.059,67900.0,2026-09-22 09:40:00.140,67900.0,0.140259,0.0,pullback_support_v1,OK
2026-09-22,v2.2.0,2026-09-22:001440:PULLBACK_SUPPORT_ENTRY:2026-09-22:001440:1:2026-09-22 09:45:00:SIGNAL,SIGNAL,PULLBACK_SUPPORT_ENTRY,,001440,대한전선,BOTH,2026-09-22 09:11:34.805,2026-09-22 09:11:34.805,2026-09-22 09:11:34.805,20260922_001440_BASE_E001_091134838019|20260922_001440_PRE_HISTORY_E001_091135659290,2026-09-22:001440:1,2026-09-22 09:18:00.000,33450.0,2026-09-22 09:20:00.000,-3.8863976083707064,2026-09-22 09:39:00.000,32150.0,32150.0,2026-09-22 09:43:00.000,2026-09-22 09:45:00.000,5,0.4665629860031162,True,,,,,2026-09-22 09:45:00.000,2026-09-22 09:45:04.482,32300.0,,,,,pullback_support_v1,OK
2026-09-22,v2.2.0,2026-09-22:001440:PULLBACK_SUPPORT_ENTRY:2026-09-22:001440:1:2026-09-22 09:45:00:FILL,FILL,PULLBACK_SUPPORT_ENTRY,20260922_001440_PULLBACK_SUPPORT_ENTRY_2026-09-22:001440:1_094507566226,001440,대한전선,BOTH,2026-09-22 09:11:34.805,2026-09-22 09:11:34.805,2026-09-22 09:11:34.805,20260922_001440_BASE_E001_091134838019|20260922_001440_PRE_HISTORY_E001_091135659290,2026-09-22:001440:1,2026-09-22 09:18:00.000,33450.0,2026-09-22 09:20:00.000,-3.8863976083707064,2026-09-22 09:39:00.000,32150.0,32150.0,2026-09-22 09:43:00.000,2026-09-22 09:45:00.000,5,0.4665629860031162,True,,,,,2026-09-22 09:45:00.000,2026-09-22 09:45:04.482,32300.0,2026-09-22 09:45:04.517,32350.0,4.517876,0.1547987616099089,pullback_support_v1,OK
2026-09-22,v2.2.0,2026-09-22:006340:PULLBACK_SUPPORT_ENTRY:2026-09-22:006340:1:2026-09-22 09:46:00:SIGNAL,SIGNAL,PULLBACK_SUPPORT_ENTRY,,006340,대원전선,BASE,2026-09-22 09:15:47.727,2026-09-22 09:15:47.727,,20260922_006340_BASE_E001_091547805317,2026-09-22:006340:1,2026-09-22 09:18:00.000,14650.0,2026-09-22 09:21:00.000,-3.2764505119453946,2026-09-22 09:37:00.000,14170.0,14170.0,2026-09-22 09:41:00.000,2026-09-22 09:46:00.000,8,0.4234297812279353,True,,,,,2026-09-22 09:46:00.000,2026-09-22 09:46:04.966,14230.0,,,,,pullback_support_v1,OK
2026-09-22,v2.2.0,2026-09-22:006340:PULLBACK_SUPPORT_ENTRY:2026-09-22:006340:1:2026-09-22 09:46:00:FILL,FILL,PULLBACK_SUPPORT_ENTRY,20260922_006340_PULLBACK_SUPPORT_ENTRY_2026-09-22:006340:1_094607002121,006340,대원전선,BASE,2026-09-22 09:15:47.727,2026-09-22 09:15:47.727,,20260922_006340_BASE_E001_091547805317,2026-09-22:006340:1,2026-09-22 09:18:00.000,14650.0,2026-09-22 09:21:00.000,-3.2764505119453946,2026-09-22 09:37:00.000,14170.0,14170.0,2026-09-22 09:41:00.000,2026-09-22 09:46:00.000,8,0.4234297812279353,True,,,,,2026-09-22 09:46:00.000,2026-09-22 09:46:04.966,14230.0,2026-09-22 09:46:05.025,14230.0,5.025412,0.0,pullback_support_v1,OK
2026-09-22,v2.2.0,2026-09-22:006340:PULLBACK_RECLAIM_ENTRY:2026-09-22:006340:1:2026-09-22 09:48:00:SIGNAL,SIGNAL,PULLBACK_RECLAIM_ENTRY,,006340,대원전선,BASE,2026-09-22 09:15:47.727,2026-09-22 09:15:47.727,,20260922_006340_BASE_E001_091547805317,2026-09-22:006340:1,2026-09-22 09:18:00.000,14650.0,2026-09-22 09:21:00.000,-3.2764505119453946,2026-09-22 09:37:00.000,14170.0,14170.0,2026-09-22 09:41:00.000,2026-09-22 09:46:00.000,10,0.7057163020465662,False,14250.0,14264.249999999998,2026-09-22 09:48:00.000,1.015590711080541,2026-09-22 09:48:00.000,2026-09-22 09:48:00.407,14270.0,,,,,pullback_support_v1,OK
2026-09-22,v2.2.0,2026-09-22:006340:PULLBACK_RECLAIM_ENTRY:2026-09-22:006340:1:2026-09-22 09:48:00:FILL,FILL,PULLBACK_RECLAIM_ENTRY,20260922_006340_PULLBACK_RECLAIM_ENTRY_2026-09-22:006340:1_094801714750,006340,대원전선,BASE,2026-09-22 09:15:47.727,2026-09-22 09:15:47.727,,20260922_006340_BASE_E001_091547805317,2026-09-22:006340:1,2026-09-22 09:18:00.000,14650.0,2026-09-22 09:21:00.000,-3.2764505119453946,2026-09-22 09:37:00.000,14170.0,14170.0,2026-09-22 09:41:00.000,2026-09-22 09:46:00.000,10,0.7057163020465662,False,14250.0,14264.249999999998,2026-09-22 09:48:00.000,1.015590711080541,2026-09-22 09:48:00.000,2026-09-22 09:48:00.407,14270.0,2026-09-22 09:48:00.699,14250.0,0.699831,-0.14015416958654825,pullback_support_v1,OK
2026-09-22,v2.2.0,2026-09-22:066570:PULLBACK_RECLAIM_ENTRY:2026-09-22:066570:1:2026-09-22 09:49:00:SIGNAL,SIGNAL,PULLBACK_RECLAIM_ENTRY,,066570,LG전자,BASE,2026-09-22 09:01:56.659,2026-09-22 09:01:56.659,,20260922_066570_BASE_E001_090156667726|20260922_066570_BASE_E002_090759037574|20260922_066570_BASE_E003_090945667738|20260922_066570_BASE_E004_091357033781|20260922_066570_BASE_E007_093506087888|20260922_066570_BASE_E008_094444211168|20260922_066570_BASE_E009_094857539323,2026-09-22:066570:1,2026-09-22 09:04:00.000,215000.0,2026-09-22 09:12:00.000,-2.7906976744186074,2026-09-22 09:25:00.000,209000.0,209000.0,2026-09-22 09:35:00.000,2026-09-22 09:37:00.000,17,2.1531100478468845,False,213000.0,213212.99999999997,2026-09-22 09:49:00.000,6.235118157343703,2026-09-22 09:49:00.000,2026-09-22 09:49:00.133,213500.0,,,,,pullback_support_v1,OK
2026-09-22,v2.2.0,2026-09-22:066570:PULLBACK_RECLAIM_ENTRY:2026-09-22:066570:1:2026-09-22 09:49:00:FILL,FILL,PULLBACK_RECLAIM_ENTRY,20260922_066570_PULLBACK_RECLAIM_ENTRY_2026-09-22:066570:1_094901190528,066570,LG전자,BASE,2026-09-22 09:01:56.659,2026-09-22 09:01:56.659,,20260922_066570_BASE_E001_090156667726|20260922_066570_BASE_E002_090759037574|20260922_066570_BASE_E003_090945667738|20260922_066570_BASE_E004_091357033781|20260922_066570_BASE_E007_093506087888|20260922_066570_BASE_E008_094444211168|20260922_066570_BASE_E009_094857539323,2026-09-22:066570:1,2026-09-22 09:04:00.000,215000.0,2026-09-22 09:12:00.000,-2.7906976744186074,2026-09-22 09:25:00.000,209000.0,209000.0,2026-09-22 09:35:00.000,2026-09-22 09:37:00.000,17,2.1531100478468845,False,213000.0,213212.99999999997,2026-09-22 09:49:00.000,6.235118157343703,2026-09-22 09:49:00.000,2026-09-22 09:49:00.133,213500.0,2026-09-22 09:49:00.506,213500.0,0.506125,0.0,pullback_support_v1,OK
2026-09-22,v2.2.0,2026-09-22:047040:PULLBACK_RECLAIM_ENTRY:2026-09-22:047040:1:2026-09-22 09:52:00:SIGNAL,SIGNAL,PULLBACK_RECLAIM_ENTRY,,047040,대우건설,BASE,2026-09-22 09:05:36.748,2026-09-22 09:05:36.748,,20260922_047040_BASE_E001_090536802644,2026-09-22:047040:1,2026-09-22 09:06:00.000,19420.0,2026-09-22 09:10:00.000,-4.428424304840373,2026-09-22 09:42:00.000,18560.0,18570.0,2026-09-22 09:44:00.000,2026-09-22 09:48:00.000,11,0.8081896551724199,True,18670.0,18688.67,2026-09-22 09:52:00.000,0.7763385146804835,2026-09-22 09:52:00.000,2026-09-22 09:52:05.273,18710.0,,,,,pullback_support_v1,OK
2026-09-22,v2.2.0,2026-09-22:047040:PULLBACK_RECLAIM_ENTRY:2026-09-22:047040:1:2026-09-22 09:52:00:FILL,FILL,PULLBACK_RECLAIM_ENTRY,20260922_047040_PULLBACK_RECLAIM_ENTRY_2026-09-22:047040:1_095208184203,047040,대우건설,BASE,2026-09-22 09:05:36.748,2026-09-22 09:05:36.748,,20260922_047040_BASE_E001_090536802644,2026-09-22:047040:1,2026-09-22 09:06:00.000,19420.0,2026-09-22 09:10:00.000,-4.428424304840373,2026-09-22 09:42:00.000,18560.0,18570.0,2026-09-22 09:44:00.000,2026-09-22 09:48:00.000,11,0.8081896551724199,True,18670.0,18688.67,2026-09-22 09:52:00.000,0.7763385146804835,2026-09-22 09:52:00.000,2026-09-22 09:52:05.273,18710.0,2026-09-22 09:52:06.009,18740.0,6.009692,0.16034206306787535,pullback_support_v1,OK
2026-09-22,v2.2.0,2026-09-22:006800:PULLBACK_SUPPORT_ENTRY:2026-09-22:006800:1:2026-09-22 09:54:00:SIGNAL,SIGNAL,PULLBACK_SUPPORT_ENTRY,,006800,미래에셋증권,BOTH,2026-09-22 09:12:54.344,2026-09-22 09:12:54.344,2026-09-22 09:12:54.344,20260922_006800_BASE_E002_091254388414|20260922_006800_PRE_HISTORY_E002_091255114618,2026-09-22:006800:1,2026-09-22 09:23:00.000,34750.0,2026-09-22 09:29:00.000,-3.8848920863309377,2026-09-22 09:49:00.000,33400.0,33450.0,2026-09-22 09:48:00.000,2026-09-22 09:54:00.000,9,0.44910179640718084,False,,,,,2026-09-22 09:54:00.000,2026-09-22 09:54:04.453,33550.0,,,,,pullback_support_v1,OK
2026-09-22,v2.2.0,2026-09-22:006800:PULLBACK_SUPPORT_ENTRY:2026-09-22:006800:1:2026-09-22 09:54:00:FILL,FILL,PULLBACK_SUPPORT_ENTRY,20260922_006800_PULLBACK_SUPPORT_ENTRY_2026-09-22:006800:1_095406905907,006800,미래에셋증권,BOTH,2026-09-22 09:12:54.344,2026-09-22 09:12:54.344,2026-09-22 09:12:54.344,20260922_006800_BASE_E002_091254388414|20260922_006800_PRE_HISTORY_E002_091255114618,2026-09-22:006800:1,2026-09-22 09:23:00.000,34750.0,2026-09-22 09:29:00.000,-3.8848920863309377,2026-09-22 09:49:00.000,33400.0,33450.0,2026-09-22 09:48:00.000,2026-09-22 09:54:00.000,9,0.44910179640718084,False,,,,,2026-09-22 09:54:00.000,2026-09-22 09:54:04.453,33550.0,2026-09-22 09:54:06.904,33600.0,6.904396,0.14903129657228842,pullback_support_v1,OK
2026-09-22,v2.2.0,2026-09-22:0161M0:PULLBACK_RECLAIM_ENTRY:2026-09-22:0161M0:2:2026-09-22 09:57:00:SIGNAL,SIGNAL,PULLBACK_RECLAIM_ENTRY,,0161M0,네오사피엔스,BOTH,2026-09-22 09:03:45.614,2026-09-22 09:03:45.614,2026-09-22 09:03:45.614,20260922_0161M0_BASE_E001_090345632652|20260922_0161M0_PRE_HISTORY_E001_090346013080|20260922_0161M0_BASE_E002_090913591703,2026-09-22:0161M0:2,2026-09-22 09:08:00.000,40500.0,2026-09-22 09:09:00.000,-13.827160493827162,2026-09-22 09:40:00.000,34900.0,34900.0,2026-09-22 09:44:00.000,2026-09-22 09:46:00.000,16,4.154727793696278,True,36200.0,36236.2,2026-09-22 09:57:00.000,2.667152350829809,2026-09-22 09:57:00.000,2026-09-22 09:57:09.381,36350.0,,,,,pullback_support_v1,OK
2026-09-22,v2.2.0,2026-09-22:0161M0:PULLBACK_RECLAIM_ENTRY:2026-09-22:0161M0:2:2026-09-22 09:57:00:FILL,FILL,PULLBACK_RECLAIM_ENTRY,20260922_0161M0_PULLBACK_RECLAIM_ENTRY_2026-09-22:0161M0:2_095718086951,0161M0,네오사피엔스,BOTH,2026-09-22 09:03:45.614,2026-09-22 09:03:45.614,2026-09-22 09:03:45.614,20260922_0161M0_BASE_E001_090345632652|20260922_0161M0_PRE_HISTORY_E001_090346013080|20260922_0161M0_BASE_E002_090913591703,2026-09-22:0161M0:2,2026-09-22 09:08:00.000,40500.0,2026-09-22 09:09:00.000,-13.827160493827162,2026-09-22 09:40:00.000,34900.0,34900.0,2026-09-22 09:44:00.000,2026-09-22 09:46:00.000,16,4.154727793696278,True,36200.0,36236.2,2026-09-22 09:57:00.000,2.667152350829809,2026-09-22 09:57:00.000,2026-09-22 09:57:09.381,36350.0,2026-09-22 09:57:09.504,36250.0,9.504151,-0.27510316368638543,pullback_support_v1,OK
2026-09-22,v2.2.0,2026-09-22:043260:PULLBACK_RECLAIM_ENTRY:2026-09-22:043260:2:2026-09-22 09:59:00:SIGNAL,SIGNAL,PULLBACK_RECLAIM_ENTRY,,043260,성호전자,BASE,2026-09-22 09:06:26.470,2026-09-22 09:06:26.470,,20260922_043260_BASE_E001_090627766476|20260922_043260_BASE_E002_091638601545,2026-09-22:043260:2,2026-09-22 09:16:00.000,28400.0,2026-09-22 09:17:00.000,-5.2816901408450745,2026-09-22 09:32:00.000,26900.0,26900.0,2026-09-22 09:36:00.000,2026-09-22 09:38:00.000,26,1.486988847583648,True,27200.0,27227.199999999997,2026-09-22 09:59:00.000,2.2965865992414667,2026-09-22 09:59:00.000,2026-09-22 09:59:00.398,27300.0,,,,,pullback_support_v1,OK
2026-09-22,v2.2.0,2026-09-22:043260:PULLBACK_RECLAIM_ENTRY:2026-09-22:043260:2:2026-09-22 09:59:00:FILL,FILL,PULLBACK_RECLAIM_ENTRY,20260922_043260_PULLBACK_RECLAIM_ENTRY_2026-09-22:043260:2_095902022555,043260,성호전자,BASE,2026-09-22 09:06:26.470,2026-09-22 09:06:26.470,,20260922_043260_BASE_E001_090627766476|20260922_043260_BASE_E002_091638601545,2026-09-22:043260:2,2026-09-22 09:16:00.000,28400.0,2026-09-22 09:17:00.000,-5.2816901408450745,2026-09-22 09:32:00.000,26900.0,26900.0,2026-09-22 09:36:00.000,2026-09-22 09:38:00.000,26,1.486988847583648,True,27200.0,27227.199999999997,2026-09-22 09:59:00.000,2.2965865992414667,2026-09-22 09:59:00.000,2026-09-22 09:59:00.398,27300.0,2026-09-22 09:59:00.737,27300.0,0.737955,0.0,pullback_support_v1,OK
2026-09-22,v2.2.0,2026-09-22:080220:PULLBACK_RECLAIM_ENTRY:2026-09-22:080220:1:2026-09-22 09:59:00:SIGNAL,SIGNAL,PULLBACK_RECLAIM_ENTRY,,080220,제주반도체,BOTH,2026-09-22 09:16:19.394,2026-09-22 09:16:19.394,2026-09-22 09:16:19.394,20260922_080220_BASE_E002_091619412017|20260922_080220_PRE_HISTORY_E002_091620311001,2026-09-22:080220:1,2026-09-22 09:17:00.000,79500.0,2026-09-22 09:22:00.000,-3.1446540880503138,2026-09-22 09:47:00.000,77000.0,77200.0,2026-09-22 09:35:00.000,2026-09-22 09:37:00.000,27,0.6493506493506551,True,77400.0,77477.4,2026-09-22 09:59:00.000,1.2323677581863979,2026-09-22 09:59:00.000,2026-09-22 09:59:09.800,77500.0,,,,,pullback_support_v1,OK
2026-09-22,v2.2.0,2026-09-22:080220:PULLBACK_RECLAIM_ENTRY:2026-09-22:080220:1:2026-09-22 09:59:00:FILL,FILL,PULLBACK_RECLAIM_ENTRY,20260922_080220_PULLBACK_RECLAIM_ENTRY_2026-09-22:080220:1_095920798611,080220,제주반도체,BOTH,2026-09-22 09:16:19.394,2026-09-22 09:16:19.394,2026-09-22 09:16:19.394,20260922_080220_BASE_E002_091619412017|20260922_080220_PRE_HISTORY_E002_091620311001,2026-09-22:080220:1,2026-09-22 09:17:00.000,79500.0,2026-09-22 09:22:00.000,-3.1446540880503138,2026-09-22 09:47:00.000,77000.0,77200.0,2026-09-22 09:35:00.000,2026-09-22 09:37:00.000,27,0.6493506493506551,True,77400.0,77477.4,2026-09-22 09:59:00.000,1.2323677581863979,2026-09-22 09:59:00.000,2026-09-22 09:59:09.800,77500.0,2026-09-22 09:59:11.112,77500.0,11.112766,0.0,pullback_support_v1,OK
2026-09-22,v2.2.0,2026-09-22:222800:PULLBACK_SUPPORT_ENTRY:2026-09-22:222800:2:2026-09-22 10:01:00:SIGNAL,SIGNAL,PULLBACK_SUPPORT_ENTRY,,222800,심텍,BASE,2026-09-22 09:01:09.733,2026-09-22 09:01:09.733,,20260922_222800_BASE_E001_090109740834,2026-09-22:222800:2,2026-09-22 09:39:00.000,156600.0,2026-09-22 09:42:00.000,-3.575989782886335,2026-09-22 09:55:00.000,151000.0,151000.0,2026-09-22 09:59:00.000,2026-09-22 10:01:00.000,5,1.7218543046357615,True,,,,,2026-09-22 10:01:00.000,2026-09-22 10:01:03.757,153600.0,,,,,pullback_support_v1,OK
2026-09-22,v2.2.0,2026-09-22:222800:PULLBACK_SUPPORT_ENTRY:2026-09-22:222800:2:2026-09-22 10:01:00:FILL,FILL,PULLBACK_SUPPORT_ENTRY,20260922_222800_PULLBACK_SUPPORT_ENTRY_2026-09-22:222800:2_100105067751,222800,심텍,BASE,2026-09-22 09:01:09.733,2026-09-22 09:01:09.733,,20260922_222800_BASE_E001_090109740834,2026-09-22:222800:2,2026-09-22 09:39:00.000,156600.0,2026-09-22 09:42:00.000,-3.575989782886335,2026-09-22 09:55:00.000,151000.0,151000.0,2026-09-22 09:59:00.000,2026-09-22 10:01:00.000,5,1.7218543046357615,True,,,,,2026-09-22 10:01:00.000,2026-09-22 10:01:03.757,153600.0,2026-09-22 10:01:03.936,153600.0,3.936064,0.0,pullback_support_v1,OK
2026-09-22,v2.2.0,2026-09-22:009150:PULLBACK_SUPPORT_ENTRY:2026-09-22:009150:2:2026-09-22 10:02:00:SIGNAL,SIGNAL,PULLBACK_SUPPORT_ENTRY,,009150,삼성전기,BOTH,2026-09-22 09:06:26.444,2026-09-22 09:06:26.444,2026-09-22 09:06:26.444,20260922_009150_BASE_E001_090626503720|20260922_009150_PRE_HISTORY_E001_090627056393,2026-09-22:009150:2,2026-09-22 09:39:00.000,1548000.0,2026-09-22 09:47:00.000,-2.84237726098191,2026-09-22 09:56:00.000,1504000.0,1504000.0,2026-09-22 10:00:00.000,2026-09-22 10:02:00.000,5,0.5984042553191404,True,,,,,2026-09-22 10:02:00.000,2026-09-22 10:02:01.797,1513000.0,,,,,pullback_support_v1,OK
2026-09-22,v2.2.0,2026-09-22:009150:PULLBACK_SUPPORT_ENTRY:2026-09-22:009150:2:2026-09-22 10:02:00:FILL,FILL,PULLBACK_SUPPORT_ENTRY,20260922_009150_PULLBACK_SUPPORT_ENTRY_2026-09-22:009150:2_100204141322,009150,삼성전기,BOTH,2026-09-22 09:06:26.444,2026-09-22 09:06:26.444,2026-09-22 09:06:26.444,20260922_009150_BASE_E001_090626503720|20260922_009150_PRE_HISTORY_E001_090627056393,2026-09-22:009150:2,2026-09-22 09:39:00.000,1548000.0,2026-09-22 09:47:00.000,-2.84237726098191,2026-09-22 09:56:00.000,1504000.0,1504000.0,2026-09-22 10:00:00.000,2026-09-22 10:02:00.000,5,0.5984042553191404,True,,,,,2026-09-22 10:02:00.000,2026-09-22 10:02:01.797,1513000.0,2026-09-22 10:02:01.804,1513000.0,1.804891,0.0,pullback_support_v1,OK
2026-09-22,v2.2.0,2026-09-22:001820:PULLBACK_SUPPORT_ENTRY:2026-09-22:001820:1:2026-09-22 10:20:00:SIGNAL,SIGNAL,PULLBACK_SUPPORT_ENTRY,,001820,삼화콘덴서,BASE,2026-09-22 09:30:57.518,2026-09-22 09:30:57.518,,20260922_001820_BASE_E003_093057673358,2026-09-22:001820:1,2026-09-22 09:32:00.000,154300.0,2026-09-22 09:35:00.000,-4.860661049902781,2026-09-22 10:16:00.000,146800.0,147000.0,2026-09-22 10:18:00.000,2026-09-22 10:20:00.000,5,1.2261580381471404,True,,,,,2026-09-22 10:20:00.000,2026-09-22 10:20:00.886,148600.0,,,,,pullback_support_v1,OK
2026-09-22,v2.2.0,2026-09-22:001820:PULLBACK_SUPPORT_ENTRY:2026-09-22:001820:1:2026-09-22 10:20:00:FILL,FILL,PULLBACK_SUPPORT_ENTRY,20260922_001820_PULLBACK_SUPPORT_ENTRY_2026-09-22:001820:1_102008869540,001820,삼화콘덴서,BASE,2026-09-22 09:30:57.518,2026-09-22 09:30:57.518,,20260922_001820_BASE_E003_093057673358,2026-09-22:001820:1,2026-09-22 09:32:00.000,154300.0,2026-09-22 09:35:00.000,-4.860661049902781,2026-09-22 10:16:00.000,146800.0,147000.0,2026-09-22 10:18:00.000,2026-09-22 10:20:00.000,5,1.2261580381471404,True,,,,,2026-09-22 10:20:00.000,2026-09-22 10:20:00.886,148600.0,2026-09-22 10:20:01.876,148500.0,1.876869,-0.06729475100941684,pullback_support_v1,OK
2026-09-22,v2.2.0,2026-09-22:232140:PULLBACK_SUPPORT_ENTRY:2026-09-22:232140:2:2026-09-22 10:22:00:SIGNAL,SIGNAL,PULLBACK_SUPPORT_ENTRY,,232140,와이씨,BASE,2026-09-22 10:06:36.192,2026-09-22 10:06:36.192,,20260922_232140_BASE_E002_100636232182,2026-09-22:232140:2,2026-09-22 10:14:00.000,15200.0,2026-09-22 10:16:00.000,-2.1052631578947323,2026-09-22 10:16:00.000,14880.0,14880.0,2026-09-22 10:20:00.000,2026-09-22 10:22:00.000,5,1.8817204301075252,True,,,,,2026-09-22 10:22:00.000,2026-09-22 10:22:04.807,15160.0,,,,,pullback_support_v1,OK
2026-09-22,v2.2.0,2026-09-22:232140:PULLBACK_SUPPORT_ENTRY:2026-09-22:232140:2:2026-09-22 10:22:00:FILL,FILL,PULLBACK_SUPPORT_ENTRY,20260922_232140_PULLBACK_SUPPORT_ENTRY_2026-09-22:232140:2_102206874013,232140,와이씨,BASE,2026-09-22 10:06:36.192,2026-09-22 10:06:36.192,,20260922_232140_BASE_E002_100636232182,2026-09-22:232140:2,2026-09-22 10:14:00.000,15200.0,2026-09-22 10:16:00.000,-2.1052631578947323,2026-09-22 10:16:00.000,14880.0,14880.0,2026-09-22 10:20:00.000,2026-09-22 10:22:00.000,5,1.8817204301075252,True,,,,,2026-09-22 10:22:00.000,2026-09-22 10:22:04.807,15160.0,2026-09-22 10:22:05.076,15160.0,5.076942,0.0,pullback_support_v1,OK
2026-09-22,v2.2.0,2026-09-22:009150:PULLBACK_RECLAIM_ENTRY:2026-09-22:009150:2:2026-09-22 10:24:00:SIGNAL,SIGNAL,PULLBACK_RECLAIM_ENTRY,,009150,삼성전기,BOTH,2026-09-22 09:06:26.444,2026-09-22 09:06:26.444,2026-09-22 09:06:26.444,20260922_009150_BASE_E001_090626503720|20260922_009150_PRE_HISTORY_E001_090627056393,2026-09-22:009150:2,2026-09-22 09:39:00.000,1548000.0,2026-09-22 09:47:00.000,-3.3591731266149893,2026-09-22 10:15:00.000,1496000.0,1498000.0,2026-09-22 10:18:00.000,2026-09-22 10:21:00.000,9,0.7352941176470562,True,1505000.0,1506504.9999999998,2026-09-22 10:24:00.000,1.1804438726278546,2026-09-22 10:24:00.000,2026-09-22 10:24:00.424,1507000.0,,,,,pullback_support_v1,OK
2026-09-22,v2.2.0,2026-09-22:009150:PULLBACK_RECLAIM_ENTRY:2026-09-22:009150:2:2026-09-22 10:24:00:FILL,FILL,PULLBACK_RECLAIM_ENTRY,20260922_009150_PULLBACK_RECLAIM_ENTRY_2026-09-22:009150:2_102402323803,009150,삼성전기,BOTH,2026-09-22 09:06:26.444,2026-09-22 09:06:26.444,2026-09-22 09:06:26.444,20260922_009150_BASE_E001_090626503720|20260922_009150_PRE_HISTORY_E001_090627056393,2026-09-22:009150:2,2026-09-22 09:39:00.000,1548000.0,2026-09-22 09:47:00.000,-3.3591731266149893,2026-09-22 10:15:00.000,1496000.0,1498000.0,2026-09-22 10:18:00.000,2026-09-22 10:21:00.000,9,0.7352941176470562,True,1505000.0,1506504.9999999998,2026-09-22 10:24:00.000,1.1804438726278546,2026-09-22 10:24:00.000,2026-09-22 10:24:00.424,1507000.0,2026-09-22 10:24:00.744,1507000.0,0.744357,0.0,pullback_support_v1,OK
2026-09-22,v2.2.0,2026-09-22:001820:PULLBACK_RECLAIM_ENTRY:2026-09-22:001820:1:2026-09-22 10:25:00:SIGNAL,SIGNAL,PULLBACK_RECLAIM_ENTRY,,001820,삼화콘덴서,BASE,2026-09-22 09:30:57.518,2026-09-22 09:30:57.518,,20260922_001820_BASE_E003_093057673358,2026-09-22:001820:1,2026-09-22 09:32:00.000,154300.0,2026-09-22 09:35:00.000,-4.860661049902781,2026-09-22 10:16:00.000,146800.0,147000.0,2026-09-22 10:18:00.000,2026-09-22 10:20:00.000,10,1.5667574931880202,True,148700.0,148848.69999999998,2026-09-22 10:25:00.000,2.014230271668823,2026-09-22 10:25:00.000,2026-09-22 10:25:00.506,149100.0,,,,,pullback_support_v1,OK
2026-09-22,v2.2.0,2026-09-22:001820:PULLBACK_RECLAIM_ENTRY:2026-09-22:001820:1:2026-09-22 10:25:00:FILL,FILL,PULLBACK_RECLAIM_ENTRY,20260922_001820_PULLBACK_RECLAIM_ENTRY_2026-09-22:001820:1_102507940193,001820,삼화콘덴서,BASE,2026-09-22 09:30:57.518,2026-09-22 09:30:57.518,,20260922_001820_BASE_E003_093057673358,2026-09-22:001820:1,2026-09-22 09:32:00.000,154300.0,2026-09-22 09:35:00.000,-4.860661049902781,2026-09-22 10:16:00.000,146800.0,147000.0,2026-09-22 10:18:00.000,2026-09-22 10:20:00.000,10,1.5667574931880202,True,148700.0,148848.69999999998,2026-09-22 10:25:00.000,2.014230271668823,2026-09-22 10:25:00.000,2026-09-22 10:25:00.506,149100.0,2026-09-22 10:25:00.587,149000.0,0.587304,-0.06706908115359234,pullback_support_v1,OK
2026-09-22,v2.2.0,2026-09-22:232140:PULLBACK_RECLAIM_ENTRY:2026-09-22:232140:2:2026-09-22 10:26:00:SIGNAL,SIGNAL,PULLBACK_RECLAIM_ENTRY,,232140,와이씨,BASE,2026-09-22 10:06:36.192,2026-09-22 10:06:36.192,,20260922_232140_BASE_E002_100636232182,2026-09-22:232140:2,2026-09-22 10:25:00.000,15260.0,2026-09-22 10:16:00.000,-2.490170380078638,2026-09-22 10:16:00.000,14880.0,14880.0,2026-09-22 10:20:00.000,2026-09-22 10:22:00.000,9,2.352150537634401,True,15180.0,15195.179999999998,2026-09-22 10:26:00.000,3.859646552513506,2026-09-22 10:26:00.000,2026-09-22 10:26:00.300,15230.0,,,,,pullback_support_v1,OK
2026-09-22,v2.2.0,2026-09-22:232140:PULLBACK_RECLAIM_ENTRY:2026-09-22:232140:2:2026-09-22 10:26:00:FILL,FILL,PULLBACK_RECLAIM_ENTRY,20260922_232140_PULLBACK_RECLAIM_ENTRY_2026-09-22:232140:2_102607897574,232140,와이씨,BASE,2026-09-22 10:06:36.192,2026-09-22 10:06:36.192,,20260922_232140_BASE_E002_100636232182,2026-09-22:232140:2,2026-09-22 10:25:00.000,15260.0,2026-09-22 10:16:00.000,-2.490170380078638,2026-09-22 10:16:00.000,14880.0,14880.0,2026-09-22 10:20:00.000,2026-09-22 10:22:00.000,9,2.352150537634401,True,15180.0,15195.179999999998,2026-09-22 10:26:00.000,3.859646552513506,2026-09-22 10:26:00.000,2026-09-22 10:26:00.300,15230.0,2026-09-22 10:26:00.688,15240.0,0.688056,0.06565988181221893,pullback_support_v1,OK
2026-09-22,v2.2.0,2026-09-22:001440:PULLBACK_RECLAIM_ENTRY:2026-09-22:001440:1:2026-09-22 10:42:00:SIGNAL,SIGNAL,PULLBACK_RECLAIM_ENTRY,,001440,대한전선,BOTH,2026-09-22 09:11:34.805,2026-09-22 09:11:34.805,2026-09-22 09:11:34.805,20260922_001440_BASE_E001_091134838019|20260922_001440_PRE_HISTORY_E001_091135659290,2026-09-22:001440:1,2026-09-22 09:18:00.000,33450.0,2026-09-22 09:20:00.000,-4.6337817638266054,2026-09-22 10:16:00.000,31900.0,31900.0,2026-09-22 10:20:00.000,2026-09-22 10:22:00.000,25,1.097178683385569,False,32200.0,32232.199999999997,2026-09-22 10:42:00.000,2.03821169277799,2026-09-22 10:42:00.000,2026-09-22 10:42:07.616,32250.0,,,,,pullback_support_v1,OK
2026-09-22,v2.2.0,2026-09-22:001440:PULLBACK_RECLAIM_ENTRY:2026-09-22:001440:1:2026-09-22 10:42:00:FILL,FILL,PULLBACK_RECLAIM_ENTRY,20260922_001440_PULLBACK_RECLAIM_ENTRY_2026-09-22:001440:1_104212173203,001440,대한전선,BOTH,2026-09-22 09:11:34.805,2026-09-22 09:11:34.805,2026-09-22 09:11:34.805,20260922_001440_BASE_E001_091134838019|20260922_001440_PRE_HISTORY_E001_091135659290,2026-09-22:001440:1,2026-09-22 09:18:00.000,33450.0,2026-09-22 09:20:00.000,-4.6337817638266054,2026-09-22 10:16:00.000,31900.0,31900.0,2026-09-22 10:20:00.000,2026-09-22 10:22:00.000,25,1.097178683385569,False,32200.0,32232.199999999997,2026-09-22 10:42:00.000,2.03821169277799,2026-09-22 10:42:00.000,2026-09-22 10:42:07.616,32250.0,2026-09-22 10:42:07.671,32250.0,7.671288,0.0,pullback_support_v1,OK
2026-09-22,v2.2.0,2026-09-22:222800:PULLBACK_RECLAIM_ENTRY:2026-09-22:222800:2:2026-09-22 10:48:00:SIGNAL,SIGNAL,PULLBACK_RECLAIM_ENTRY,,222800,심텍,BASE,2026-09-22 09:01:09.733,2026-09-22 09:01:09.733,,20260922_222800_BASE_E001_090109740834,2026-09-22:222800:2,2026-09-22 09:39:00.000,156600.0,2026-09-22 09:42:00.000,-4.0868454661558085,2026-09-22 10:22:00.000,150200.0,150200.0,2026-09-22 10:26:00.000,2026-09-22 10:28:00.000,25,0.9986684420772329,True,151400.0,151551.4,2026-09-22 10:48:00.000,1.4974852394489395,2026-09-22 10:48:00.000,2026-09-22 10:48:00.198,151700.0,,,,,pullback_support_v1,OK
2026-09-22,v2.2.0,2026-09-22:222800:PULLBACK_RECLAIM_ENTRY:2026-09-22:222800:2:2026-09-22 10:48:00:FILL,FILL,PULLBACK_RECLAIM_ENTRY,20260922_222800_PULLBACK_RECLAIM_ENTRY_2026-09-22:222800:2_104803238031,222800,심텍,BASE,2026-09-22 09:01:09.733,2026-09-22 09:01:09.733,,20260922_222800_BASE_E001_090109740834,2026-09-22:222800:2,2026-09-22 09:39:00.000,156600.0,2026-09-22 09:42:00.000,-4.0868454661558085,2026-09-22 10:22:00.000,150200.0,150200.0,2026-09-22 10:26:00.000,2026-09-22 10:28:00.000,25,0.9986684420772329,True,151400.0,151551.4,2026-09-22 10:48:00.000,1.4974852394489395,2026-09-22 10:48:00.000,2026-09-22 10:48:00.198,151700.0,2026-09-22 10:48:00.270,151700.0,0.270486,0.0,pullback_support_v1,OK
2026-09-22,v2.2.0,2026-09-22:012210:PULLBACK_SUPPORT_ENTRY:2026-09-22:012210:1:2026-09-22 11:09:00:SIGNAL,SIGNAL,PULLBACK_SUPPORT_ENTRY,,012210,삼미금속,BOTH,2026-09-22 10:58:41.777,2026-09-22 10:58:41.777,2026-09-22 10:58:41.777,20260922_012210_BASE_E001_105841801100|20260922_012210_PRE_HISTORY_E001_105844146561|20260922_012210_BASE_E002_110216763184,2026-09-22:012210:1,2026-09-22 11:01:00.000,12630.0,2026-09-22 11:02:00.000,-3.0878859857482177,2026-09-22 11:07:00.000,12240.0,12250.0,2026-09-22 11:07:00.000,2026-09-22 11:09:00.000,5,1.552287581699341,True,,,,,2026-09-22 11:09:00.000,2026-09-22 11:09:00.414,12430.0,,,,,pullback_support_v1,OK
2026-09-22,v2.2.0,2026-09-22:012210:PULLBACK_SUPPORT_ENTRY:2026-09-22:012210:1:2026-09-22 11:09:00:FILL,FILL,PULLBACK_SUPPORT_ENTRY,20260922_012210_PULLBACK_SUPPORT_ENTRY_2026-09-22:012210:1_110909243487,012210,삼미금속,BOTH,2026-09-22 10:58:41.777,2026-09-22 10:58:41.777,2026-09-22 10:58:41.777,20260922_012210_BASE_E001_105841801100|20260922_012210_PRE_HISTORY_E001_105844146561|20260922_012210_BASE_E002_110216763184,2026-09-22:012210:1,2026-09-22 11:01:00.000,12630.0,2026-09-22 11:02:00.000,-3.0878859857482177,2026-09-22 11:07:00.000,12240.0,12250.0,2026-09-22 11:07:00.000,2026-09-22 11:09:00.000,5,1.552287581699341,True,,,,,2026-09-22 11:09:00.000,2026-09-22 11:09:00.414,12430.0,2026-09-22 11:09:00.572,12430.0,0.572892,0.0,pullback_support_v1,OK
2026-09-22,v2.2.0,2026-09-22:012210:PULLBACK_RECLAIM_ENTRY:2026-09-22:012210:1:2026-09-22 11:15:00:SIGNAL,SIGNAL,PULLBACK_RECLAIM_ENTRY,,012210,삼미금속,BOTH,2026-09-22 10:58:41.777,2026-09-22 10:58:41.777,2026-09-22 10:58:41.777,20260922_012210_BASE_E001_105841801100|20260922_012210_PRE_HISTORY_E001_105844146561|20260922_012210_BASE_E002_110216763184|20260922_012210_BASE_E003_111203511676|20260922_012210_PRE_HISTORY_E003_111204880040,2026-09-22:012210:1,2026-09-22 11:14:00.000,12940.0,2026-09-22 11:02:00.000,-5.409582689335391,2026-09-22 11:07:00.000,12240.0,12250.0,2026-09-22 11:07:00.000,2026-09-22 11:09:00.000,11,5.718954248366015,True,12820.0,12832.819999999998,2026-09-22 11:15:00.000,2.121568244813293,2026-09-22 11:15:00.000,2026-09-22 11:15:01.072,12940.0,,,,,pullback_support_v1,OK
2026-09-22,v2.2.0,2026-09-22:012210:PULLBACK_RECLAIM_ENTRY:2026-09-22:012210:1:2026-09-22 11:15:00:FILL,FILL,PULLBACK_RECLAIM_ENTRY,20260922_012210_PULLBACK_RECLAIM_ENTRY_2026-09-22:012210:1_111502584149,012210,삼미금속,BOTH,2026-09-22 10:58:41.777,2026-09-22 10:58:41.777,2026-09-22 10:58:41.777,20260922_012210_BASE_E001_105841801100|20260922_012210_PRE_HISTORY_E001_105844146561|20260922_012210_BASE_E002_110216763184|20260922_012210_BASE_E003_111203511676|20260922_012210_PRE_HISTORY_E003_111204880040,2026-09-22:012210:1,2026-09-22 11:14:00.000,12940.0,2026-09-22 11:02:00.000,-5.409582689335391,2026-09-22 11:07:00.000,12240.0,12250.0,2026-09-22 11:07:00.000,2026-09-22 11:09:00.000,11,5.718954248366015,True,12820.0,12832.819999999998,2026-09-22 11:15:00.000,2.121568244813293,2026-09-22 11:15:00.000,2026-09-22 11:15:01.072,12940.0,2026-09-22 11:15:01.172,12940.0,1.172421,0.0,pullback_support_v1,OK
2026-09-22,v2.2.0,2026-09-22:006800:PULLBACK_RECLAIM_ENTRY:2026-09-22:006800:1:2026-09-22 11:20:00:SIGNAL,SIGNAL,PULLBACK_RECLAIM_ENTRY,,006800,미래에셋증권,BOTH,2026-09-22 09:12:54.344,2026-09-22 09:12:54.344,2026-09-22 09:12:54.344,20260922_006800_BASE_E002_091254388414|20260922_006800_PRE_HISTORY_E002_091255114618,2026-09-22:006800:1,2026-09-22 09:23:00.000,34750.0,2026-09-22 09:29:00.000,-4.604316546762588,2026-09-22 11:14:00.000,33150.0,33200.0,2026-09-22 11:17:00.000,2026-09-22 11:19:00.000,6,0.7541478129713397,True,33350.0,33383.35,2026-09-22 11:20:00.000,0.43730130695867186,2026-09-22 11:20:00.000,2026-09-22 11:20:03.347,33400.0,,,,,pullback_support_v1,OK
2026-09-22,v2.2.0,2026-09-22:006800:PULLBACK_RECLAIM_ENTRY:2026-09-22:006800:1:2026-09-22 11:20:00:FILL,FILL,PULLBACK_RECLAIM_ENTRY,20260922_006800_PULLBACK_RECLAIM_ENTRY_2026-09-22:006800:1_112004742726,006800,미래에셋증권,BOTH,2026-09-22 09:12:54.344,2026-09-22 09:12:54.344,2026-09-22 09:12:54.344,20260922_006800_BASE_E002_091254388414|20260922_006800_PRE_HISTORY_E002_091255114618,2026-09-22:006800:1,2026-09-22 09:23:00.000,34750.0,2026-09-22 09:29:00.000,-4.604316546762588,2026-09-22 11:14:00.000,33150.0,33200.0,2026-09-22 11:17:00.000,2026-09-22 11:19:00.000,6,0.7541478129713397,True,33350.0,33383.35,2026-09-22 11:20:00.000,0.43730130695867186,2026-09-22 11:20:00.000,2026-09-22 11:20:03.347,33400.0,2026-09-22 11:20:03.851,33400.0,3.851372,0.0,pullback_support_v1,OK
2026-09-22,v2.2.0,2026-09-22:486990:PULLBACK_SUPPORT_ENTRY:2026-09-22:486990:4:2026-09-22 11:35:00:SIGNAL,SIGNAL,PULLBACK_SUPPORT_ENTRY,,486990,노타,BOTH,2026-09-22 09:25:20.724,2026-09-22 09:25:20.724,2026-09-22 09:25:20.724,20260922_486990_BASE_E007_092520809984|20260922_486990_PRE_HISTORY_E007_092521826449,2026-09-22:486990:4,2026-09-22 09:50:00.000,22550.0,2026-09-22 11:28:00.000,-7.317073170731703,2026-09-22 11:29:00.000,20900.0,20900.0,2026-09-22 11:33:00.000,2026-09-22 11:35:00.000,5,5.502392344497609,True,,,,,2026-09-22 11:35:00.000,2026-09-22 11:35:00.742,22050.0,,,,,pullback_support_v1,OK
2026-09-22,v2.2.0,2026-09-22:486990:PULLBACK_SUPPORT_ENTRY:2026-09-22:486990:4:2026-09-22 11:35:00:FILL,FILL,PULLBACK_SUPPORT_ENTRY,20260922_486990_PULLBACK_SUPPORT_ENTRY_2026-09-22:486990:4_113507162389,486990,노타,BOTH,2026-09-22 09:25:20.724,2026-09-22 09:25:20.724,2026-09-22 09:25:20.724,20260922_486990_BASE_E007_092520809984|20260922_486990_PRE_HISTORY_E007_092521826449,2026-09-22:486990:4,2026-09-22 09:50:00.000,22550.0,2026-09-22 11:28:00.000,-7.317073170731703,2026-09-22 11:29:00.000,20900.0,20900.0,2026-09-22 11:33:00.000,2026-09-22 11:35:00.000,5,5.502392344497609,True,,,,,2026-09-22 11:35:00.000,2026-09-22 11:35:00.742,22050.0,2026-09-22 11:35:00.857,22050.0,0.857907,0.0,pullback_support_v1,OK
2026-09-22,v2.2.0,2026-09-22:058470:PULLBACK_SUPPORT_ENTRY:2026-09-22:058470:1:2026-09-22 11:39:00:SIGNAL,SIGNAL,PULLBACK_SUPPORT_ENTRY,,058470,리노공업,BASE,2026-09-22 11:07:41.592,2026-09-22 11:07:41.592,,20260922_058470_BASE_E003_110741665719,2026-09-22:058470:1,2026-09-22 11:08:00.000,74300.0,2026-09-22 11:22:00.000,-2.0188425302826385,2026-09-22 11:33:00.000,72800.0,72800.0,2026-09-22 11:37:00.000,2026-09-22 11:39:00.000,5,0.5494505494505475,True,,,,,2026-09-22 11:39:00.000,2026-09-22 11:39:09.129,73200.0,,,,,pullback_support_v1,OK
2026-09-22,v2.2.0,2026-09-22:058470:PULLBACK_SUPPORT_ENTRY:2026-09-22:058470:1:2026-09-22 11:39:00:FILL,FILL,PULLBACK_SUPPORT_ENTRY,20260922_058470_PULLBACK_SUPPORT_ENTRY_2026-09-22:058470:1_113914526778,058470,리노공업,BASE,2026-09-22 11:07:41.592,2026-09-22 11:07:41.592,,20260922_058470_BASE_E003_110741665719,2026-09-22:058470:1,2026-09-22 11:08:00.000,74300.0,2026-09-22 11:22:00.000,-2.0188425302826385,2026-09-22 11:33:00.000,72800.0,72800.0,2026-09-22 11:37:00.000,2026-09-22 11:39:00.000,5,0.5494505494505475,True,,,,,2026-09-22 11:39:00.000,2026-09-22 11:39:09.129,73200.0,2026-09-22 11:39:10.954,73200.0,10.954595,0.0,pullback_support_v1,OK
2026-09-22,v2.2.0,2026-09-22:486990:PULLBACK_RECLAIM_ENTRY:2026-09-22:486990:4:2026-09-22 11:42:00:SIGNAL,SIGNAL,PULLBACK_RECLAIM_ENTRY,,486990,노타,BOTH,2026-09-22 09:25:20.724,2026-09-22 09:25:20.724,2026-09-22 09:25:20.724,20260922_486990_BASE_E007_092520809984|20260922_486990_PRE_HISTORY_E007_092521826449,2026-09-22:486990:4,2026-09-22 09:50:00.000,22550.0,2026-09-22 11:28:00.000,-7.317073170731703,2026-09-22 11:29:00.000,20900.0,20900.0,2026-09-22 11:33:00.000,2026-09-22 11:35:00.000,12,6.459330143540676,False,22150.0,22172.149999999998,2026-09-22 11:42:00.000,1.5339379067534407,2026-09-22 11:42:00.000,2026-09-22 11:42:00.337,22250.0,,,,,pullback_support_v1,OK
2026-09-22,v2.2.0,2026-09-22:058470:PULLBACK_RECLAIM_ENTRY:2026-09-22:058470:1:2026-09-22 11:42:00:SIGNAL,SIGNAL,PULLBACK_RECLAIM_ENTRY,,058470,리노공업,BASE,2026-09-22 11:07:41.592,2026-09-22 11:07:41.592,,20260922_058470_BASE_E003_110741665719,2026-09-22:058470:1,2026-09-22 11:08:00.000,74300.0,2026-09-22 11:22:00.000,-2.0188425302826385,2026-09-22 11:33:00.000,72800.0,72800.0,2026-09-22 11:37:00.000,2026-09-22 11:39:00.000,8,0.9615384615384581,True,73400.0,73473.4,2026-09-22 11:42:00.000,2.633022490400439,2026-09-22 11:42:00.000,2026-09-22 11:42:06.897,73500.0,,,,,pullback_support_v1,OK
2026-09-22,v2.2.0,2026-09-22:486990:PULLBACK_RECLAIM_ENTRY:2026-09-22:486990:4:2026-09-22 11:42:00:FILL,FILL,PULLBACK_RECLAIM_ENTRY,20260922_486990_PULLBACK_RECLAIM_ENTRY_2026-09-22:486990:4_114208468602,486990,노타,BOTH,2026-09-22 09:25:20.724,2026-09-22 09:25:20.724,2026-09-22 09:25:20.724,20260922_486990_BASE_E007_092520809984|20260922_486990_PRE_HISTORY_E007_092521826449,2026-09-22:486990:4,2026-09-22 09:50:00.000,22550.0,2026-09-22 11:28:00.000,-7.317073170731703,2026-09-22 11:29:00.000,20900.0,20900.0,2026-09-22 11:33:00.000,2026-09-22 11:35:00.000,12,6.459330143540676,False,22150.0,22172.149999999998,2026-09-22 11:42:00.000,1.5339379067534407,2026-09-22 11:42:00.000,2026-09-22 11:42:00.337,22250.0,2026-09-22 11:42:00.373,22200.0,0.373785,-0.22471910112359383,pullback_support_v1,OK
2026-09-22,v2.2.0,2026-09-22:058470:PULLBACK_RECLAIM_ENTRY:2026-09-22:058470:1:2026-09-22 11:42:00:FILL,FILL,PULLBACK_RECLAIM_ENTRY,20260922_058470_PULLBACK_RECLAIM_ENTRY_2026-09-22:058470:1_114211974293,058470,리노공업,BASE,2026-09-22 11:07:41.592,2026-09-22 11:07:41.592,,20260922_058470_BASE_E003_110741665719,2026-09-22:058470:1,2026-09-22 11:08:00.000,74300.0,2026-09-22 11:22:00.000,-2.0188425302826385,2026-09-22 11:33:00.000,72800.0,72800.0,2026-09-22 11:37:00.000,2026-09-22 11:39:00.000,8,0.9615384615384581,True,73400.0,73473.4,2026-09-22 11:42:00.000,2.633022490400439,2026-09-22 11:42:00.000,2026-09-22 11:42:06.897,73500.0,2026-09-22 11:42:07.439,73500.0,7.439902,0.0,pullback_support_v1,OK
2026-09-22,v2.2.0,2026-09-22:000720:PULLBACK_SUPPORT_ENTRY:2026-09-22:000720:1:2026-09-22 11:55:00:SIGNAL,SIGNAL,PULLBACK_SUPPORT_ENTRY,,000720,현대건설,BASE,2026-09-22 11:33:51.849,2026-09-22 11:33:51.849,,20260922_000720_BASE_E004_113351886028,2026-09-22:000720:1,2026-09-22 11:34:00.000,133000.0,2026-09-22 11:43:00.000,-2.481203007518795,2026-09-22 11:50:00.000,129700.0,130000.0,2026-09-22 11:53:00.000,2026-09-22 11:55:00.000,5,0.5397070161912154,True,,,,,2026-09-22 11:55:00.000,2026-09-22 11:55:06.285,130400.0,,,,,pullback_support_v1,OK
2026-09-22,v2.2.0,2026-09-22:000720:PULLBACK_SUPPORT_ENTRY:2026-09-22:000720:1:2026-09-22 11:55:00:FILL,FILL,PULLBACK_SUPPORT_ENTRY,20260922_000720_PULLBACK_SUPPORT_ENTRY_2026-09-22:000720:1_115510204354,000720,현대건설,BASE,2026-09-22 11:33:51.849,2026-09-22 11:33:51.849,,20260922_000720_BASE_E004_113351886028,2026-09-22:000720:1,2026-09-22 11:34:00.000,133000.0,2026-09-22 11:43:00.000,-2.481203007518795,2026-09-22 11:50:00.000,129700.0,130000.0,2026-09-22 11:53:00.000,2026-09-22 11:55:00.000,5,0.5397070161912154,True,,,,,2026-09-22 11:55:00.000,2026-09-22 11:55:06.285,130400.0,2026-09-22 11:55:06.868,130400.0,6.868076,0.0,pullback_support_v1,OK
2026-09-22,v2.2.0,2026-09-22:000720:PULLBACK_RECLAIM_ENTRY:2026-09-22:000720:1:2026-09-22 12:12:00:SIGNAL,SIGNAL,PULLBACK_RECLAIM_ENTRY,,000720,현대건설,BASE,2026-09-22 11:33:51.849,2026-09-22 11:33:51.849,,20260922_000720_BASE_E004_113351886028,2026-09-22:000720:1,2026-09-22 11:34:00.000,133000.0,2026-09-22 11:43:00.000,-2.932330827067664,2026-09-22 12:05:00.000,129100.0,129100.0,2026-09-22 12:09:00.000,2026-09-22 12:11:00.000,6,1.0069713400464808,True,130200.0,130330.19999999998,2026-09-22 12:12:00.000,1.3126796550622803,2026-09-22 12:12:00.000,2026-09-22 12:12:01.026,130400.0,,,,,pullback_support_v1,OK
2026-09-22,v2.2.0,2026-09-22:000720:PULLBACK_RECLAIM_ENTRY:2026-09-22:000720:1:2026-09-22 12:12:00:FILL,FILL,PULLBACK_RECLAIM_ENTRY,20260922_000720_PULLBACK_RECLAIM_ENTRY_2026-09-22:000720:1_121202684069,000720,현대건설,BASE,2026-09-22 11:33:51.849,2026-09-22 11:33:51.849,,20260922_000720_BASE_E004_113351886028,2026-09-22:000720:1,2026-09-22 11:34:00.000,133000.0,2026-09-22 11:43:00.000,-2.932330827067664,2026-09-22 12:05:00.000,129100.0,129100.0,2026-09-22 12:09:00.000,2026-09-22 12:11:00.000,6,1.0069713400464808,True,130200.0,130330.19999999998,2026-09-22 12:12:00.000,1.3126796550622803,2026-09-22 12:12:00.000,2026-09-22 12:12:01.026,130400.0,2026-09-22 12:12:02.029,130450.0,2.029387,0.03834355828220559,pullback_support_v1,OK
2026-09-22,v2.2.0,2026-09-22:067310:PULLBACK_SUPPORT_ENTRY:2026-09-22:067310:1:2026-09-22 12:40:00:SIGNAL,SIGNAL,PULLBACK_SUPPORT_ENTRY,,067310,하나마이크론,BASE,2026-09-22 11:39:10.608,2026-09-22 11:39:10.608,,20260922_067310_BASE_E006_113910675375,2026-09-22:067310:1,2026-09-22 11:40:00.000,47200.0,2026-09-22 12:29:00.000,-1.906779661016944,2026-09-22 12:34:00.000,46300.0,46300.0,2026-09-22 12:38:00.000,2026-09-22 12:40:00.000,5,0.4319654427645814,True,,,,,2026-09-22 12:40:00.000,2026-09-22 12:40:00.323,46500.0,,,,,pullback_support_v1,OK
2026-09-22,v2.2.0,2026-09-22:067310:PULLBACK_SUPPORT_ENTRY:2026-09-22:067310:1:2026-09-22 12:40:00:FILL,FILL,PULLBACK_SUPPORT_ENTRY,20260922_067310_PULLBACK_SUPPORT_ENTRY_2026-09-22:067310:1_124002749604,067310,하나마이크론,BASE,2026-09-22 11:39:10.608,2026-09-22 11:39:10.608,,20260922_067310_BASE_E006_113910675375,2026-09-22:067310:1,2026-09-22 11:40:00.000,47200.0,2026-09-22 12:29:00.000,-1.906779661016944,2026-09-22 12:34:00.000,46300.0,46300.0,2026-09-22 12:38:00.000,2026-09-22 12:40:00.000,5,0.4319654427645814,True,,,,,2026-09-22 12:40:00.000,2026-09-22 12:40:00.323,46500.0,2026-09-22 12:40:00.757,46500.0,0.757401,0.0,pullback_support_v1,OK
2026-09-22,v2.2.0,2026-09-22:083650:PULLBACK_SUPPORT_ENTRY:2026-09-22:083650:1:2026-09-22 13:16:00:SIGNAL,SIGNAL,PULLBACK_SUPPORT_ENTRY,,083650,비에이치아이,BASE,2026-09-22 12:49:59.049,2026-09-22 12:49:59.049,,20260922_083650_BASE_E002_124959110315,2026-09-22:083650:1,2026-09-22 12:53:00.000,65100.0,2026-09-22 13:10:00.000,-1.5360983102918557,2026-09-22 13:10:00.000,64100.0,64100.0,2026-09-22 13:14:00.000,2026-09-22 13:16:00.000,5,0.46801872074881956,False,,,,,2026-09-22 13:16:00.000,2026-09-22 13:16:01.532,64400.0,,,,,pullback_support_v1,OK
2026-09-22,v2.2.0,2026-09-22:083650:PULLBACK_SUPPORT_ENTRY:2026-09-22:083650:1:2026-09-22 13:16:00:FILL,FILL,PULLBACK_SUPPORT_ENTRY,20260922_083650_PULLBACK_SUPPORT_ENTRY_2026-09-22:083650:1_131603595187,083650,비에이치아이,BASE,2026-09-22 12:49:59.049,2026-09-22 12:49:59.049,,20260922_083650_BASE_E002_124959110315,2026-09-22:083650:1,2026-09-22 12:53:00.000,65100.0,2026-09-22 13:10:00.000,-1.5360983102918557,2026-09-22 13:10:00.000,64100.0,64100.0,2026-09-22 13:14:00.000,2026-09-22 13:16:00.000,5,0.46801872074881956,False,,,,,2026-09-22 13:16:00.000,2026-09-22 13:16:01.532,64400.0,2026-09-22 13:16:01.816,64400.0,1.816022,0.0,pullback_support_v1,OK
2026-09-22,v2.2.0,2026-09-22:067310:PULLBACK_RECLAIM_ENTRY:2026-09-22:067310:1:2026-09-22 13:22:00:SIGNAL,SIGNAL,PULLBACK_RECLAIM_ENTRY,,067310,하나마이크론,BASE,2026-09-22 11:39:10.608,2026-09-22 11:39:10.608,,20260922_067310_BASE_E006_113910675375,2026-09-22:067310:1,2026-09-22 11:40:00.000,47200.0,2026-09-22 12:29:00.000,-3.495762711864403,2026-09-22 13:14:00.000,45550.0,45600.0,2026-09-22 13:16:00.000,2026-09-22 13:18:00.000,9,1.0976948408342402,False,45950.0,45995.95,2026-09-22 13:22:00.000,1.3453431144953105,2026-09-22 13:22:00.000,2026-09-22 13:22:00.001,46050.0,,,,,pullback_support_v1,OK
2026-09-22,v2.2.0,2026-09-22:052690:PULLBACK_SUPPORT_ENTRY:2026-09-22:052690:1:2026-09-22 13:22:00:SIGNAL,SIGNAL,PULLBACK_SUPPORT_ENTRY,,052690,한전기술,BASE,2026-09-22 12:49:13.503,2026-09-22 12:49:13.503,,20260922_052690_BASE_E002_124913536314,2026-09-22:052690:1,2026-09-22 13:04:00.000,141300.0,2026-09-22 13:07:00.000,-3.0431705590941216,2026-09-22 13:19:00.000,137000.0,137300.0,2026-09-22 13:20:00.000,2026-09-22 13:22:00.000,5,1.0218978102189746,True,,,,,2026-09-22 13:22:00.000,2026-09-22 13:22:01.389,138400.0,,,,,pullback_support_v1,OK
2026-09-22,v2.2.0,2026-09-22:052690:PULLBACK_SUPPORT_ENTRY:2026-09-22:052690:1:2026-09-22 13:22:00:FILL,FILL,PULLBACK_SUPPORT_ENTRY,20260922_052690_PULLBACK_SUPPORT_ENTRY_2026-09-22:052690:1_132203472186,052690,한전기술,BASE,2026-09-22 12:49:13.503,2026-09-22 12:49:13.503,,20260922_052690_BASE_E002_124913536314,2026-09-22:052690:1,2026-09-22 13:04:00.000,141300.0,2026-09-22 13:07:00.000,-3.0431705590941216,2026-09-22 13:19:00.000,137000.0,137300.0,2026-09-22 13:20:00.000,2026-09-22 13:22:00.000,5,1.0218978102189746,True,,,,,2026-09-22 13:22:00.000,2026-09-22 13:22:01.389,138400.0,2026-09-22 13:22:01.549,138500.0,1.549595,0.07225433526012459,pullback_support_v1,OK
2026-09-22,v2.2.0,2026-09-22:067310:PULLBACK_RECLAIM_ENTRY:2026-09-22:067310:1:2026-09-22 13:22:00:FILL,FILL,PULLBACK_RECLAIM_ENTRY,20260922_067310_PULLBACK_RECLAIM_ENTRY_2026-09-22:067310:1_132207889203,067310,하나마이크론,BASE,2026-09-22 11:39:10.608,2026-09-22 11:39:10.608,,20260922_067310_BASE_E006_113910675375,2026-09-22:067310:1,2026-09-22 11:40:00.000,47200.0,2026-09-22 12:29:00.000,-3.495762711864403,2026-09-22 13:14:00.000,45550.0,45600.0,2026-09-22 13:16:00.000,2026-09-22 13:18:00.000,9,1.0976948408342402,False,45950.0,45995.95,2026-09-22 13:22:00.000,1.3453431144953105,2026-09-22 13:22:00.000,2026-09-22 13:22:00.001,46050.0,2026-09-22 13:22:03.403,46050.0,3.403251,0.0,pullback_support_v1,OK
2026-09-22,v2.2.0,2026-09-22:083650:PULLBACK_RECLAIM_ENTRY:2026-09-22:083650:1:2026-09-22 13:25:00:SIGNAL,SIGNAL,PULLBACK_RECLAIM_ENTRY,,083650,비에이치아이,BASE,2026-09-22 12:49:59.049,2026-09-22 12:49:59.049,,20260922_083650_BASE_E002_124959110315,2026-09-22:083650:1,2026-09-22 12:53:00.000,65100.0,2026-09-22 13:10:00.000,-1.6897081413210446,2026-09-22 13:19:00.000,64000.0,64100.0,2026-09-22 13:14:00.000,2026-09-22 13:16:00.000,14,1.0937500000000044,False,64500.0,64564.49999999999,2026-09-22 13:25:00.000,2.259416313295086,2026-09-22 13:25:00.000,2026-09-22 13:25:06.347,64700.0,,,,,pullback_support_v1,OK
2026-09-22,v2.2.0,2026-09-22:083650:PULLBACK_RECLAIM_ENTRY:2026-09-22:083650:1:2026-09-22 13:25:00:FILL,FILL,PULLBACK_RECLAIM_ENTRY,20260922_083650_PULLBACK_RECLAIM_ENTRY_2026-09-22:083650:1_132513819660,083650,비에이치아이,BASE,2026-09-22 12:49:59.049,2026-09-22 12:49:59.049,,20260922_083650_BASE_E002_124959110315,2026-09-22:083650:1,2026-09-22 12:53:00.000,65100.0,2026-09-22 13:10:00.000,-1.6897081413210446,2026-09-22 13:19:00.000,64000.0,64100.0,2026-09-22 13:14:00.000,2026-09-22 13:16:00.000,14,1.0937500000000044,False,64500.0,64564.49999999999,2026-09-22 13:25:00.000,2.259416313295086,2026-09-22 13:25:00.000,2026-09-22 13:25:06.347,64700.0,2026-09-22 13:25:07.103,64600.0,7.103385,-0.1545595054095794,pullback_support_v1,OK
2026-09-22,v2.2.0,2026-09-22:052690:PULLBACK_RECLAIM_ENTRY:2026-09-22:052690:1:2026-09-22 13:28:00:SIGNAL,SIGNAL,PULLBACK_RECLAIM_ENTRY,,052690,한전기술,BASE,2026-09-22 12:49:13.503,2026-09-22 12:49:13.503,,20260922_052690_BASE_E002_124913536314,2026-09-22:052690:1,2026-09-22 13:04:00.000,141300.0,2026-09-22 13:07:00.000,-3.0431705590941216,2026-09-22 13:19:00.000,137000.0,137300.0,2026-09-22 13:20:00.000,2026-09-22 13:22:00.000,11,2.262773722627731,True,138900.0,139038.9,2026-09-22 13:28:00.000,2.983257229832572,2026-09-22 13:28:00.000,2026-09-22 13:28:00.117,140100.0,,,,,pullback_support_v1,OK
2026-09-22,v2.2.0,2026-09-22:052690:PULLBACK_RECLAIM_ENTRY:2026-09-22:052690:1:2026-09-22 13:28:00:FILL,FILL,PULLBACK_RECLAIM_ENTRY,20260922_052690_PULLBACK_RECLAIM_ENTRY_2026-09-22:052690:1_132806976748,052690,한전기술,BASE,2026-09-22 12:49:13.503,2026-09-22 12:49:13.503,,20260922_052690_BASE_E002_124913536314,2026-09-22:052690:1,2026-09-22 13:04:00.000,141300.0,2026-09-22 13:07:00.000,-3.0431705590941216,2026-09-22 13:19:00.000,137000.0,137300.0,2026-09-22 13:20:00.000,2026-09-22 13:22:00.000,11,2.262773722627731,True,138900.0,139038.9,2026-09-22 13:28:00.000,2.983257229832572,2026-09-22 13:28:00.000,2026-09-22 13:28:00.117,140100.0,2026-09-22 13:28:00.217,140100.0,0.217624,0.0,pullback_support_v1,OK
2026-09-22,v2.2.0,2026-09-22:103590:PULLBACK_SUPPORT_ENTRY:2026-09-22:103590:1:2026-09-22 13:42:00:SIGNAL,SIGNAL,PULLBACK_SUPPORT_ENTRY,,103590,일진전기,BOTH,2026-09-22 12:51:45.898,2026-09-22 12:51:45.898,2026-09-22 12:51:45.898,20260922_103590_BASE_E011_125145924720|20260922_103590_PRE_HISTORY_E011_125148992533,2026-09-22:103590:1,2026-09-22 12:53:00.000,79200.0,2026-09-22 13:20:00.000,-2.651515151515149,2026-09-22 13:36:00.000,77100.0,77100.0,2026-09-22 13:40:00.000,2026-09-22 13:42:00.000,5,0.45395590142671693,False,,,,,2026-09-22 13:42:00.000,2026-09-22 13:42:03.694,77450.0,,,,,pullback_support_v1,OK
2026-09-22,v2.2.0,2026-09-22:103590:PULLBACK_SUPPORT_ENTRY:2026-09-22:103590:1:2026-09-22 13:42:00:FILL,FILL,PULLBACK_SUPPORT_ENTRY,20260922_103590_PULLBACK_SUPPORT_ENTRY_2026-09-22:103590:1_134213123861,103590,일진전기,BOTH,2026-09-22 12:51:45.898,2026-09-22 12:51:45.898,2026-09-22 12:51:45.898,20260922_103590_BASE_E011_125145924720|20260922_103590_PRE_HISTORY_E011_125148992533,2026-09-22:103590:1,2026-09-22 12:53:00.000,79200.0,2026-09-22 13:20:00.000,-2.651515151515149,2026-09-22 13:36:00.000,77100.0,77100.0,2026-09-22 13:40:00.000,2026-09-22 13:42:00.000,5,0.45395590142671693,False,,,,,2026-09-22 13:42:00.000,2026-09-22 13:42:03.694,77450.0,2026-09-22 13:42:05.254,77450.0,5.254198,0.0,pullback_support_v1,OK
2026-09-22,v2.2.0,2026-09-22:003490:PULLBACK_SUPPORT_ENTRY:2026-09-22:003490:1:2026-09-22 14:15:00:SIGNAL,SIGNAL,PULLBACK_SUPPORT_ENTRY,,003490,대한항공,BASE,2026-09-22 11:25:57.926,2026-09-22 11:25:57.926,,20260922_003490_BASE_E002_112557960127,2026-09-22:003490:1,2026-09-22 13:57:00.000,31400.0,2026-09-22 14:09:00.000,-1.5923566878980888,2026-09-22 14:09:00.000,30900.0,30900.0,2026-09-22 14:13:00.000,2026-09-22 14:15:00.000,5,0.8090614886731462,False,,,,,2026-09-22 14:15:00.000,2026-09-22 14:15:05.945,31150.0,,,,,pullback_support_v1,OK
2026-09-22,v2.2.0,2026-09-22:003490:PULLBACK_SUPPORT_ENTRY:2026-09-22:003490:1:2026-09-22 14:15:00:FILL,FILL,PULLBACK_SUPPORT_ENTRY,20260922_003490_PULLBACK_SUPPORT_ENTRY_2026-09-22:003490:1_141507871381,003490,대한항공,BASE,2026-09-22 11:25:57.926,2026-09-22 11:25:57.926,,20260922_003490_BASE_E002_112557960127,2026-09-22:003490:1,2026-09-22 13:57:00.000,31400.0,2026-09-22 14:09:00.000,-1.5923566878980888,2026-09-22 14:09:00.000,30900.0,30900.0,2026-09-22 14:13:00.000,2026-09-22 14:15:00.000,5,0.8090614886731462,False,,,,,2026-09-22 14:15:00.000,2026-09-22 14:15:05.945,31150.0,2026-09-22 14:15:05.984,31100.0,5.984678,-0.16051364365970988,pullback_support_v1,OK
2026-09-22,v2.2.0,2026-09-22:950260:PULLBACK_SUPPORT_ENTRY:2026-09-22:950260:2:2026-09-22 14:40:00:SIGNAL,SIGNAL,PULLBACK_SUPPORT_ENTRY,,950260,인제니아테라퓨틱스(Reg.S),BASE,2026-09-22 14:18:02.879,2026-09-22 14:18:02.879,,20260922_950260_BASE_E001_141802889594|20260922_950260_BASE_E002_141955300031,2026-09-22:950260:2,2026-09-22 14:29:00.000,23400.0,2026-09-22 14:30:00.000,-4.914529914529919,2026-09-22 14:34:00.000,22250.0,22250.0,2026-09-22 14:38:00.000,2026-09-22 14:40:00.000,5,1.7977528089887729,False,,,,,2026-09-22 14:40:00.000,2026-09-22 14:40:00.231,22650.0,,,,,pullback_support_v1,OK
2026-09-22,v2.2.0,2026-09-22:950260:PULLBACK_SUPPORT_ENTRY:2026-09-22:950260:2:2026-09-22 14:40:00:FILL,FILL,PULLBACK_SUPPORT_ENTRY,20260922_950260_PULLBACK_SUPPORT_ENTRY_2026-09-22:950260:2_144006784817,950260,인제니아테라퓨틱스(Reg.S),BASE,2026-09-22 14:18:02.879,2026-09-22 14:18:02.879,,20260922_950260_BASE_E001_141802889594|20260922_950260_BASE_E002_141955300031,2026-09-22:950260:2,2026-09-22 14:29:00.000,23400.0,2026-09-22 14:30:00.000,-4.914529914529919,2026-09-22 14:34:00.000,22250.0,22250.0,2026-09-22 14:38:00.000,2026-09-22 14:40:00.000,5,1.7977528089887729,False,,,,,2026-09-22 14:40:00.000,2026-09-22 14:40:00.231,22650.0,2026-09-22 14:40:01.379,22650.0,1.379233,0.0,pullback_support_v1,OK
2026-09-22,v2.2.0,2026-09-22:950260:PULLBACK_RECLAIM_ENTRY:2026-09-22:950260:2:2026-09-22 14:45:00:SIGNAL,SIGNAL,PULLBACK_RECLAIM_ENTRY,,950260,인제니아테라퓨틱스(Reg.S),BASE,2026-09-22 14:18:02.879,2026-09-22 14:18:02.879,,20260922_950260_BASE_E001_141802889594|20260922_950260_BASE_E002_141955300031,2026-09-22:950260:2,2026-09-22 14:29:00.000,23400.0,2026-09-22 14:30:00.000,-4.914529914529919,2026-09-22 14:34:00.000,22250.0,22250.0,2026-09-22 14:38:00.000,2026-09-22 14:40:00.000,10,2.921348314606731,True,22750.0,22772.749999999996,2026-09-22 14:45:00.000,2.1137243712550444,2026-09-22 14:45:00.000,2026-09-22 14:45:00.117,22900.0,,,,,pullback_support_v1,OK
2026-09-22,v2.2.0,2026-09-22:950260:PULLBACK_RECLAIM_ENTRY:2026-09-22:950260:2:2026-09-22 14:45:00:FILL,FILL,PULLBACK_RECLAIM_ENTRY,20260922_950260_PULLBACK_RECLAIM_ENTRY_2026-09-22:950260:2_144508149659,950260,인제니아테라퓨틱스(Reg.S),BASE,2026-09-22 14:18:02.879,2026-09-22 14:18:02.879,,20260922_950260_BASE_E001_141802889594|20260922_950260_BASE_E002_141955300031,2026-09-22:950260:2,2026-09-22 14:29:00.000,23400.0,2026-09-22 14:30:00.000,-4.914529914529919,2026-09-22 14:34:00.000,22250.0,22250.0,2026-09-22 14:38:00.000,2026-09-22 14:40:00.000,10,2.921348314606731,True,22750.0,22772.749999999996,2026-09-22 14:45:00.000,2.1137243712550444,2026-09-22 14:45:00.000,2026-09-22 14:45:00.117,22900.0,2026-09-22 14:45:00.385,22900.0,0.385302,0.0,pullback_support_v1,OK
2026-09-22,v2.2.0,2026-09-22:003490:PULLBACK_RECLAIM_ENTRY:2026-09-22:003490:1:2026-09-22 14:49:00:SIGNAL,SIGNAL,PULLBACK_RECLAIM_ENTRY,,003490,대한항공,BASE,2026-09-22 11:25:57.926,2026-09-22 11:25:57.926,,20260922_003490_BASE_E002_112557960127,2026-09-22:003490:1,2026-09-22 13:57:00.000,31400.0,2026-09-22 14:09:00.000,-1.5923566878980888,2026-09-22 14:09:00.000,30900.0,30900.0,2026-09-22 14:13:00.000,2026-09-22 14:15:00.000,39,0.8090614886731462,False,31100.0,31131.099999999995,2026-09-22 14:49:00.000,3.958376888719947,2026-09-22 14:49:00.000,2026-09-22 14:49:05.192,31150.0,,,,,pullback_support_v1,OK
2026-09-22,v2.2.0,2026-09-22:003490:PULLBACK_RECLAIM_ENTRY:2026-09-22:003490:1:2026-09-22 14:49:00:FILL,FILL,PULLBACK_RECLAIM_ENTRY,20260922_003490_PULLBACK_RECLAIM_ENTRY_2026-09-22:003490:1_144906809196,003490,대한항공,BASE,2026-09-22 11:25:57.926,2026-09-22 11:25:57.926,,20260922_003490_BASE_E002_112557960127,2026-09-22:003490:1,2026-09-22 13:57:00.000,31400.0,2026-09-22 14:09:00.000,-1.5923566878980888,2026-09-22 14:09:00.000,30900.0,30900.0,2026-09-22 14:13:00.000,2026-09-22 14:15:00.000,39,0.8090614886731462,False,31100.0,31131.099999999995,2026-09-22 14:49:00.000,3.958376888719947,2026-09-22 14:49:00.000,2026-09-22 14:49:05.192,31150.0,2026-09-22 14:49:05.278,31150.0,5.278691,0.0,pullback_support_v1,OK
2026-09-22,v2.2.0,2026-09-22:103590:PULLBACK_RECLAIM_ENTRY:2026-09-22:103590:1:2026-09-22 15:55:00:SIGNAL,SIGNAL,PULLBACK_RECLAIM_ENTRY,,103590,일진전기,BOTH,2026-09-22 12:51:45.898,2026-09-22 12:51:45.898,2026-09-22 12:51:45.898,20260922_103590_BASE_E011_125145924720|20260922_103590_PRE_HISTORY_E011_125148992533,2026-09-22:103590:1,2026-09-22 12:53:00.000,79200.0,2026-09-22 13:20:00.000,-3.6616161616161658,2026-09-22 15:05:00.000,76300.0,76500.0,2026-09-22 15:44:00.000,2026-09-22 15:46:00.000,14,0.6553079947575258,True,76700.0,76776.7,2026-09-22 15:55:00.000,0.8861788617886179,2026-09-22 15:55:00.000,2026-09-22 15:55:07.155,76800.0,,,,,pullback_support_v1,OK
2026-09-22,v2.2.0,2026-09-22:103590:PULLBACK_RECLAIM_ENTRY:2026-09-22:103590:1:2026-09-22 15:55:00:FILL,FILL,PULLBACK_RECLAIM_ENTRY,20260922_103590_PULLBACK_RECLAIM_ENTRY_2026-09-22:103590:1_155511951965,103590,일진전기,BOTH,2026-09-22 12:51:45.898,2026-09-22 12:51:45.898,2026-09-22 12:51:45.898,20260922_103590_BASE_E011_125145924720|20260922_103590_PRE_HISTORY_E011_125148992533,2026-09-22:103590:1,2026-09-22 12:53:00.000,79200.0,2026-09-22 13:20:00.000,-3.6616161616161658,2026-09-22 15:05:00.000,76300.0,76500.0,2026-09-22 15:44:00.000,2026-09-22 15:46:00.000,14,0.6553079947575258,True,76700.0,76776.7,2026-09-22 15:55:00.000,0.8861788617886179,2026-09-22 15:55:00.000,2026-09-22 15:55:07.155,76800.0,2026-09-22 15:55:11.649,76700.0,11.649554,-0.13020833333333703,pullback_support_v1,OK
2026-09-22,v2.2.0,2026-09-22:003670:PULLBACK_SUPPORT_ENTRY:2026-09-22:003670:1:2026-09-22 17:24:00:SIGNAL,SIGNAL,PULLBACK_SUPPORT_ENTRY,,003670,포스코퓨처엠,BASE,2026-09-22 17:12:55.733,2026-09-22 17:12:55.733,,20260922_003670_BASE_E006_171255756817,2026-09-22:003670:1,2026-09-22 17:13:00.000,190200.0,2026-09-22 17:17:00.000,-1.577287066246058,2026-09-22 17:17:00.000,187200.0,187200.0,2026-09-22 17:21:00.000,2026-09-22 17:24:00.000,6,0.42735042735042583,False,,,,,2026-09-22 17:24:00.000,2026-09-22 17:24:03.151,188000.0,,,,,pullback_support_v1,OK
2026-09-22,v2.2.0,2026-09-22:003670:PULLBACK_SUPPORT_ENTRY:2026-09-22:003670:1:2026-09-22 17:24:00:FILL,FILL,PULLBACK_SUPPORT_ENTRY,20260922_003670_PULLBACK_SUPPORT_ENTRY_2026-09-22:003670:1_172407662857,003670,포스코퓨처엠,BASE,2026-09-22 17:12:55.733,2026-09-22 17:12:55.733,,20260922_003670_BASE_E006_171255756817,2026-09-22:003670:1,2026-09-22 17:13:00.000,190200.0,2026-09-22 17:17:00.000,-1.577287066246058,2026-09-22 17:17:00.000,187200.0,187200.0,2026-09-22 17:21:00.000,2026-09-22 17:24:00.000,6,0.42735042735042583,False,,,,,2026-09-22 17:24:00.000,2026-09-22 17:24:03.151,188000.0,2026-09-22 17:24:05.656,187900.0,5.656672,-0.05319148936170359,pullback_support_v1,OK
2026-09-22,v2.2.0,2026-09-22:003670:PULLBACK_RECLAIM_ENTRY:2026-09-22:003670:1:2026-09-22 17:52:00:SIGNAL,SIGNAL,PULLBACK_RECLAIM_ENTRY,,003670,포스코퓨처엠,BASE,2026-09-22 17:12:55.733,2026-09-22 17:12:55.733,,20260922_003670_BASE_E006_171255756817,2026-09-22:003670:1,2026-09-22 17:13:00.000,190200.0,2026-09-22 17:17:00.000,-2.8391167192429068,2026-09-22 17:43:00.000,184800.0,185000.0,2026-09-22 17:44:00.000,2026-09-22 17:46:00.000,11,0.9740259740259827,True,185900.0,186085.89999999997,2026-09-22 17:52:00.000,4.6118721461187215,2026-09-22 17:52:00.000,2026-09-22 17:52:00.264,186600.0,,,,,pullback_support_v1,OK
2026-09-22,v2.2.0,2026-09-22:003670:PULLBACK_RECLAIM_ENTRY:2026-09-22:003670:1:2026-09-22 17:52:00:FILL,FILL,PULLBACK_RECLAIM_ENTRY,20260922_003670_PULLBACK_RECLAIM_ENTRY_2026-09-22:003670:1_175201181788,003670,포스코퓨처엠,BASE,2026-09-22 17:12:55.733,2026-09-22 17:12:55.733,,20260922_003670_BASE_E006_171255756817,2026-09-22:003670:1,2026-09-22 17:13:00.000,190200.0,2026-09-22 17:17:00.000,-2.8391167192429068,2026-09-22 17:43:00.000,184800.0,185000.0,2026-09-22 17:44:00.000,2026-09-22 17:46:00.000,11,0.9740259740259827,True,185900.0,186085.89999999997,2026-09-22 17:52:00.000,4.6118721461187215,2026-09-22 17:52:00.000,2026-09-22 17:52:00.264,186600.0,2026-09-22 17:52:01.065,186700.0,1.065093,0.0535905680600246,pullback_support_v1,OK
