version,trade_id,stock_code,stock_name,entry_time,entry_price,baseline_strategy,baseline_result,baseline_exit_time,baseline_gross_pct,baseline_net_pct,mfe_pct,mae_pct,policy_group,policy,rule_version,armed,armed_time,triggered,trigger_time,trigger_price,decision_return_pct,decision_mfe_pct,decision_mae_pct,gross_pct,net_pct,protected_from_sl,missed_tp,price_5s,price_10s,price_15s,status,reached_1pct,reached_1pct_time,new_high_30m,new_high_60m,last_new_high_time,drawdown_from_high_pct,volume_reactivation_proxy,market_data_status,post_trigger_mfe_pct,post_trigger_mae_pct
v2.1,20260914_012210_BASE_E001_094209383584,012210,삼미금속,2026-09-14 09:42:09.383,13243.229999999998,T250_S150,STOP_LOSS,2026-09-14 09:44:12.801,-1.5346,-1.7746,0.0,-1.5346,NOON_RECOVERY,HOLD_T250_S150_TO_1520,v171_noon_1,,,False,,,,,,-1.5346,-1.7746,,,,,,COMPLETE,False,,,,2026-09-14 09:42:09.383,,,PRICE_PATH_ONLY,,
v2.1,20260914_012210_BASE_E001_094209383584,012210,삼미금속,2026-09-14 09:42:09.383,13243.229999999998,T250_S150,STOP_LOSS,2026-09-14 09:44:12.801,-1.5346,-1.7746,0.0,-1.5346,PROFIT_PROTECT,A0.75_F0.40,v171_pp_1,False,,False,,,,,,,,False,False,,,,COMPLETE,False,,,,2026-09-14 09:42:09.383,,,PRICE_PATH_ONLY,,
v2.1,20260914_012210_BASE_E001_094209383584,012210,삼미금속,2026-09-14 09:42:09.383,13243.229999999998,T250_S150,STOP_LOSS,2026-09-14 09:44:12.801,-1.5346,-1.7746,0.0,-1.5346,PROFIT_PROTECT,A0.75_F0.50,v171_pp_1,False,,False,,,,,,,,False,False,,,,COMPLETE,False,,,,2026-09-14 09:42:09.383,,,PRICE_PATH_ONLY,,
v2.1,20260914_012210_BASE_E001_094209383584,012210,삼미금속,2026-09-14 09:42:09.383,13243.229999999998,T250_S150,STOP_LOSS,2026-09-14 09:44:12.801,-1.5346,-1.7746,0.0,-1.5346,PROFIT_PROTECT,A0.75_F0.60,v171_pp_1,False,,False,,,,,,,,False,False,,,,COMPLETE,False,,,,2026-09-14 09:42:09.383,,,PRICE_PATH_ONLY,,
v2.1,20260914_012210_BASE_E001_094209383584,012210,삼미금속,2026-09-14 09:42:09.383,13243.229999999998,T250_S150,STOP_LOSS,2026-09-14 09:44:12.801,-1.5346,-1.7746,0.0,-1.5346,PROFIT_PROTECT,A0.75_F0.70,v171_pp_1,False,,False,,,,,,,,False,False,,,,COMPLETE,False,,,,2026-09-14 09:42:09.383,,,PRICE_PATH_ONLY,,
v2.1,20260914_012210_BASE_E001_094209383584,012210,삼미금속,2026-09-14 09:42:09.383,13243.229999999998,T250_S150,STOP_LOSS,2026-09-14 09:44:12.801,-1.5346,-1.7746,0.0,-1.5346,PROFIT_PROTECT,A1.00_F0.40,v171_pp_1,False,,False,,,,,,,,False,False,,,,COMPLETE,False,,,,2026-09-14 09:42:09.383,,,PRICE_PATH_ONLY,,
v2.1,20260914_012210_BASE_E001_094209383584,012210,삼미금속,2026-09-14 09:42:09.383,13243.229999999998,T250_S150,STOP_LOSS,2026-09-14 09:44:12.801,-1.5346,-1.7746,0.0,-1.5346,PROFIT_PROTECT,A1.00_F0.50,v171_pp_1,False,,False,,,,,,,,False,False,,,,COMPLETE,False,,,,2026-09-14 09:42:09.383,,,PRICE_PATH_ONLY,,
v2.1,20260914_012210_BASE_E001_094209383584,012210,삼미금속,2026-09-14 09:42:09.383,13243.229999999998,T250_S150,STOP_LOSS,2026-09-14 09:44:12.801,-1.5346,-1.7746,0.0,-1.5346,PROFIT_PROTECT,A1.00_F0.60,v171_pp_1,False,,False,,,,,,,,False,False,,,,COMPLETE,False,,,,2026-09-14 09:42:09.383,,,PRICE_PATH_ONLY,,
v2.1,20260914_012210_BASE_E001_094209383584,012210,삼미금속,2026-09-14 09:42:09.383,13243.229999999998,T250_S150,STOP_LOSS,2026-09-14 09:44:12.801,-1.5346,-1.7746,0.0,-1.5346,PROFIT_PROTECT,A1.00_F0.70,v171_pp_1,False,,False,,,,,,,,False,False,,,,COMPLETE,False,,,,2026-09-14 09:42:09.383,,,PRICE_PATH_ONLY,,
v2.1,20260914_012210_BASE_E001_094209383584,012210,삼미금속,2026-09-14 09:42:09.383,13243.229999999998,T250_S150,STOP_LOSS,2026-09-14 09:44:12.801,-1.5346,-1.7746,0.0,-1.5346,PROFIT_PROTECT,A1.25_F0.40,v171_pp_1,False,,False,,,,,,,,False,False,,,,COMPLETE,False,,,,2026-09-14 09:42:09.383,,,PRICE_PATH_ONLY,,
v2.1,20260914_012210_BASE_E001_094209383584,012210,삼미금속,2026-09-14 09:42:09.383,13243.229999999998,T250_S150,STOP_LOSS,2026-09-14 09:44:12.801,-1.5346,-1.7746,0.0,-1.5346,PROFIT_PROTECT,A1.25_F0.50,v171_pp_1,False,,False,,,,,,,,False,False,,,,COMPLETE,False,,,,2026-09-14 09:42:09.383,,,PRICE_PATH_ONLY,,
v2.1,20260914_012210_BASE_E001_094209383584,012210,삼미금속,2026-09-14 09:42:09.383,13243.229999999998,T250_S150,STOP_LOSS,2026-09-14 09:44:12.801,-1.5346,-1.7746,0.0,-1.5346,PROFIT_PROTECT,A1.25_F0.60,v171_pp_1,False,,False,,,,,,,,False,False,,,,COMPLETE,False,,,,2026-09-14 09:42:09.383,,,PRICE_PATH_ONLY,,
v2.1,20260914_012210_BASE_E001_094209383584,012210,삼미금속,2026-09-14 09:42:09.383,13243.229999999998,T250_S150,STOP_LOSS,2026-09-14 09:44:12.801,-1.5346,-1.7746,0.0,-1.5346,PROFIT_PROTECT,A1.25_F0.70,v171_pp_1,False,,False,,,,,,,,False,False,,,,COMPLETE,False,,,,2026-09-14 09:42:09.383,,,PRICE_PATH_ONLY,,
v2.1,20260914_012210_BASE_E001_094209383584,012210,삼미금속,2026-09-14 09:42:09.383,13243.229999999998,T250_S150,STOP_LOSS,2026-09-14 09:44:12.801,-1.5346,-1.7746,0.0,-1.5346,PROFIT_PROTECT,A1.50_F0.40,v171_pp_1,False,,False,,,,,,,,False,False,,,,COMPLETE,False,,,,2026-09-14 09:42:09.383,,,PRICE_PATH_ONLY,,
v2.1,20260914_012210_BASE_E001_094209383584,012210,삼미금속,2026-09-14 09:42:09.383,13243.229999999998,T250_S150,STOP_LOSS,2026-09-14 09:44:12.801,-1.5346,-1.7746,0.0,-1.5346,PROFIT_PROTECT,A1.50_F0.50,v171_pp_1,False,,False,,,,,,,,False,False,,,,COMPLETE,False,,,,2026-09-14 09:42:09.383,,,PRICE_PATH_ONLY,,
v2.1,20260914_012210_BASE_E001_094209383584,012210,삼미금속,2026-09-14 09:42:09.383,13243.229999999998,T250_S150,STOP_LOSS,2026-09-14 09:44:12.801,-1.5346,-1.7746,0.0,-1.5346,PROFIT_PROTECT,A1.50_F0.60,v171_pp_1,False,,False,,,,,,,,False,False,,,,COMPLETE,False,,,,2026-09-14 09:42:09.383,,,PRICE_PATH_ONLY,,
v2.1,20260914_012210_BASE_E001_094209383584,012210,삼미금속,2026-09-14 09:42:09.383,13243.229999999998,T250_S150,STOP_LOSS,2026-09-14 09:44:12.801,-1.5346,-1.7746,0.0,-1.5346,PROFIT_PROTECT,A1.50_F0.70,v171_pp_1,False,,False,,,,,,,,False,False,,,,COMPLETE,False,,,,2026-09-14 09:42:09.383,,,PRICE_PATH_ONLY,,
v2.1,20260914_012210_BASE_E001_094209383584,012210,삼미금속,2026-09-14 09:42:09.383,13243.229999999998,T250_S150,STOP_LOSS,2026-09-14 09:44:12.801,-1.5346,-1.7746,0.0,-1.5346,NOON_RECOVERY,NOON_RECOVERY_1200_P040,v171_noon_1,,,False,,,,,,,,,,,,,COMPLETE,False,,,,2026-09-14 09:42:09.383,,,PRICE_PATH_ONLY,,
v2.1,20260914_012210_BASE_E001_094209383584,012210,삼미금속,2026-09-14 09:42:09.383,13243.229999999998,T250_S150,STOP_LOSS,2026-09-14 09:44:12.801,-1.5346,-1.7746,0.0,-1.5346,NOON_RECOVERY,TIME_RECOVERY_1230_P040,v171_noon_1,,,False,,,,,,,,,,,,,COMPLETE,False,,,,2026-09-14 09:42:09.383,,,PRICE_PATH_ONLY,,
v2.1,20260914_012210_BASE_E001_094209383584,012210,삼미금속,2026-09-14 09:42:09.383,13243.229999999998,T250_S150,STOP_LOSS,2026-09-14 09:44:12.801,-1.5346,-1.7746,0.0,-1.5346,NOON_RECOVERY,TIME_RECOVERY_1300_P040,v171_noon_1,,,False,,,,,,,,,,,,,COMPLETE,False,,,,2026-09-14 09:42:09.383,,,PRICE_PATH_ONLY,,
v2.1,20260914_012210_BASE_E001_094209383584,012210,삼미금속,2026-09-14 09:42:09.383,13243.229999999998,T250_S150,STOP_LOSS,2026-09-14 09:44:12.801,-1.5346,-1.7746,0.0,-1.5346,NOON_RECOVERY,TIME_RECOVERY_1330_P040,v171_noon_1,,,False,,,,,,,,,,,,,COMPLETE,False,,,,2026-09-14 09:42:09.383,,,PRICE_PATH_ONLY,,
v2.1,20260914_012210_BASE_E001_094209383584,012210,삼미금속,2026-09-14 09:42:09.383,13243.229999999998,T250_S150,STOP_LOSS,2026-09-14 09:44:12.801,-1.5346,-1.7746,0.0,-1.5346,NOON_RECOVERY,TIME_RECOVERY_1400_P040,v171_noon_1,,,False,,,,,,,,,,,,,COMPLETE,False,,,,2026-09-14 09:42:09.383,,,PRICE_PATH_ONLY,,
v2.1,20260914_017900_BASE_E004_094601612296,017900,광전자,2026-09-14 09:46:01.612,9349.339999999998,T250_S150,STOP_LOSS,2026-09-14 09:53:38.795,-1.5973,-1.8373,1.6115,-1.5973,NOON_RECOVERY,HOLD_T250_S150_TO_1520,v171_noon_1,,,False,,,,,,-1.5973,-1.8373,,,,,,COMPLETE,True,2026-09-14 09:46:37.878,,,2026-09-14 09:49:57.975,,,PRICE_PATH_ONLY,,
v2.1,20260914_017900_BASE_E004_094601612296,017900,광전자,2026-09-14 09:46:01.612,9349.339999999998,T250_S150,STOP_LOSS,2026-09-14 09:53:38.795,-1.5973,-1.8373,1.6115,-1.5973,PROFIT_PROTECT,A0.75_F0.40,v171_pp_1,True,2026-09-14 09:46:35.671,True,2026-09-14 09:46:41.675,9380.0,,,,0.3279,0.0879,True,False,9420.0,9420.0,9420.0,COMPLETE,True,2026-09-14 09:46:37.878,,,2026-09-14 09:49:57.975,,,PRICE_PATH_ONLY,1.2793,-1.919
v2.1,20260914_017900_BASE_E004_094601612296,017900,광전자,2026-09-14 09:46:01.612,9349.339999999998,T250_S150,STOP_LOSS,2026-09-14 09:53:38.795,-1.5973,-1.8373,1.6115,-1.5973,PROFIT_PROTECT,A0.75_F0.50,v171_pp_1,True,2026-09-14 09:46:35.671,True,2026-09-14 09:46:41.172,9390.0,,,,0.4349,0.1949,True,False,9440.0,9410.0,9420.0,COMPLETE,True,2026-09-14 09:46:37.878,,,2026-09-14 09:49:57.975,,,PRICE_PATH_ONLY,1.1715,-2.0234
v2.1,20260914_017900_BASE_E004_094601612296,017900,광전자,2026-09-14 09:46:01.612,9349.339999999998,T250_S150,STOP_LOSS,2026-09-14 09:53:38.795,-1.5973,-1.8373,1.6115,-1.5973,PROFIT_PROTECT,A0.75_F0.60,v171_pp_1,True,2026-09-14 09:46:35.671,True,2026-09-14 09:46:35.671,9400.0,,,,0.5419,0.3019,True,False,9440.0,9430.0,9400.0,COMPLETE,True,2026-09-14 09:46:37.878,,,2026-09-14 09:49:57.975,,,PRICE_PATH_ONLY,1.0638,-2.1277
v2.1,20260914_017900_BASE_E004_094601612296,017900,광전자,2026-09-14 09:46:01.612,9349.339999999998,T250_S150,STOP_LOSS,2026-09-14 09:53:38.795,-1.5973,-1.8373,1.6115,-1.5973,PROFIT_PROTECT,A0.75_F0.70,v171_pp_1,True,2026-09-14 09:46:35.671,True,2026-09-14 09:46:35.671,9400.0,,,,0.5419,0.3019,True,False,9440.0,9430.0,9400.0,COMPLETE,True,2026-09-14 09:46:37.878,,,2026-09-14 09:49:57.975,,,PRICE_PATH_ONLY,1.0638,-2.1277
v2.1,20260914_017900_BASE_E004_094601612296,017900,광전자,2026-09-14 09:46:01.612,9349.339999999998,T250_S150,STOP_LOSS,2026-09-14 09:53:38.795,-1.5973,-1.8373,1.6115,-1.5973,PROFIT_PROTECT,A1.00_F0.40,v171_pp_1,True,2026-09-14 09:46:37.878,True,2026-09-14 09:46:41.675,9380.0,,,,0.3279,0.0879,True,False,9420.0,9420.0,9420.0,COMPLETE,True,2026-09-14 09:46:37.878,,,2026-09-14 09:49:57.975,,,PRICE_PATH_ONLY,1.2793,-1.919
v2.1,20260914_017900_BASE_E004_094601612296,017900,광전자,2026-09-14 09:46:01.612,9349.339999999998,T250_S150,STOP_LOSS,2026-09-14 09:53:38.795,-1.5973,-1.8373,1.6115,-1.5973,PROFIT_PROTECT,A1.00_F0.50,v171_pp_1,True,2026-09-14 09:46:37.878,True,2026-09-14 09:46:41.172,9390.0,,,,0.4349,0.1949,True,False,9440.0,9410.0,9420.0,COMPLETE,True,2026-09-14 09:46:37.878,,,2026-09-14 09:49:57.975,,,PRICE_PATH_ONLY,1.1715,-2.0234
v2.1,20260914_017900_BASE_E004_094601612296,017900,광전자,2026-09-14 09:46:01.612,9349.339999999998,T250_S150,STOP_LOSS,2026-09-14 09:53:38.795,-1.5973,-1.8373,1.6115,-1.5973,PROFIT_PROTECT,A1.00_F0.60,v171_pp_1,True,2026-09-14 09:46:37.878,True,2026-09-14 09:46:41.172,9400.0,,,,0.5419,0.3019,True,False,9440.0,9410.0,9420.0,COMPLETE,True,2026-09-14 09:46:37.878,,,2026-09-14 09:49:57.975,,,PRICE_PATH_ONLY,1.0638,-2.1277
v2.1,20260914_017900_BASE_E004_094601612296,017900,광전자,2026-09-14 09:46:01.612,9349.339999999998,T250_S150,STOP_LOSS,2026-09-14 09:53:38.795,-1.5973,-1.8373,1.6115,-1.5973,PROFIT_PROTECT,A1.00_F0.70,v171_pp_1,True,2026-09-14 09:46:37.878,True,2026-09-14 09:46:40.981,9410.0,,,,0.6488,0.4088,True,False,9440.0,9410.0,9430.0,COMPLETE,True,2026-09-14 09:46:37.878,,,2026-09-14 09:49:57.975,,,PRICE_PATH_ONLY,0.9564,-2.2317
v2.1,20260914_017900_BASE_E004_094601612296,017900,광전자,2026-09-14 09:46:01.612,9349.339999999998,T250_S150,STOP_LOSS,2026-09-14 09:53:38.795,-1.5973,-1.8373,1.6115,-1.5973,PROFIT_PROTECT,A1.25_F0.40,v171_pp_1,True,2026-09-14 09:49:37.998,True,2026-09-14 09:50:12.924,9380.0,,,,0.3279,0.0879,True,False,9370.0,9390.0,9380.0,COMPLETE,True,2026-09-14 09:46:37.878,,,2026-09-14 09:49:57.975,,,PRICE_PATH_ONLY,0.533,-1.919
v2.1,20260914_017900_BASE_E004_094601612296,017900,광전자,2026-09-14 09:46:01.612,9349.339999999998,T250_S150,STOP_LOSS,2026-09-14 09:53:38.795,-1.5973,-1.8373,1.6115,-1.5973,PROFIT_PROTECT,A1.25_F0.50,v171_pp_1,True,2026-09-14 09:49:37.998,True,2026-09-14 09:50:12.677,9390.0,,,,0.4349,0.1949,True,False,9370.0,9400.0,9390.0,COMPLETE,True,2026-09-14 09:46:37.878,,,2026-09-14 09:49:57.975,,,PRICE_PATH_ONLY,0.426,-2.0234
v2.1,20260914_017900_BASE_E004_094601612296,017900,광전자,2026-09-14 09:46:01.612,9349.339999999998,T250_S150,STOP_LOSS,2026-09-14 09:53:38.795,-1.5973,-1.8373,1.6115,-1.5973,PROFIT_PROTECT,A1.25_F0.60,v171_pp_1,True,2026-09-14 09:49:37.998,True,2026-09-14 09:49:44.575,9400.0,,,,0.5419,0.3019,True,False,9420.0,9450.0,9450.0,COMPLETE,True,2026-09-14 09:46:37.878,,,2026-09-14 09:49:57.975,,,PRICE_PATH_ONLY,1.0638,-2.1277
v2.1,20260914_017900_BASE_E004_094601612296,017900,광전자,2026-09-14 09:46:01.612,9349.339999999998,T250_S150,STOP_LOSS,2026-09-14 09:53:38.795,-1.5973,-1.8373,1.6115,-1.5973,PROFIT_PROTECT,A1.25_F0.70,v171_pp_1,True,2026-09-14 09:49:37.998,True,2026-09-14 09:49:43.174,9410.0,,,,0.6488,0.4088,True,False,9420.0,9430.0,9500.0,COMPLETE,True,2026-09-14 09:46:37.878,,,2026-09-14 09:49:57.975,,,PRICE_PATH_ONLY,0.9564,-2.2317
v2.1,20260914_017900_BASE_E004_094601612296,017900,광전자,2026-09-14 09:46:01.612,9349.339999999998,T250_S150,STOP_LOSS,2026-09-14 09:53:38.795,-1.5973,-1.8373,1.6115,-1.5973,PROFIT_PROTECT,A1.50_F0.40,v171_pp_1,True,2026-09-14 09:49:56.774,True,2026-09-14 09:50:12.924,9380.0,,,,0.3279,0.0879,True,False,9370.0,9390.0,9380.0,COMPLETE,True,2026-09-14 09:46:37.878,,,2026-09-14 09:49:57.975,,,PRICE_PATH_ONLY,0.533,-1.919
v2.1,20260914_017900_BASE_E004_094601612296,017900,광전자,2026-09-14 09:46:01.612,9349.339999999998,T250_S150,STOP_LOSS,2026-09-14 09:53:38.795,-1.5973,-1.8373,1.6115,-1.5973,PROFIT_PROTECT,A1.50_F0.50,v171_pp_1,True,2026-09-14 09:49:56.774,True,2026-09-14 09:50:12.677,9390.0,,,,0.4349,0.1949,True,False,9370.0,9400.0,9390.0,COMPLETE,True,2026-09-14 09:46:37.878,,,2026-09-14 09:49:57.975,,,PRICE_PATH_ONLY,0.426,-2.0234
v2.1,20260914_017900_BASE_E004_094601612296,017900,광전자,2026-09-14 09:46:01.612,9349.339999999998,T250_S150,STOP_LOSS,2026-09-14 09:53:38.795,-1.5973,-1.8373,1.6115,-1.5973,PROFIT_PROTECT,A1.50_F0.60,v171_pp_1,True,2026-09-14 09:49:56.774,True,2026-09-14 09:50:11.576,9400.0,,,,0.5419,0.3019,True,False,9370.0,9400.0,9400.0,COMPLETE,True,2026-09-14 09:46:37.878,,,2026-09-14 09:49:57.975,,,PRICE_PATH_ONLY,0.3191,-2.1277
v2.1,20260914_017900_BASE_E004_094601612296,017900,광전자,2026-09-14 09:46:01.612,9349.339999999998,T250_S150,STOP_LOSS,2026-09-14 09:53:38.795,-1.5973,-1.8373,1.6115,-1.5973,PROFIT_PROTECT,A1.50_F0.70,v171_pp_1,True,2026-09-14 09:49:56.774,True,2026-09-14 09:50:10.776,9410.0,,,,0.6488,0.4088,True,False,9370.0,9380.0,9380.0,COMPLETE,True,2026-09-14 09:46:37.878,,,2026-09-14 09:49:57.975,,,PRICE_PATH_ONLY,0.2125,-2.2317
v2.1,20260914_017900_BASE_E004_094601612296,017900,광전자,2026-09-14 09:46:01.612,9349.339999999998,T250_S150,STOP_LOSS,2026-09-14 09:53:38.795,-1.5973,-1.8373,1.6115,-1.5973,NOON_RECOVERY,NOON_RECOVERY_1200_P040,v171_noon_1,,,False,,,,,,,,,,,,,COMPLETE,True,2026-09-14 09:46:37.878,,,2026-09-14 09:49:57.975,,,PRICE_PATH_ONLY,,
v2.1,20260914_017900_BASE_E004_094601612296,017900,광전자,2026-09-14 09:46:01.612,9349.339999999998,T250_S150,STOP_LOSS,2026-09-14 09:53:38.795,-1.5973,-1.8373,1.6115,-1.5973,NOON_RECOVERY,TIME_RECOVERY_1230_P040,v171_noon_1,,,False,,,,,,,,,,,,,COMPLETE,True,2026-09-14 09:46:37.878,,,2026-09-14 09:49:57.975,,,PRICE_PATH_ONLY,,
v2.1,20260914_017900_BASE_E004_094601612296,017900,광전자,2026-09-14 09:46:01.612,9349.339999999998,T250_S150,STOP_LOSS,2026-09-14 09:53:38.795,-1.5973,-1.8373,1.6115,-1.5973,NOON_RECOVERY,TIME_RECOVERY_1300_P040,v171_noon_1,,,False,,,,,,,,,,,,,COMPLETE,True,2026-09-14 09:46:37.878,,,2026-09-14 09:49:57.975,,,PRICE_PATH_ONLY,,
v2.1,20260914_017900_BASE_E004_094601612296,017900,광전자,2026-09-14 09:46:01.612,9349.339999999998,T250_S150,STOP_LOSS,2026-09-14 09:53:38.795,-1.5973,-1.8373,1.6115,-1.5973,NOON_RECOVERY,TIME_RECOVERY_1330_P040,v171_noon_1,,,False,,,,,,,,,,,,,COMPLETE,True,2026-09-14 09:46:37.878,,,2026-09-14 09:49:57.975,,,PRICE_PATH_ONLY,,
v2.1,20260914_017900_BASE_E004_094601612296,017900,광전자,2026-09-14 09:46:01.612,9349.339999999998,T250_S150,STOP_LOSS,2026-09-14 09:53:38.795,-1.5973,-1.8373,1.6115,-1.5973,NOON_RECOVERY,TIME_RECOVERY_1400_P040,v171_noon_1,,,False,,,,,,,,,,,,,COMPLETE,True,2026-09-14 09:46:37.878,,,2026-09-14 09:49:57.975,,,PRICE_PATH_ONLY,,
v2.1,20260914_004310_BASE_E002_100812772222,004310,현대약품,2026-09-14 10:08:12.772,10600.589999999998,T250_S150,STOP_LOSS,2026-09-14 10:10:08.799,-1.5149,-1.7549,0.2774,-1.5149,NOON_RECOVERY,HOLD_T250_S150_TO_1520,v171_noon_1,,,False,,,,,,-1.5149,-1.7549,,,,,,COMPLETE,False,,,,2026-09-14 10:08:18.094,,,PRICE_PATH_ONLY,,
v2.1,20260914_004310_BASE_E002_100812772222,004310,현대약품,2026-09-14 10:08:12.772,10600.589999999998,T250_S150,STOP_LOSS,2026-09-14 10:10:08.799,-1.5149,-1.7549,0.2774,-1.5149,PROFIT_PROTECT,A0.75_F0.40,v171_pp_1,False,,False,,,,,,,,False,False,,,,COMPLETE,False,,,,2026-09-14 10:08:18.094,,,PRICE_PATH_ONLY,,
v2.1,20260914_004310_BASE_E002_100812772222,004310,현대약품,2026-09-14 10:08:12.772,10600.589999999998,T250_S150,STOP_LOSS,2026-09-14 10:10:08.799,-1.5149,-1.7549,0.2774,-1.5149,PROFIT_PROTECT,A0.75_F0.50,v171_pp_1,False,,False,,,,,,,,False,False,,,,COMPLETE,False,,,,2026-09-14 10:08:18.094,,,PRICE_PATH_ONLY,,
v2.1,20260914_004310_BASE_E002_100812772222,004310,현대약품,2026-09-14 10:08:12.772,10600.589999999998,T250_S150,STOP_LOSS,2026-09-14 10:10:08.799,-1.5149,-1.7549,0.2774,-1.5149,PROFIT_PROTECT,A0.75_F0.60,v171_pp_1,False,,False,,,,,,,,False,False,,,,COMPLETE,False,,,,2026-09-14 10:08:18.094,,,PRICE_PATH_ONLY,,
v2.1,20260914_004310_BASE_E002_100812772222,004310,현대약품,2026-09-14 10:08:12.772,10600.589999999998,T250_S150,STOP_LOSS,2026-09-14 10:10:08.799,-1.5149,-1.7549,0.2774,-1.5149,PROFIT_PROTECT,A0.75_F0.70,v171_pp_1,False,,False,,,,,,,,False,False,,,,COMPLETE,False,,,,2026-09-14 10:08:18.094,,,PRICE_PATH_ONLY,,
v2.1,20260914_004310_BASE_E002_100812772222,004310,현대약품,2026-09-14 10:08:12.772,10600.589999999998,T250_S150,STOP_LOSS,2026-09-14 10:10:08.799,-1.5149,-1.7549,0.2774,-1.5149,PROFIT_PROTECT,A1.00_F0.40,v171_pp_1,False,,False,,,,,,,,False,False,,,,COMPLETE,False,,,,2026-09-14 10:08:18.094,,,PRICE_PATH_ONLY,,
v2.1,20260914_004310_BASE_E002_100812772222,004310,현대약품,2026-09-14 10:08:12.772,10600.589999999998,T250_S150,STOP_LOSS,2026-09-14 10:10:08.799,-1.5149,-1.7549,0.2774,-1.5149,PROFIT_PROTECT,A1.00_F0.50,v171_pp_1,False,,False,,,,,,,,False,False,,,,COMPLETE,False,,,,2026-09-14 10:08:18.094,,,PRICE_PATH_ONLY,,
v2.1,20260914_004310_BASE_E002_100812772222,004310,현대약품,2026-09-14 10:08:12.772,10600.589999999998,T250_S150,STOP_LOSS,2026-09-14 10:10:08.799,-1.5149,-1.7549,0.2774,-1.5149,PROFIT_PROTECT,A1.00_F0.60,v171_pp_1,False,,False,,,,,,,,False,False,,,,COMPLETE,False,,,,2026-09-14 10:08:18.094,,,PRICE_PATH_ONLY,,
v2.1,20260914_004310_BASE_E002_100812772222,004310,현대약품,2026-09-14 10:08:12.772,10600.589999999998,T250_S150,STOP_LOSS,2026-09-14 10:10:08.799,-1.5149,-1.7549,0.2774,-1.5149,PROFIT_PROTECT,A1.00_F0.70,v171_pp_1,False,,False,,,,,,,,False,False,,,,COMPLETE,False,,,,2026-09-14 10:08:18.094,,,PRICE_PATH_ONLY,,
v2.1,20260914_004310_BASE_E002_100812772222,004310,현대약품,2026-09-14 10:08:12.772,10600.589999999998,T250_S150,STOP_LOSS,2026-09-14 10:10:08.799,-1.5149,-1.7549,0.2774,-1.5149,PROFIT_PROTECT,A1.25_F0.40,v171_pp_1,False,,False,,,,,,,,False,False,,,,COMPLETE,False,,,,2026-09-14 10:08:18.094,,,PRICE_PATH_ONLY,,
v2.1,20260914_004310_BASE_E002_100812772222,004310,현대약품,2026-09-14 10:08:12.772,10600.589999999998,T250_S150,STOP_LOSS,2026-09-14 10:10:08.799,-1.5149,-1.7549,0.2774,-1.5149,PROFIT_PROTECT,A1.25_F0.50,v171_pp_1,False,,False,,,,,,,,False,False,,,,COMPLETE,False,,,,2026-09-14 10:08:18.094,,,PRICE_PATH_ONLY,,
v2.1,20260914_004310_BASE_E002_100812772222,004310,현대약품,2026-09-14 10:08:12.772,10600.589999999998,T250_S150,STOP_LOSS,2026-09-14 10:10:08.799,-1.5149,-1.7549,0.2774,-1.5149,PROFIT_PROTECT,A1.25_F0.60,v171_pp_1,False,,False,,,,,,,,False,False,,,,COMPLETE,False,,,,2026-09-14 10:08:18.094,,,PRICE_PATH_ONLY,,
v2.1,20260914_004310_BASE_E002_100812772222,004310,현대약품,2026-09-14 10:08:12.772,10600.589999999998,T250_S150,STOP_LOSS,2026-09-14 10:10:08.799,-1.5149,-1.7549,0.2774,-1.5149,PROFIT_PROTECT,A1.25_F0.70,v171_pp_1,False,,False,,,,,,,,False,False,,,,COMPLETE,False,,,,2026-09-14 10:08:18.094,,,PRICE_PATH_ONLY,,
v2.1,20260914_004310_BASE_E002_100812772222,004310,현대약품,2026-09-14 10:08:12.772,10600.589999999998,T250_S150,STOP_LOSS,2026-09-14 10:10:08.799,-1.5149,-1.7549,0.2774,-1.5149,PROFIT_PROTECT,A1.50_F0.40,v171_pp_1,False,,False,,,,,,,,False,False,,,,COMPLETE,False,,,,2026-09-14 10:08:18.094,,,PRICE_PATH_ONLY,,
v2.1,20260914_004310_BASE_E002_100812772222,004310,현대약품,2026-09-14 10:08:12.772,10600.589999999998,T250_S150,STOP_LOSS,2026-09-14 10:10:08.799,-1.5149,-1.7549,0.2774,-1.5149,PROFIT_PROTECT,A1.50_F0.50,v171_pp_1,False,,False,,,,,,,,False,False,,,,COMPLETE,False,,,,2026-09-14 10:08:18.094,,,PRICE_PATH_ONLY,,
v2.1,20260914_004310_BASE_E002_100812772222,004310,현대약품,2026-09-14 10:08:12.772,10600.589999999998,T250_S150,STOP_LOSS,2026-09-14 10:10:08.799,-1.5149,-1.7549,0.2774,-1.5149,PROFIT_PROTECT,A1.50_F0.60,v171_pp_1,False,,False,,,,,,,,False,False,,,,COMPLETE,False,,,,2026-09-14 10:08:18.094,,,PRICE_PATH_ONLY,,
v2.1,20260914_004310_BASE_E002_100812772222,004310,현대약품,2026-09-14 10:08:12.772,10600.589999999998,T250_S150,STOP_LOSS,2026-09-14 10:10:08.799,-1.5149,-1.7549,0.2774,-1.5149,PROFIT_PROTECT,A1.50_F0.70,v171_pp_1,False,,False,,,,,,,,False,False,,,,COMPLETE,False,,,,2026-09-14 10:08:18.094,,,PRICE_PATH_ONLY,,
v2.1,20260914_004310_BASE_E002_100812772222,004310,현대약품,2026-09-14 10:08:12.772,10600.589999999998,T250_S150,STOP_LOSS,2026-09-14 10:10:08.799,-1.5149,-1.7549,0.2774,-1.5149,NOON_RECOVERY,NOON_RECOVERY_1200_P040,v171_noon_1,,,False,,,,,,,,,,,,,COMPLETE,False,,,,2026-09-14 10:08:18.094,,,PRICE_PATH_ONLY,,
v2.1,20260914_004310_BASE_E002_100812772222,004310,현대약품,2026-09-14 10:08:12.772,10600.589999999998,T250_S150,STOP_LOSS,2026-09-14 10:10:08.799,-1.5149,-1.7549,0.2774,-1.5149,NOON_RECOVERY,TIME_RECOVERY_1230_P040,v171_noon_1,,,False,,,,,,,,,,,,,COMPLETE,False,,,,2026-09-14 10:08:18.094,,,PRICE_PATH_ONLY,,
v2.1,20260914_004310_BASE_E002_100812772222,004310,현대약품,2026-09-14 10:08:12.772,10600.589999999998,T250_S150,STOP_LOSS,2026-09-14 10:10:08.799,-1.5149,-1.7549,0.2774,-1.5149,NOON_RECOVERY,TIME_RECOVERY_1300_P040,v171_noon_1,,,False,,,,,,,,,,,,,COMPLETE,False,,,,2026-09-14 10:08:18.094,,,PRICE_PATH_ONLY,,
v2.1,20260914_004310_BASE_E002_100812772222,004310,현대약품,2026-09-14 10:08:12.772,10600.589999999998,T250_S150,STOP_LOSS,2026-09-14 10:10:08.799,-1.5149,-1.7549,0.2774,-1.5149,NOON_RECOVERY,TIME_RECOVERY_1330_P040,v171_noon_1,,,False,,,,,,,,,,,,,COMPLETE,False,,,,2026-09-14 10:08:18.094,,,PRICE_PATH_ONLY,,
v2.1,20260914_004310_BASE_E002_100812772222,004310,현대약품,2026-09-14 10:08:12.772,10600.589999999998,T250_S150,STOP_LOSS,2026-09-14 10:10:08.799,-1.5149,-1.7549,0.2774,-1.5149,NOON_RECOVERY,TIME_RECOVERY_1400_P040,v171_noon_1,,,False,,,,,,,,,,,,,COMPLETE,False,,,,2026-09-14 10:08:18.094,,,PRICE_PATH_ONLY,,
v2.1,20260914_069540_BASE_E015_120611118949,069540,빛과전자,2026-09-14 12:06:11.118,4344.339999999999,T250_S150,TAKE_PROFIT,2026-09-14 12:07:57.699,2.5472,2.3072,2.5472,0.0,NOON_RECOVERY,HOLD_T250_S150_TO_1520,v171_noon_1,,,False,,,,,,2.5472,2.3072,,,,,,COMPLETE,True,2026-09-14 12:06:17.614,,,2026-09-14 12:07:55.832,,,PRICE_PATH_ONLY,,
v2.1,20260914_069540_BASE_E015_120611118949,069540,빛과전자,2026-09-14 12:06:11.118,4344.339999999999,T250_S150,TAKE_PROFIT,2026-09-14 12:07:57.699,2.5472,2.3072,2.5472,0.0,PROFIT_PROTECT,A0.75_F0.40,v171_pp_1,True,2026-09-14 12:06:11.508,True,2026-09-14 12:06:11.508,4360.0,,,,0.3605,0.1205,False,True,4380.0,4390.0,4395.0,COMPLETE,True,2026-09-14 12:06:17.614,,,2026-09-14 12:07:55.832,,,PRICE_PATH_ONLY,2.1789,0.0
v2.1,20260914_069540_BASE_E015_120611118949,069540,빛과전자,2026-09-14 12:06:11.118,4344.339999999999,T250_S150,TAKE_PROFIT,2026-09-14 12:07:57.699,2.5472,2.3072,2.5472,0.0,PROFIT_PROTECT,A0.75_F0.50,v171_pp_1,True,2026-09-14 12:06:11.508,True,2026-09-14 12:06:11.508,4360.0,,,,0.3605,0.1205,False,True,4380.0,4390.0,4395.0,COMPLETE,True,2026-09-14 12:06:17.614,,,2026-09-14 12:07:55.832,,,PRICE_PATH_ONLY,2.1789,0.0
v2.1,20260914_069540_BASE_E015_120611118949,069540,빛과전자,2026-09-14 12:06:11.118,4344.339999999999,T250_S150,TAKE_PROFIT,2026-09-14 12:07:57.699,2.5472,2.3072,2.5472,0.0,PROFIT_PROTECT,A0.75_F0.60,v171_pp_1,True,2026-09-14 12:06:11.508,True,2026-09-14 12:06:11.508,4360.0,,,,0.3605,0.1205,False,True,4380.0,4390.0,4395.0,COMPLETE,True,2026-09-14 12:06:17.614,,,2026-09-14 12:07:55.832,,,PRICE_PATH_ONLY,2.1789,0.0
v2.1,20260914_069540_BASE_E015_120611118949,069540,빛과전자,2026-09-14 12:06:11.118,4344.339999999999,T250_S150,TAKE_PROFIT,2026-09-14 12:07:57.699,2.5472,2.3072,2.5472,0.0,PROFIT_PROTECT,A0.75_F0.70,v171_pp_1,True,2026-09-14 12:06:11.508,True,2026-09-14 12:06:11.508,4360.0,,,,0.3605,0.1205,False,True,4380.0,4390.0,4395.0,COMPLETE,True,2026-09-14 12:06:17.614,,,2026-09-14 12:07:55.832,,,PRICE_PATH_ONLY,2.1789,0.0
v2.1,20260914_069540_BASE_E015_120611118949,069540,빛과전자,2026-09-14 12:06:11.118,4344.339999999999,T250_S150,TAKE_PROFIT,2026-09-14 12:07:57.699,2.5472,2.3072,2.5472,0.0,PROFIT_PROTECT,A1.00_F0.40,v171_pp_1,True,2026-09-14 12:06:17.614,False,,,,,,,,False,False,,,,COMPLETE,True,2026-09-14 12:06:17.614,,,2026-09-14 12:07:55.832,,,PRICE_PATH_ONLY,,
v2.1,20260914_069540_BASE_E015_120611118949,069540,빛과전자,2026-09-14 12:06:11.118,4344.339999999999,T250_S150,TAKE_PROFIT,2026-09-14 12:07:57.699,2.5472,2.3072,2.5472,0.0,PROFIT_PROTECT,A1.00_F0.50,v171_pp_1,True,2026-09-14 12:06:17.614,False,,,,,,,,False,False,,,,COMPLETE,True,2026-09-14 12:06:17.614,,,2026-09-14 12:07:55.832,,,PRICE_PATH_ONLY,,
v2.1,20260914_069540_BASE_E015_120611118949,069540,빛과전자,2026-09-14 12:06:11.118,4344.339999999999,T250_S150,TAKE_PROFIT,2026-09-14 12:07:57.699,2.5472,2.3072,2.5472,0.0,PROFIT_PROTECT,A1.00_F0.60,v171_pp_1,True,2026-09-14 12:06:17.614,False,,,,,,,,False,False,,,,COMPLETE,True,2026-09-14 12:06:17.614,,,2026-09-14 12:07:55.832,,,PRICE_PATH_ONLY,,
v2.1,20260914_069540_BASE_E015_120611118949,069540,빛과전자,2026-09-14 12:06:11.118,4344.339999999999,T250_S150,TAKE_PROFIT,2026-09-14 12:07:57.699,2.5472,2.3072,2.5472,0.0,PROFIT_PROTECT,A1.00_F0.70,v171_pp_1,True,2026-09-14 12:06:17.614,False,,,,,,,,False,False,,,,COMPLETE,True,2026-09-14 12:06:17.614,,,2026-09-14 12:07:55.832,,,PRICE_PATH_ONLY,,
v2.1,20260914_069540_BASE_E015_120611118949,069540,빛과전자,2026-09-14 12:06:11.118,4344.339999999999,T250_S150,TAKE_PROFIT,2026-09-14 12:07:57.699,2.5472,2.3072,2.5472,0.0,PROFIT_PROTECT,A1.25_F0.40,v171_pp_1,True,2026-09-14 12:06:20.507,False,,,,,,,,False,False,,,,COMPLETE,True,2026-09-14 12:06:17.614,,,2026-09-14 12:07:55.832,,,PRICE_PATH_ONLY,,
v2.1,20260914_069540_BASE_E015_120611118949,069540,빛과전자,2026-09-14 12:06:11.118,4344.339999999999,T250_S150,TAKE_PROFIT,2026-09-14 12:07:57.699,2.5472,2.3072,2.5472,0.0,PROFIT_PROTECT,A1.25_F0.50,v171_pp_1,True,2026-09-14 12:06:20.507,False,,,,,,,,False,False,,,,COMPLETE,True,2026-09-14 12:06:17.614,,,2026-09-14 12:07:55.832,,,PRICE_PATH_ONLY,,
v2.1,20260914_069540_BASE_E015_120611118949,069540,빛과전자,2026-09-14 12:06:11.118,4344.339999999999,T250_S150,TAKE_PROFIT,2026-09-14 12:07:57.699,2.5472,2.3072,2.5472,0.0,PROFIT_PROTECT,A1.25_F0.60,v171_pp_1,True,2026-09-14 12:06:20.507,False,,,,,,,,False,False,,,,COMPLETE,True,2026-09-14 12:06:17.614,,,2026-09-14 12:07:55.832,,,PRICE_PATH_ONLY,,
v2.1,20260914_069540_BASE_E015_120611118949,069540,빛과전자,2026-09-14 12:06:11.118,4344.339999999999,T250_S150,TAKE_PROFIT,2026-09-14 12:07:57.699,2.5472,2.3072,2.5472,0.0,PROFIT_PROTECT,A1.25_F0.70,v171_pp_1,True,2026-09-14 12:06:20.507,False,,,,,,,,False,False,,,,COMPLETE,True,2026-09-14 12:06:17.614,,,2026-09-14 12:07:55.832,,,PRICE_PATH_ONLY,,
v2.1,20260914_069540_BASE_E015_120611118949,069540,빛과전자,2026-09-14 12:06:11.118,4344.339999999999,T250_S150,TAKE_PROFIT,2026-09-14 12:07:57.699,2.5472,2.3072,2.5472,0.0,PROFIT_PROTECT,A1.50_F0.40,v171_pp_1,True,2026-09-14 12:06:47.906,False,,,,,,,,False,False,,,,COMPLETE,True,2026-09-14 12:06:17.614,,,2026-09-14 12:07:55.832,,,PRICE_PATH_ONLY,,
v2.1,20260914_069540_BASE_E015_120611118949,069540,빛과전자,2026-09-14 12:06:11.118,4344.339999999999,T250_S150,TAKE_PROFIT,2026-09-14 12:07:57.699,2.5472,2.3072,2.5472,0.0,PROFIT_PROTECT,A1.50_F0.50,v171_pp_1,True,2026-09-14 12:06:47.906,False,,,,,,,,False,False,,,,COMPLETE,True,2026-09-14 12:06:17.614,,,2026-09-14 12:07:55.832,,,PRICE_PATH_ONLY,,
v2.1,20260914_069540_BASE_E015_120611118949,069540,빛과전자,2026-09-14 12:06:11.118,4344.339999999999,T250_S150,TAKE_PROFIT,2026-09-14 12:07:57.699,2.5472,2.3072,2.5472,0.0,PROFIT_PROTECT,A1.50_F0.60,v171_pp_1,True,2026-09-14 12:06:47.906,False,,,,,,,,False,False,,,,COMPLETE,True,2026-09-14 12:06:17.614,,,2026-09-14 12:07:55.832,,,PRICE_PATH_ONLY,,
v2.1,20260914_069540_BASE_E015_120611118949,069540,빛과전자,2026-09-14 12:06:11.118,4344.339999999999,T250_S150,TAKE_PROFIT,2026-09-14 12:07:57.699,2.5472,2.3072,2.5472,0.0,PROFIT_PROTECT,A1.50_F0.70,v171_pp_1,True,2026-09-14 12:06:47.906,False,,,,,,,,False,False,,,,COMPLETE,True,2026-09-14 12:06:17.614,,,2026-09-14 12:07:55.832,,,PRICE_PATH_ONLY,,
v2.1,20260914_069540_BASE_E015_120611118949,069540,빛과전자,2026-09-14 12:06:11.118,4344.339999999999,T250_S150,TAKE_PROFIT,2026-09-14 12:07:57.699,2.5472,2.3072,2.5472,0.0,NOON_RECOVERY,NOON_RECOVERY_1200_P040,v171_noon_1,,,True,2026-09-14 12:06:11.206,4365.0,0.36046902406350334,0.36046902406350334,0.0,0.4756,0.2356,,,4375.0,4385.0,4390.0,COMPLETE,True,2026-09-14 12:06:17.614,True,True,2026-09-14 12:06:11.129,0.0,,PRICE_PATH_ONLY,2.0619,-0.1145
v2.1,20260914_069540_BASE_E015_120611118949,069540,빛과전자,2026-09-14 12:06:11.118,4344.339999999999,T250_S150,TAKE_PROFIT,2026-09-14 12:07:57.699,2.5472,2.3072,2.5472,0.0,NOON_RECOVERY,TIME_RECOVERY_1230_P040,v171_noon_1,,,False,,,,,,,,,,,,,COMPLETE,True,2026-09-14 12:06:17.614,,,2026-09-14 12:07:55.832,,,PRICE_PATH_ONLY,,
v2.1,20260914_069540_BASE_E015_120611118949,069540,빛과전자,2026-09-14 12:06:11.118,4344.339999999999,T250_S150,TAKE_PROFIT,2026-09-14 12:07:57.699,2.5472,2.3072,2.5472,0.0,NOON_RECOVERY,TIME_RECOVERY_1300_P040,v171_noon_1,,,False,,,,,,,,,,,,,COMPLETE,True,2026-09-14 12:06:17.614,,,2026-09-14 12:07:55.832,,,PRICE_PATH_ONLY,,
v2.1,20260914_069540_BASE_E015_120611118949,069540,빛과전자,2026-09-14 12:06:11.118,4344.339999999999,T250_S150,TAKE_PROFIT,2026-09-14 12:07:57.699,2.5472,2.3072,2.5472,0.0,NOON_RECOVERY,TIME_RECOVERY_1330_P040,v171_noon_1,,,False,,,,,,,,,,,,,COMPLETE,True,2026-09-14 12:06:17.614,,,2026-09-14 12:07:55.832,,,PRICE_PATH_ONLY,,
v2.1,20260914_069540_BASE_E015_120611118949,069540,빛과전자,2026-09-14 12:06:11.118,4344.339999999999,T250_S150,TAKE_PROFIT,2026-09-14 12:07:57.699,2.5472,2.3072,2.5472,0.0,NOON_RECOVERY,TIME_RECOVERY_1400_P040,v171_noon_1,,,False,,,,,,,,,,,,,COMPLETE,True,2026-09-14 12:06:17.614,,,2026-09-14 12:07:55.832,,,PRICE_PATH_ONLY,,
v2.1,20260914_441270_BASE_E004_122342085032,441270,파인엠텍,2026-09-14 12:23:42.085,9429.419999999998,T250_S150,STOP_LOSS,2026-09-14 12:25:51.783,-1.5846,-1.8246,0.0062,-1.5846,NOON_RECOVERY,HOLD_T250_S150_TO_1520,v171_noon_1,,,False,,,,,,-1.5846,-1.8246,,,,,,COMPLETE,False,,,,2026-09-14 12:23:47.403,,,PRICE_PATH_ONLY,,
v2.1,20260914_441270_BASE_E004_122342085032,441270,파인엠텍,2026-09-14 12:23:42.085,9429.419999999998,T250_S150,STOP_LOSS,2026-09-14 12:25:51.783,-1.5846,-1.8246,0.0062,-1.5846,PROFIT_PROTECT,A0.75_F0.40,v171_pp_1,False,,False,,,,,,,,False,False,,,,COMPLETE,False,,,,2026-09-14 12:23:47.403,,,PRICE_PATH_ONLY,,
v2.1,20260914_441270_BASE_E004_122342085032,441270,파인엠텍,2026-09-14 12:23:42.085,9429.419999999998,T250_S150,STOP_LOSS,2026-09-14 12:25:51.783,-1.5846,-1.8246,0.0062,-1.5846,PROFIT_PROTECT,A0.75_F0.50,v171_pp_1,False,,False,,,,,,,,False,False,,,,COMPLETE,False,,,,2026-09-14 12:23:47.403,,,PRICE_PATH_ONLY,,
v2.1,20260914_441270_BASE_E004_122342085032,441270,파인엠텍,2026-09-14 12:23:42.085,9429.419999999998,T250_S150,STOP_LOSS,2026-09-14 12:25:51.783,-1.5846,-1.8246,0.0062,-1.5846,PROFIT_PROTECT,A0.75_F0.60,v171_pp_1,False,,False,,,,,,,,False,False,,,,COMPLETE,False,,,,2026-09-14 12:23:47.403,,,PRICE_PATH_ONLY,,
v2.1,20260914_441270_BASE_E004_122342085032,441270,파인엠텍,2026-09-14 12:23:42.085,9429.419999999998,T250_S150,STOP_LOSS,2026-09-14 12:25:51.783,-1.5846,-1.8246,0.0062,-1.5846,PROFIT_PROTECT,A0.75_F0.70,v171_pp_1,False,,False,,,,,,,,False,False,,,,COMPLETE,False,,,,2026-09-14 12:23:47.403,,,PRICE_PATH_ONLY,,
v2.1,20260914_441270_BASE_E004_122342085032,441270,파인엠텍,2026-09-14 12:23:42.085,9429.419999999998,T250_S150,STOP_LOSS,2026-09-14 12:25:51.783,-1.5846,-1.8246,0.0062,-1.5846,PROFIT_PROTECT,A1.00_F0.40,v171_pp_1,False,,False,,,,,,,,False,False,,,,COMPLETE,False,,,,2026-09-14 12:23:47.403,,,PRICE_PATH_ONLY,,
v2.1,20260914_441270_BASE_E004_122342085032,441270,파인엠텍,2026-09-14 12:23:42.085,9429.419999999998,T250_S150,STOP_LOSS,2026-09-14 12:25:51.783,-1.5846,-1.8246,0.0062,-1.5846,PROFIT_PROTECT,A1.00_F0.50,v171_pp_1,False,,False,,,,,,,,False,False,,,,COMPLETE,False,,,,2026-09-14 12:23:47.403,,,PRICE_PATH_ONLY,,
v2.1,20260914_441270_BASE_E004_122342085032,441270,파인엠텍,2026-09-14 12:23:42.085,9429.419999999998,T250_S150,STOP_LOSS,2026-09-14 12:25:51.783,-1.5846,-1.8246,0.0062,-1.5846,PROFIT_PROTECT,A1.00_F0.60,v171_pp_1,False,,False,,,,,,,,False,False,,,,COMPLETE,False,,,,2026-09-14 12:23:47.403,,,PRICE_PATH_ONLY,,
v2.1,20260914_441270_BASE_E004_122342085032,441270,파인엠텍,2026-09-14 12:23:42.085,9429.419999999998,T250_S150,STOP_LOSS,2026-09-14 12:25:51.783,-1.5846,-1.8246,0.0062,-1.5846,PROFIT_PROTECT,A1.00_F0.70,v171_pp_1,False,,False,,,,,,,,False,False,,,,COMPLETE,False,,,,2026-09-14 12:23:47.403,,,PRICE_PATH_ONLY,,
v2.1,20260914_441270_BASE_E004_122342085032,441270,파인엠텍,2026-09-14 12:23:42.085,9429.419999999998,T250_S150,STOP_LOSS,2026-09-14 12:25:51.783,-1.5846,-1.8246,0.0062,-1.5846,PROFIT_PROTECT,A1.25_F0.40,v171_pp_1,False,,False,,,,,,,,False,False,,,,COMPLETE,False,,,,2026-09-14 12:23:47.403,,,PRICE_PATH_ONLY,,
v2.1,20260914_441270_BASE_E004_122342085032,441270,파인엠텍,2026-09-14 12:23:42.085,9429.419999999998,T250_S150,STOP_LOSS,2026-09-14 12:25:51.783,-1.5846,-1.8246,0.0062,-1.5846,PROFIT_PROTECT,A1.25_F0.50,v171_pp_1,False,,False,,,,,,,,False,False,,,,COMPLETE,False,,,,2026-09-14 12:23:47.403,,,PRICE_PATH_ONLY,,
v2.1,20260914_441270_BASE_E004_122342085032,441270,파인엠텍,2026-09-14 12:23:42.085,9429.419999999998,T250_S150,STOP_LOSS,2026-09-14 12:25:51.783,-1.5846,-1.8246,0.0062,-1.5846,PROFIT_PROTECT,A1.25_F0.60,v171_pp_1,False,,False,,,,,,,,False,False,,,,COMPLETE,False,,,,2026-09-14 12:23:47.403,,,PRICE_PATH_ONLY,,
v2.1,20260914_441270_BASE_E004_122342085032,441270,파인엠텍,2026-09-14 12:23:42.085,9429.419999999998,T250_S150,STOP_LOSS,2026-09-14 12:25:51.783,-1.5846,-1.8246,0.0062,-1.5846,PROFIT_PROTECT,A1.25_F0.70,v171_pp_1,False,,False,,,,,,,,False,False,,,,COMPLETE,False,,,,2026-09-14 12:23:47.403,,,PRICE_PATH_ONLY,,
v2.1,20260914_441270_BASE_E004_122342085032,441270,파인엠텍,2026-09-14 12:23:42.085,9429.419999999998,T250_S150,STOP_LOSS,2026-09-14 12:25:51.783,-1.5846,-1.8246,0.0062,-1.5846,PROFIT_PROTECT,A1.50_F0.40,v171_pp_1,False,,False,,,,,,,,False,False,,,,COMPLETE,False,,,,2026-09-14 12:23:47.403,,,PRICE_PATH_ONLY,,
v2.1,20260914_441270_BASE_E004_122342085032,441270,파인엠텍,2026-09-14 12:23:42.085,9429.419999999998,T250_S150,STOP_LOSS,2026-09-14 12:25:51.783,-1.5846,-1.8246,0.0062,-1.5846,PROFIT_PROTECT,A1.50_F0.50,v171_pp_1,False,,False,,,,,,,,False,False,,,,COMPLETE,False,,,,2026-09-14 12:23:47.403,,,PRICE_PATH_ONLY,,
v2.1,20260914_441270_BASE_E004_122342085032,441270,파인엠텍,2026-09-14 12:23:42.085,9429.419999999998,T250_S150,STOP_LOSS,2026-09-14 12:25:51.783,-1.5846,-1.8246,0.0062,-1.5846,PROFIT_PROTECT,A1.50_F0.60,v171_pp_1,False,,False,,,,,,,,False,False,,,,COMPLETE,False,,,,2026-09-14 12:23:47.403,,,PRICE_PATH_ONLY,,
v2.1,20260914_441270_BASE_E004_122342085032,441270,파인엠텍,2026-09-14 12:23:42.085,9429.419999999998,T250_S150,STOP_LOSS,2026-09-14 12:25:51.783,-1.5846,-1.8246,0.0062,-1.5846,PROFIT_PROTECT,A1.50_F0.70,v171_pp_1,False,,False,,,,,,,,False,False,,,,COMPLETE,False,,,,2026-09-14 12:23:47.403,,,PRICE_PATH_ONLY,,
v2.1,20260914_441270_BASE_E004_122342085032,441270,파인엠텍,2026-09-14 12:23:42.085,9429.419999999998,T250_S150,STOP_LOSS,2026-09-14 12:25:51.783,-1.5846,-1.8246,0.0062,-1.5846,NOON_RECOVERY,NOON_RECOVERY_1200_P040,v171_noon_1,,,False,,,-0.31200222283023216,0.0,-0.31200222283023216,,,,,,,,COMPLETE,False,,True,True,2026-09-14 12:23:42.085,-0.31200222283023216,,PRICE_PATH_ONLY,,
v2.1,20260914_441270_BASE_E004_122342085032,441270,파인엠텍,2026-09-14 12:23:42.085,9429.419999999998,T250_S150,STOP_LOSS,2026-09-14 12:25:51.783,-1.5846,-1.8246,0.0062,-1.5846,NOON_RECOVERY,TIME_RECOVERY_1230_P040,v171_noon_1,,,False,,,,,,,,,,,,,COMPLETE,False,,,,2026-09-14 12:23:47.403,,,PRICE_PATH_ONLY,,
v2.1,20260914_441270_BASE_E004_122342085032,441270,파인엠텍,2026-09-14 12:23:42.085,9429.419999999998,T250_S150,STOP_LOSS,2026-09-14 12:25:51.783,-1.5846,-1.8246,0.0062,-1.5846,NOON_RECOVERY,TIME_RECOVERY_1300_P040,v171_noon_1,,,False,,,,,,,,,,,,,COMPLETE,False,,,,2026-09-14 12:23:47.403,,,PRICE_PATH_ONLY,,
v2.1,20260914_441270_BASE_E004_122342085032,441270,파인엠텍,2026-09-14 12:23:42.085,9429.419999999998,T250_S150,STOP_LOSS,2026-09-14 12:25:51.783,-1.5846,-1.8246,0.0062,-1.5846,NOON_RECOVERY,TIME_RECOVERY_1330_P040,v171_noon_1,,,False,,,,,,,,,,,,,COMPLETE,False,,,,2026-09-14 12:23:47.403,,,PRICE_PATH_ONLY,,
v2.1,20260914_441270_BASE_E004_122342085032,441270,파인엠텍,2026-09-14 12:23:42.085,9429.419999999998,T250_S150,STOP_LOSS,2026-09-14 12:25:51.783,-1.5846,-1.8246,0.0062,-1.5846,NOON_RECOVERY,TIME_RECOVERY_1400_P040,v171_noon_1,,,False,,,,,,,,,,,,,COMPLETE,False,,,,2026-09-14 12:23:47.403,,,PRICE_PATH_ONLY,,
