datetime,version,session,market,stock_code,stock_name,current_price,change_rate,volume,actual_trading_value,estimated_trading_value,trading_value_used,trading_value_source,trading_value_rank,day_high,high_gap,value_growth,volume_growth,score,score_trading_value,score_high_position,score_value_growth,score_volume_growth,focus_signal,watch_score,watch_start_time,watch_start_price,watch_start_score,watch_to_signal_sec,history_available_sec,history_sample_count,price_change_15s,price_change_30s,price_change_60s,price_change_120s,price_change_180s,price_change_300s,high_gap_change_30s,high_gap_change_60s,high_gap_change_120s,high_gap_change_180s,high_gap_change_300s
2026-08-24 09:01:23,v1.6.2,MAIN,KOSDAQ,124500,아이티센글로벌,36100.0,10.75,110781,58455000000.0,3999194100.0,58455000000.0,ACTUAL,1,36650.0,1.5006821282401093,1.0967990093065145,3.226568416147259,78,33,19,11,15,False,60,2026-08-24 09:00:20,36500.0,67.0,62.27403,78.15349698066711,6,0.2777777777777778,-1.095890410958904,-1.095890410958904,,,,1.0914051841746248,1.5006821282401093,,,
2026-08-24 09:01:39,v1.6.2,MAIN,KOSDAQ,124500,아이티센글로벌,36300.0,11.67,124277,59293000000.0,4511255100.0,59293000000.0,ACTUAL,1,36650.0,0.9549795361527967,1.0677459437071186,1.808928415475532,81,33,22,11,15,False,60,2026-08-24 09:00:20,36500.0,67.0,78.873335,94.08721399307251,7,0.554016620498615,0.8333333333333334,0.2762430939226519,,,,-0.8185538881309687,-0.13791663871059134,,,
2026-08-24 09:02:10,v1.6.2,MAIN,KOSDAQ,124500,아이티센글로벌,36600.0,12.29,143028,60688000000.0,5234824800.0,60688000000.0,ACTUAL,1,36650.0,0.1364256480218281,1.047301844789204,1.379473973554006,78,33,25,5,15,False,60,2026-08-24 09:00:20,36500.0,67.0,109.277381,124.93512535095215,9,0.9655172413793104,0.8264462809917356,1.6666666666666667,12.442396313364055,,,-0.8185538881309686,-1.6371077762619373,-998.8635743519782,,
2026-08-24 09:02:26,v1.6.2,MAIN,KOSDAQ,124500,아이티센글로벌,37100.0,14.13,172667,62888000000.0,6405945700.0,62888000000.0,ACTUAL,1,37200.0,0.2688172043010753,1.0758361132495082,1.5586337007248536,84,33,25,11,15,False,60,2026-08-24 09:00:20,36500.0,67.0,125.188567,140.8376681804657,10,1.366120218579235,2.344827586206897,2.7700831024930745,1.643835616438356,,,-0.8225879798735496,-1.231864923939034,0.2688172043010753,,
2026-08-24 09:02:41,v1.6.2,MAIN,KOSDAQ,124500,아이티센글로벌,37350.0,13.98,198773,64695000000.0,7424171550.0,64695000000.0,ACTUAL,1,37400.0,0.1336898395721925,1.0911068760224647,1.5994351328081624,84,33,25,11,15,False,60,2026-08-24 09:00:20,36500.0,67.0,141.028295,156.75190663337708,11,0.6738544474393532,2.0491803278688523,2.8925619834710745,3.1767955801104977,,,-0.0027358084496356128,-0.8212896965806042,-0.9592063352911956,,
2026-08-24 09:02:57,v1.6.2,MAIN,KOSDAQ,124500,아이티센글로벌,37650.0,14.59,221421,65936000000.0,8336500650.0,65936000000.0,ACTUAL,1,37650.0,0.0,1.1063829787234043,1.7310416536368753,84,33,25,11,15,False,60,2026-08-24 09:00:20,36500.0,67.0,156.541926,172.59572553634644,12,0.8032128514056224,1.482479784366577,3.8620689655172415,3.1506849315068495,,,-0.2688172043010753,-1.0914051841746248,-0.4092769440654843,,
2026-08-24 09:03:13,v1.6.2,MAIN,KOSDAQ,124500,아이티센글로벌,37700.0,15.36,246907,68137000000.0,9308393900.0,68137000000.0,ACTUAL,1,37800.0,0.26455026455026454,1.122742552069602,1.7262843639007748,84,33,25,11,15,False,60,2026-08-24 09:00:20,36500.0,67.0,172.226739,188.10594654083252,13,0.13280212483399734,0.9370816599732262,3.0054644808743167,4.722222222222222,3.287671232876712,,0.13086042497807204,0.12812461652843643,-1.5089831597335008,0.26455026455026454,
2026-08-24 09:03:29,v1.6.2,MAIN,KOSDAQ,124500,아이티센글로벌,37900.0,17.05,279849,70750000000.0,10606277100.0,70750000000.0,ACTUAL,1,38100.0,0.5249343832020997,1.1250159012848238,1.6207439753977309,85,37,22,11,15,False,60,2026-08-24 09:00:20,36500.0,67.0,188.487594,203.78025341033936,14,0.5305039787798408,0.6640106241699867,2.15633423180593,4.986149584487535,4.696132596685083,,0.5249343832020997,0.2561171789010244,-0.9757477450380095,-0.5679617916612884,
2026-08-24 09:03:44,v1.6.2,MAIN,KOSDAQ,124500,아이티센글로벌,38050.0,16.44,302416,72454000000.0,11506928800.0,72454000000.0,ACTUAL,1,38200.0,0.3926701570680628,1.1199319885617127,1.5214138741177121,88,37,25,11,15,False,60,2026-08-24 09:00:20,36500.0,67.0,203.390026,219.0449571609497,15,0.395778364116095,0.9283819628647214,1.8741633199464525,4.820936639118457,5.110497237569061,,0.12811989251779826,0.2589803174958703,-0.562309379084734,-0.7002260177953252,
2026-08-24 09:04:00,v1.6.2,MAIN,KOSDAQ,124500,아이티센글로벌,37900.0,16.59,323458,74389000000.0,12259058200.0,74389000000.0,ACTUAL,1,38350.0,1.1734028683181226,1.1282000727978645,1.4608280154095592,82,37,19,11,15,False,60,2026-08-24 09:00:20,36500.0,67.0,219.327697,234.94759130477905,16,-0.39421813403416556,0.0,0.6640106241699867,4.551724137931035,5.277777777777778,,0.6484684851160228,1.1734028683181226,0.08199768414349773,-0.6001305559656429,
2026-08-24 09:04:15,v1.6.2,MAIN,KOSDAQ,124500,아이티센글로벌,37600.0,15.67,341409,75703000000.0,12836978400.0,75703000000.0,ACTUAL,1,38350.0,1.955671447196871,1.1110409909447143,1.382743300108948,82,37,19,11,15,False,60,2026-08-24 09:00:20,36500.0,67.0,235.099694,250.8856589794159,17,-0.79155672823219,-1.1826544021024967,-0.2652519893899204,2.73224043715847,4.1551246537396125,,1.5630012901288082,1.6911211826466066,1.819245799175043,0.45498931895676176,
2026-08-24 09:04:31,v1.6.2,MAIN,KOSDAQ,124500,아이티센글로벌,37750.0,16.28,355732,76658000000.0,13428883000.0,76658000000.0,ACTUAL,1,38350.0,1.564537157757497,1.0835053003533568,1.2711569453526723,79,37,19,11,12,False,60,2026-08-24 09:00:20,36500.0,67.0,251.060654,266.65486121177673,18,0.39893617021276595,-0.395778364116095,-0.395778364116095,1.7520215633423182,3.994490358126722,,0.39113428943937434,1.039602774555397,1.2957199534564217,0.6095576216047002,
2026-08-24 09:04:48,v1.6.2,MAIN,KOSDAQ,124500,아이티센글로벌,37750.0,15.82,362640,77126000000.0,13689660000.0,77126000000.0,ACTUAL,1,38350.0,1.564537157757497,1.0644822922129904,1.1991429024919316,79,37,19,11,12,False,60,2026-08-24 09:00:20,36500.0,67.0,267.15965,282.6150915622711,19,0.0,0.39893617021276595,-0.7884362680683311,1.07095046854083,4.137931034482759,,-0.3911342894393741,1.171867000689434,1.4308473181853043,0.47313197358287207,
2026-08-24 09:07:59,v1.6.2,MAIN,KOSPI,002990,금호건설,16140.0,9.42,1569572,24254000000.0,25332892080.0,24254000000.0,ACTUAL,30,16200.0,0.3703703703703704,1.1770929386071343,1.1828070918447704,77,24,25,16,12,True,60,2026-08-24 09:07:59,16140.0,77.0,0.002004,438.2647967338562,29,0.49813200498132004,0.3731343283582089,0.12406947890818859,0.8119925046845722,1.509433962264151,4.129032258064516,-0.3703703703703704,0.12284561789512288,,,
2026-08-24 09:08:30,v1.6.2,MAIN,KOSDAQ,086520,에코프로,86800.0,6.3,142453,31403000000.0,12364920400.0,31403000000.0,ACTUAL,4,87300.0,0.572737686139748,1.1833220287889066,1.3525345840889453,82,29,22,16,15,True,60,2026-08-24 09:08:14,86900.0,63.0,15.683373,501.55550169944763,33,-0.11507479861910241,0.5793742757821553,-0.11507479861910241,1.4018691588785046,1.7584994138335288,2.843601895734597,-0.23186001500967734,0.4577951574041158,,,
2026-08-24 09:08:33,v1.6.2,MAIN,KOSPI,001210,금호전기,9550.0,13.01,2848824,26093000000.0,27206269200.0,26093000000.0,ACTUAL,29,9740.0,1.9507186858316223,1.3036722458156382,1.267177453612168,75,24,19,20,12,False,60,2026-08-24 09:08:30,9550.0,75.0,2.755744,485.56643319129944,32,-0.10460251046025104,-0.5208333333333333,0.8447729672650475,1.92102454642476,1.92102454642476,6.584821428571429,1.2268303714572686,-0.11753364095224539,,,
2026-08-24 09:08:44,v1.6.2,MAIN,KOSDAQ,086520,에코프로,86700.0,6.24,144542,31997000000.0,12531791400.0,31997000000.0,ACTUAL,4,87300.0,0.6872852233676976,1.1513025331030513,1.2533448948623456,79,29,22,16,12,True,60,2026-08-24 09:08:14,86900.0,63.0,29.758959,517.4919214248657,34,-0.1152073732718894,-0.23014959723820483,0.3472222222222222,1.048951048951049,1.2850467289719625,2.3612750885478158,0.22909507445589916,-0.002369949046095554,,,
2026-08-24 09:09:03,v1.6.2,MAIN,KOSPI,002990,금호건설,16190.0,9.69,1832151,28325000000.0,29662524690.0,28325000000.0,ACTUAL,25,16260.0,0.43050430504305043,1.1678486022924053,1.167293376793164,77,24,25,16,12,True,60,2026-08-24 09:07:59,16140.0,77.0,63.631141,501.75166392326355,33,0.6840796019900498,0.18564356435643564,0.30978934324659235,0.4342431761786601,2.080706179066835,5.12987012987013,-0.18450184501845018,0.06013393467268002,0.1829795525678029,,
2026-08-24 09:09:03,v1.6.2,MAIN,KOSDAQ,086520,에코프로,87300.0,5.75,155473,32558000000.0,13572792900.0,32558000000.0,ACTUAL,4,87300.0,0.0,1.1379539338016846,1.2719708745807086,77,29,25,11,12,True,60,2026-08-24 09:08:14,86900.0,63.0,48.346195,533.3173775672913,35,0.6920415224913495,0.5760368663594471,1.1587485515643106,1.2761020881670533,1.8669778296382729,2.464788732394366,-0.572737686139748,-0.8045977011494253,,,
2026-08-24 09:09:18,v1.6.2,MAIN,KOSDAQ,086520,에코프로,87600.0,7.1,163503,34753000000.0,14322862800.0,34753000000.0,ACTUAL,4,87700.0,0.11402508551881414,1.1252752234166559,1.2027231801329958,77,29,25,11,12,True,60,2026-08-24 09:08:14,86900.0,63.0,64.076897,548.899744272232,36,0.3436426116838488,1.0380622837370241,0.805523590333717,1.3888888888888888,2.336448598130841,3.180212014134275,-0.5732601378488834,-0.3441650633929843,,,
2026-08-24 09:09:31,v1.6.2,MAIN,KOSDAQ,086520,에코프로,87700.0,7.1,169572,35184000000.0,14871464400.0,35184000000.0,ACTUAL,4,87800.0,0.11389521640091116,1.1204025093143968,1.1903715611464833,77,29,25,11,12,True,60,2026-08-24 09:08:14,86900.0,63.0,76.539384,564.6402940750122,37,0.1141552511415525,0.45819014891179843,1.0368663594470047,0.9205983889528193,2.2144522144522143,3.541912632821724,0.11389521640091116,-0.4588424697388368,-0.0010473123347210234,,
2026-08-24 09:09:47,v1.6.2,MAIN,KOSDAQ,086520,에코프로,87500.0,7.22,177157,36833000000.0,15501237500.0,36833000000.0,ACTUAL,4,87900.0,0.4550625711035267,1.1511391692971216,1.2256437575237646,82,29,25,16,12,True,60,2026-08-24 09:08:14,86900.0,63.0,92.755941,580.0963180065155,38,-0.22805017103762829,-0.1141552511415525,0.922722029988466,1.2731481481481481,1.5081206496519721,3.3057851239669422,0.3410374855847126,-0.23222265226417088,-0.23459260131026644,,
2026-08-24 09:10:04,v1.6.2,MAIN,KOSDAQ,086520,에코프로,87900.0,7.1,186846,37131000000.0,16423763400.0,37131000000.0,ACTUAL,4,88000.0,0.11363636363636363,1.140457030530131,1.2017906646170076,77,29,25,11,12,True,60,2026-08-24 09:08:14,86900.0,63.0,109.913874,595.3327012062073,39,0.4571428571428572,0.22805017103762829,0.6872852233676976,1.8539976825028968,1.7361111111111112,3.53356890459364,-0.00025885276454752637,0.11363636363636363,-0.6909613375130617,,
2026-08-24 09:10:18,v1.6.2,MAIN,KOSDAQ,086520,에코프로,87600.0,7.34,188164,38337000000.0,16483166400.0,38337000000.0,ACTUAL,4,88000.0,0.45454545454545453,1.1774986178512195,1.2102680208139034,82,29,25,16,12,True,60,2026-08-24 09:08:14,86900.0,63.0,124.011322,594.4827029705048,39,-0.3412969283276451,0.1142857142857143,0.0,0.805523590333717,0.805523590333717,2.937720329024677,-0.0005171165580721837,0.3405203690266404,-0.0036446943663439035,0.3396029258098223,
2026-08-24 09:10:18,v1.6.2,MAIN,KOSPI,066970,엘앤에프,119300.0,14.35,162724,43142000000.0,19412973200.0,43142000000.0,ACTUAL,17,119700.0,0.3341687552213868,1.119118028534371,1.1876537262887463,77,29,25,11,12,True,60,2026-08-24 09:07:28,118300.0,63.0,170.503071,594.4827029705048,39,0.08389261744966443,0.6751054852320675,0.84530853761623,1.1874469889737065,0.84530853761623,2.9335634167385676,0.08164350269613424,-0.08670666565403407,-0.4234070023543708,-0.08670666565403407,
2026-08-24 09:10:33,v1.6.2,MAIN,KOSPI,066970,엘앤에프,119800.0,14.64,167118,44070000000.0,20020736400.0,44070000000.0,ACTUAL,17,119900.0,0.08340283569641367,1.1202908129543951,1.17484375768909,77,29,25,11,12,True,60,2026-08-24 09:07:28,118300.0,63.0,185.550248,594.10710978508,39,0.4191114836546521,0.5033557046979865,1.439458086367485,1.439458086367485,1.267962806424345,2.9209621993127146,-0.16764318940818884,-0.5058227535291755,-0.5058227535291755,-0.3374725851790072,
2026-08-24 09:10:49,v1.6.2,MAIN,KOSPI,066970,엘앤에프,120500.0,15.22,174842,46184000000.0,21068461000.0,46184000000.0,ACTUAL,17,120600.0,0.08291873963515754,1.1602562492149227,1.194161760487385,82,29,25,16,12,True,60,2026-08-24 09:07:28,118300.0,63.0,201.39677,594.7945034503937,39,0.5843071786310517,1.0058675607711651,1.6877637130801686,2.032176121930567,2.6405451448040886,2.6405451448040886,-0.2512500155862292,-0.16960651289009498,-0.5063068495904317,-1.0955324388160208,
2026-08-24 09:11:51,v1.6.2,MAIN,KOSPI,066970,엘앤에프,121300.0,16.27,192231,50358000000.0,23317620300.0,50358000000.0,ACTUAL,17,121300.0,0.0,1.0903776199549629,1.0994555084018713,78,33,25,11,9,True,60,2026-08-24 09:07:28,118300.0,63.0,263.597361,594.7068479061127,39,0.9571369121930919,0.6639004149377593,0.6639004149377593,2.3628691983122363,2.7095681625740897,3.058623619371283,-0.16570008285004142,-0.08291873963515754,-0.25252525252525254,-0.5892255892255892,
2026-08-24 09:12:07,v1.6.2,MAIN,KOSPI,066970,엘앤에프,121300.0,16.08,192231,50678000000.0,23317620300.0,50678000000.0,ACTUAL,17,121300.0,0.0,1.0685023930506652,1.0623549306983222,78,33,25,11,9,True,60,2026-08-24 09:07:28,118300.0,63.0,279.559744,594.7404115200043,39,0.0,0.9571369121930919,1.2520868113522539,1.761744966442953,3.234042553191489,2.3628691983122363,-0.4556752278376139,-0.7456503728251864,-0.2510460251046025,-1.0942760942760943,
2026-08-24 09:13:55,v1.6.2,MAIN,KOSDAQ,086520,에코프로,88400.0,7.96,275090,50719000000.0,24317956000.0,50719000000.0,ACTUAL,3,88600.0,0.2257336343115124,1.081751482318816,1.1200960931615058,78,33,25,11,9,True,60,2026-08-24 09:08:14,86900.0,63.0,340.688548,593.6983075141907,39,-0.2257336343115124,0.0,0.798175598631699,0.22675736961451248,0.45454545454545453,1.2600229095074456,0.2257336343115124,-0.45376806444273454,0.11248335118580456,0.11222625633194372,0.2257336343115124
2026-08-24 09:14:11,v1.6.2,MAIN,KOSDAQ,086520,에코프로,88300.0,8.2,277644,51226000000.0,24515965200.0,51226000000.0,ACTUAL,3,88600.0,0.33860045146726864,1.0852736170843837,1.1197128569124053,78,33,25,11,9,True,60,2026-08-24 09:08:14,86900.0,63.0,356.258249,593.3697810173035,39,-0.11312217194570137,-0.33860045146726864,0.4550625711035267,0.22701475595913734,0.9142857142857144,0.7990867579908676,0.33860045146726864,-0.11440068103556267,0.11209988521585298,-0.3424438164101434,0.2245753659484545
2026-08-24 09:14:26,v1.6.2,MAIN,KOSPI,066970,엘앤에프,123300.0,17.7,205090,57492000000.0,25287597000.0,57492000000.0,ACTUAL,15,123900.0,0.48426150121065376,1.0867847488705318,1.0668934771186749,78,33,25,11,9,True,60,2026-08-24 09:07:28,118300.0,63.0,418.33386,593.1598179340363,39,1.6488046166529264,1.6488046166529264,1.6488046166529264,1.6488046166529264,2.323651452282158,4.403048264182896,0.48426150121065376,0.48426150121065376,0.48426150121065376,0.31856141836061236,-0.10496408801493545
2026-08-24 09:14:26,v1.6.2,MAIN,KOSDAQ,086520,에코프로,88700.0,8.2,283459,51840000000.0,25142813300.0,51840000000.0,ACTUAL,3,88800.0,0.11261261261261261,1.0704993185478875,1.1038552903150434,78,33,25,11,9,True,60,2026-08-24 09:08:14,86900.0,63.0,371.854225,593.1598179340363,39,0.4530011325028313,0.3393665158371041,0.3393665158371041,0.7954545454545454,1.2557077625570776,1.1402508551881414,-0.11312102169889977,0.11261261261261261,-0.22713823676451084,-0.4549242772852307,-0.0012826037882985447
2026-08-24 09:14:42,v1.6.2,MAIN,KOSPI,066970,엘앤에프,124200.0,18.85,211832,58863000000.0,26309534400.0,58863000000.0,ACTUAL,15,124500.0,0.24096385542168677,1.1070091963966675,1.101965863986558,78,33,25,11,9,True,60,2026-08-24 09:07:28,118300.0,63.0,434.47613,592.7902290821075,39,0.7299270072992701,2.390766694146744,2.390766694146744,2.390766694146744,3.3707865168539324,4.810126582278481,0.24096385542168677,0.24096385542168677,0.24096385542168677,-0.2147113724159271,-0.011561397103565768
2026-08-24 09:14:42,v1.6.2,MAIN,KOSDAQ,086520,에코프로,88800.0,8.81,289276,52994000000.0,25687708800.0,52994000000.0,ACTUAL,3,88900.0,0.11248593925759282,1.0689662128088755,1.0800610828389332,78,33,25,11,9,True,60,2026-08-24 09:08:14,86900.0,63.0,388.001199,592.7902290821075,39,0.11273957158962795,0.5662514156285391,0.2257336343115124,0.9090909090909091,1.6018306636155606,1.4857142857142858,-0.22611451220967582,0.11248593925759282,-0.22726491011953065,-0.6820657065993878,-0.3425766318459339
2026-08-24 09:14:58,v1.6.2,MAIN,KOSPI,066970,엘앤에프,124000.0,17.8,216359,59902000000.0,26828516000.0,59902000000.0,ACTUAL,15,124500.0,0.4016064257028112,1.1187434633198865,1.1255156556434707,78,33,25,11,9,True,60,2026-08-24 09:07:28,118300.0,63.0,449.790839,592.8490610122681,39,-0.1610305958132045,0.5677210056772101,2.225886232481451,2.225886232481451,2.225886232481451,4.026845637583892,-0.08265507550784257,0.4016064257028112,0.4016064257028112,0.4016064257028112,0.1505604005982087
2026-08-24 09:14:58,v1.6.2,MAIN,KOSDAQ,086520,에코프로,88600.0,8.38,292965,53886000000.0,25956699000.0,53886000000.0,ACTUAL,3,88900.0,0.3374578177727784,1.0624420828486365,1.064978734232433,78,33,25,11,9,True,60,2026-08-24 09:08:14,86900.0,63.0,403.325041,592.8490610122681,39,-0.22522522522522523,-0.11273957158962795,0.22624434389140274,1.0262257696693273,0.45351473922902497,0.7963594994311717,0.22484520516016576,0.111724183461266,-0.34204388098146854,0.22420753464707055,0.22382145413641474
2026-08-24 09:15:14,v1.6.2,MAIN,KOSPI,066970,엘앤에프,124400.0,18.95,222033,61130000000.0,27620905200.0,61130000000.0,ACTUAL,15,124600.0,0.16051364365971107,1.1340531314930247,1.1550322268520685,81,33,25,11,12,True,60,2026-08-24 09:07:28,118300.0,63.0,466.557696,593.0728724002838,39,0.3225806451612903,0.1610305958132045,2.555647155812036,2.555647155812036,2.555647155812036,4.274937133277452,-0.0804502117619757,0.16051364365971107,0.16051364365971107,0.16051364365971107,-0.1736551115616757
2026-08-24 09:15:14,v1.6.2,MAIN,KOSDAQ,086520,에코프로,88700.0,8.32,295538,54199000000.0,26214220600.0,54199000000.0,ACTUAL,3,88900.0,0.22497187851518563,1.0580369343692657,1.06444943884975,78,33,25,11,9,True,60,2026-08-24 09:08:14,86900.0,63.0,420.080498,593.0728724002838,39,0.1128668171557562,-0.11261261261261261,0.4530011325028313,0.9101251422070534,0.681044267877412,1.2557077625570776,0.11248593925759282,-0.113628572952083,-0.22802925398764567,-0.0015286877362300222,-0.2295735760302689
2026-08-24 09:15:30,v1.6.2,MAIN,KOSDAQ,086520,에코프로,88600.0,8.57,297839,54453000000.0,26388535400.0,54453000000.0,ACTUAL,3,88900.0,0.3374578177727784,1.0504050925925925,1.0507304407339333,78,33,25,11,9,True,60,2026-08-24 09:08:14,86900.0,63.0,435.649941,592.9981253147125,39,-0.11273957158962795,0.0,-0.11273957158962795,0.22624434389140274,0.6818181818181818,0.9111617312072893,0.0,0.22484520516016576,0.3374578177727784,-0.002293031604345075,0.11018509050005112
2026-08-24 09:15:30,v1.6.2,MAIN,KOSPI,066970,엘앤에프,123700.0,18.47,226478,62151000000.0,28015328600.0,62151000000.0,ACTUAL,15,124600.0,0.7223113964686998,1.0810373617198914,1.1042859232532058,75,33,22,11,9,True,60,2026-08-24 09:07:28,118300.0,63.0,482.137549,592.9981253147125,39,-0.5627009646302251,-0.24193548387096775,0.32441200324412006,1.9785655399835118,1.9785655399835118,3.25542570951586,0.3207049707658886,0.23804989525804604,0.7223113964686998,0.7223113964686998,0.6389085607722861
2026-08-24 09:15:46,v1.6.2,MAIN,KOSPI,066970,엘앤에프,123600.0,18.18,231797,63124000000.0,28650109200.0,63124000000.0,ACTUAL,15,124600.0,0.8025682182985553,1.072388427365238,1.0942492163601345,75,33,22,11,9,True,60,2026-08-24 09:07:28,118300.0,63.0,498.061391,592.7449972629547,39,-0.08084074373484236,-0.6430868167202572,-0.4830917874396135,1.8961253091508656,1.8961253091508656,2.572614107883817,0.6420545746388442,0.5616043628768685,0.8025682182985553,0.8025682182985553,0.7196494786633978
2026-08-24 09:16:19,v1.6.2,MAIN,KOSPI,066970,엘앤에프,123400.0,18.09,238444,64414000000.0,29423989600.0,64414000000.0,ACTUAL,15,124600.0,0.9630818619582664,1.0537215769671193,1.0739124364396284,75,33,22,11,9,True,60,2026-08-24 09:07:28,118300.0,63.0,531.316911,593.0702369213104,39,0.4885993485342019,-0.16181229773462785,-0.8038585209003215,1.7312448474855728,1.7312448474855728,2.406639004149378,0.1605136436597111,0.8025682182985553,0.9630818619582664,0.9630818619582664,0.7973817791082249
2026-08-24 09:19:23,v1.6.2,MAIN,KOSDAQ,124500,아이티센글로벌,38150.0,16.59,750906,102651000000.0,28647063900.0,102651000000.0,ACTUAL,1,38350.0,0.5215123859191656,1.0211184943498328,1.0539889562939861,76,40,22,5,9,True,60,2026-08-24 09:00:20,36500.0,67.0,1143.121507,590.6358976364136,39,1.7333333333333332,2.0053475935828877,2.14190093708166,2.14190093708166,3.387533875338753,4.951856946354883,-1.9556714471968708,-2.0860495436766624,-2.0860495436766624,-3.2594524119947854,-4.69361147327249
2026-08-24 09:19:40,v1.6.2,MAIN,KOSPI,066970,엘앤에프,122900.0,17.61,287900,73367000000.0,35382910000.0,73367000000.0,ACTUAL,15,124600.0,1.3643659711075442,1.0519320381389348,1.0769098410632194,76,37,19,11,9,True,60,2026-08-24 09:07:28,118300.0,63.0,731.908582,590.5906188488007,39,0.40849673202614384,0.40849673202614384,0.8203445447087777,0.9860312243221034,0.40849673202614384,-1.0466988727858293,-0.4012841091492776,-0.802568218298555,-0.9630818619582666,-0.4012841091492776,1.1234021156858573
2026-08-24 09:20:12,v1.6.2,MAIN,KOSDAQ,124500,아이티센글로벌,38050.0,16.59,781453,105663000000.0,29734286650.0,105663000000.0,ACTUAL,1,38350.0,0.7822685788787485,1.0428641926569286,1.076986791475099,76,40,22,5,9,True,60,2026-08-24 09:00:20,36500.0,67.0,1191.177683,591.3608951568604,39,0.2635046113306983,0.3295978905735003,1.4666666666666666,1.8741633199464525,2.560646900269542,3.819918144611187,-0.32594524119947854,-1.4341590612777055,-1.8252933507170794,-2.4771838331160367,-3.6505867014341593
2026-08-24 09:20:26,v1.6.2,MAIN,KOSDAQ,124500,아이티센글로벌,38200.0,16.9,804781,106549000000.0,30742634200.0,106549000000.0,ACTUAL,1,38350.0,0.3911342894393742,1.0379733270986158,1.0717466633639896,79,40,25,5,9,True,60,2026-08-24 09:00:20,36500.0,67.0,1205.683498,592.0602180957794,39,0.39421813403416556,0.6587615283267457,0.1310615989515072,2.2757697456492636,2.2757697456492636,4.514363885088919,-0.651890482398957,-0.13037809647979137,-2.2164276401564535,-2.2164276401564535,-4.302477183833116
2026-08-24 09:20:43,v1.6.2,MAIN,KOSDAQ,124500,아이티센글로벌,38150.0,17.2,815925,108170000000.0,31127538750.0,108170000000.0,ACTUAL,1,38350.0,0.5215123859191656,1.0362798539992144,1.0635060081881849,76,40,22,5,9,True,60,2026-08-24 09:00:20,36500.0,67.0,1222.394192,591.6148154735565,39,-0.13089005235602094,0.2628120893561104,0.5932762030323006,2.278820375335121,2.14190093708166,4.951856946354883,-0.26075619295958286,-0.5867014341590614,-2.2164276401564535,-2.0860495436766624,-4.69361147327249
2026-08-24 09:20:58,v1.6.2,MAIN,KOSDAQ,124500,아이티센글로벌,38300.0,17.97,837596,109796000000.0,32079926800.0,109796000000.0,ACTUAL,1,38500.0,0.5194805194805194,1.0425584442714169,1.0794514051235524,76,40,22,5,9,True,60,2026-08-24 09:00:20,36500.0,67.0,1237.699446,591.4852662086487,39,0.39318479685452157,0.2617801047120419,0.922266139657444,2.406417112299465,2.2696929238985315,4.7879616963064295,0.1283462300411452,-0.5235442523578118,-1.9577033136355169,-1.8273252171557257,-4.174130953791971
2026-08-24 09:21:14,v1.6.2,MAIN,KOSDAQ,124500,아이티센글로벌,38200.0,17.36,846427,110649000000.0,32333511400.0,110649000000.0,ACTUAL,1,38500.0,0.7792207792207793,1.0471877573038813,1.0831451155731695,76,40,22,5,9,True,60,2026-08-24 09:00:20,36500.0,67.0,1253.294332,590.8497252464294,39,-0.26109660574412535,0.1310615989515072,0.39421813403416556,1.866666666666667,2.2757697456492636,3.523035230352303,0.25770839330161366,-0.003047799657969197,-1.4372068609356747,-1.8283411503750486,-3.001744018693172
2026-08-24 09:21:30,v1.6.2,MAIN,KOSDAQ,124500,아이티센글로벌,38350.0,18.13,855916,111446000000.0,32824378600.0,111446000000.0,ACTUAL,1,38500.0,0.38961038961038963,1.0459600747074116,1.0635390249024268,79,40,25,5,9,True,60,2026-08-24 09:00:20,36500.0,67.0,1269.662248,591.3795764446259,39,0.3926701570680628,0.13054830287206268,0.3926701570680628,0.5242463958060288,2.677376171352075,3.9295392953929538,-0.1298701298701298,-0.0015238998289845984,-0.13190199630877597,-2.2179515399854384,-3.3913544083035614
2026-08-24 09:21:30,v1.6.2,MAIN,KOSPI,006400,삼성SDI,516000.0,7.53,152579,161134000000.0,78730764000.0,161134000000.0,ACTUAL,8,519000.0,0.5780346820809248,1.0189776959900843,1.052660990989748,76,40,22,5,9,True,60,2026-08-24 09:18:54,513000.0,68.0,155.582697,591.3795764446259,39,0.38910505836575876,0.1941747572815534,0.1941747572815534,0.5847953216374269,0.5847953216374269,0.0,-0.19267822736030837,-0.19267822736030837,-0.5780346820809248,,
2026-08-24 09:21:45,v1.6.2,MAIN,KOSPI,006400,삼성SDI,517000.0,8.16,153098,165129000000.0,79151666000.0,165129000000.0,ACTUAL,8,519000.0,0.3853564547206166,1.0405890804597702,1.0534362700575235,79,40,25,5,9,True,60,2026-08-24 09:18:54,513000.0,68.0,171.013297,591.615909576416,39,0.1937984496124031,0.5836575875486382,0.1937984496124031,0.5836575875486382,1.1741682974559686,0.3883495145631068,-0.5780346820809248,-0.1926782273603082,-0.5780346820809248,,
2026-08-24 09:21:45,v1.6.2,MAIN,KOSDAQ,124500,아이티센글로벌,38300.0,18.13,864264,112064000000.0,33101311200.0,112064000000.0,ACTUAL,1,38500.0,0.5194805194805194,1.0359988906351114,1.0592444158470449,76,40,22,5,9,True,60,2026-08-24 09:00:20,36500.0,67.0,1285.113811,591.615909576416,39,-0.1303780964797914,0.2617801047120419,0.39318479685452157,0.988793671720501,2.680965147453083,3.934871099050204,-0.2597402597402598,-0.0020318664386461682,-0.5887333005977076,-2.2184595065950994,-3.391862374913223
2026-08-24 09:23:34,v1.6.2,MAIN,KOSPI,006400,삼성SDI,521000.0,8.47,176971,175139000000.0,92201891000.0,175139000000.0,ACTUAL,8,522000.0,0.19157088122605362,1.0403328799101865,1.1125493499635377,79,40,25,5,9,True,60,2026-08-24 09:18:54,513000.0,68.0,279.478294,591.8257601261139,39,0.5791505791505791,0.5791505791505791,0.5791505791505791,0.9689922480620154,1.1650485436893203,1.9569471624266144,-0.001107346134254672,-0.001107346134254672,-0.3864638008548712,-0.5791420282151796,
2026-08-24 09:23:49,v1.6.2,MAIN,KOSPI,006400,삼성SDI,521000.0,9.0,179122,191059000000.0,93322562000.0,191059000000.0,ACTUAL,7,522000.0,0.19157088122605362,1.1173759715537257,1.1159623447906348,85,40,25,11,9,True,60,2026-08-24 09:18:54,513000.0,68.0,294.888964,591.4772639274597,39,0.0,0.5791505791505791,0.5791505791505791,0.7736943907156674,0.9689922480620154,1.5594541910331383,-0.001107346134254672,-0.001107346134254672,-0.19378557349456296,-0.3864638008548712,-0.964498482935796
2026-08-24 09:24:06,v1.6.2,MAIN,KOSPI,006400,삼성SDI,519000.0,8.58,181675,193625000000.0,94289325000.0,193625000000.0,ACTUAL,7,522000.0,0.5747126436781609,1.1239623846287805,1.127624710606841,82,40,22,11,9,True,60,2026-08-24 09:18:54,513000.0,68.0,311.221142,591.2764339447021,39,-0.3838771593090211,-0.3838771593090211,0.19305019305019305,0.5813953488372093,0.7766990291262136,0.9727626459143969,0.3831417624521073,0.3820344163178526,-0.003322038402763905,-0.19600026576307228,-0.38867849312338043
2026-08-24 09:24:21,v1.6.2,MAIN,KOSPI,006400,삼성SDI,518500.0,8.58,183831,195392000000.0,95316373500.0,195392000000.0,ACTUAL,7,522000.0,0.6704980842911877,1.1240924624040685,1.1295299539170507,82,40,22,11,9,True,60,2026-08-24 09:18:54,513000.0,68.0,326.51978,591.0486037731171,39,-0.09633911368015415,-0.47984644913627633,0.09652509652509653,0.3872216844143272,0.8754863813229572,1.0721247563352825,0.47892720306513414,0.47781985693087947,0.18880251589041708,-0.2928930525103536,-0.48557127987066184
2026-08-24 09:24:37,v1.6.2,MAIN,KOSPI,006400,삼성SDI,517500.0,8.37,185125,196541000000.0,95802187500.0,196541000000.0,ACTUAL,7,522000.0,0.8620689655172413,1.1222000810784576,1.0460753456781056,77,40,22,11,4,True,60,2026-08-24 09:18:54,513000.0,68.0,342.670109,590.7700004577637,39,-0.19286403085824494,-0.2890173410404624,-0.6717850287907869,-0.09652509652509653,0.29069767441860467,0.6809338521400778,0.28735632183908044,0.6704980842911877,0.6693907381569331,0.28403428343631654,-0.10132217128429999
2026-08-24 09:27:27,v1.6.2,MAIN,KOSDAQ,124500,아이티센글로벌,38550.0,18.59,1000747,122191000000.0,38578796850.0,122191000000.0,ACTUAL,1,38700.0,0.3875968992248062,1.0388447739368485,1.0596374086215514,79,40,25,5,9,True,60,2026-08-24 09:00:20,36500.0,67.0,1626.891513,592.0003054141998,39,-0.258732212160414,0.9162303664921465,0.390625,1.8494055482166447,1.4473684210526316,1.0484927916120577,-0.39162387999597303,0.1278566394845465,-1.300714789086882,-0.9111043994764925,-0.5214940098661028
2026-08-24 09:29:02,v1.6.2,MAIN,KOSDAQ,124500,아이티센글로벌,38900.0,19.05,1079710,127072000000.0,42000719000.0,127072000000.0,ACTUAL,1,38900.0,0.0,1.0307258038350475,1.0595645001584868,79,40,25,5,9,True,60,2026-08-24 09:00:20,36500.0,67.0,1721.346813,592.872298002243,39,0.646830530401035,0.7772020725388601,1.9659239842726082,1.832460732984293,1.5665796344647518,2.91005291005291,-0.2583979328165375,-1.421188630490956,-0.7792207792207793,-0.5194805194805194,-1.8181818181818181
2026-08-24 09:29:19,v1.6.2,MAIN,KOSDAQ,124500,아이티센글로벌,38900.0,19.82,1079710,129026000000.0,42000719000.0,129026000000.0,ACTUAL,1,38900.0,0.0,1.0415570157735836,1.054248836353233,79,40,25,5,9,True,60,2026-08-24 09:00:20,36500.0,67.0,1739.077977,592.6219637393951,39,0.0,0.646830530401035,1.0389610389610389,0.646830530401035,1.5665796344647518,3.183023872679045,-0.25806451612903225,-0.516795865633075,-0.12919896640826875,-0.5194805194805194,-2.0779220779220777
2026-08-24 09:32:40,v1.6.2,MAIN,KOSPI,035420,NAVER,233000.0,5.18,462037,274608000000.0,107654621000.0,274608000000.0,ACTUAL,5,234000.0,0.4273504273504274,2.269037546271814,5.9667721314651,100,40,25,20,15,False,60,2026-08-24 09:00:37,233000.0,74.0,1923.280401,593.4228374958038,39,0.0,0.0,0.43103448275862066,0.6479481641468683,0.8658008658008658,1.5250544662309369,,,,,
2026-08-24 09:34:03,v1.6.2,MAIN,KOSPI,035420,NAVER,233500.0,5.07,488731,291112000000.0,114118688500.0,291112000000.0,ACTUAL,5,234000.0,0.2136752136752137,1.0569018911628345,1.055109627723422,85,40,25,11,9,False,60,2026-08-24 09:00:37,233000.0,74.0,2006.836004,595.1843209266663,39,0.322234156820623,0.0,0.0,0.43010752688172044,0.8639308855291578,1.7429193899782136,0.0,0.0,,,
2026-08-24 09:35:50,v1.6.2,MAIN,KOSPI,035420,NAVER,234500.0,5.41,539450,310119000000.0,126501025000.0,310119000000.0,ACTUAL,5,234500.0,0.0,1.048602681364013,1.0756837057198976,79,40,25,5,9,False,60,2026-08-24 09:00:37,233000.0,74.0,2113.244938,594.2725620269775,39,0.2136752136752137,0.6437768240343348,0.4282655246252677,0.7518796992481203,0.6437768240343348,1.5151515151515151,,-0.2136752136752137,,-0.4273504273504274,
2026-08-24 09:36:06,v1.6.2,MAIN,KOSPI,035420,NAVER,235000.0,5.86,544557,314543000000.0,127970895000.0,314543000000.0,ACTUAL,5,235000.0,0.0,1.0605492523222686,1.0815131257522135,85,40,25,11,9,False,60,2026-08-24 09:00:37,233000.0,74.0,2129.214069,593.947500705719,39,0.21321961620469082,0.4273504273504274,0.7502679528403001,0.6423982869379015,0.6423982869379015,1.511879049676026,0.0,-0.3205128205128205,-0.2136752136752137,-0.2136752136752137,
2026-08-24 09:36:22,v1.6.2,MAIN,KOSPI,035420,NAVER,234000.0,5.63,559830,319825000000.0,131000220000.0,319825000000.0,ACTUAL,5,235000.0,0.425531914893617,1.078358649291097,1.111845946686686,85,40,25,11,9,False,60,2026-08-24 09:00:37,233000.0,74.0,2144.941351,593.9477481842041,39,-0.425531914893617,-0.21321961620469082,0.4291845493562232,0.4291845493562232,0.0,0.8620689655172413,0.425531914893617,,,0.425531914893617,
2026-08-24 09:36:37,v1.6.2,MAIN,KOSPI,035420,NAVER,234000.0,5.41,560632,320602000000.0,131187888000.0,320602000000.0,ACTUAL,5,235000.0,0.425531914893617,1.0649566346783061,1.0845099575390031,85,40,25,11,9,False,60,2026-08-24 09:00:37,233000.0,74.0,2160.038467,594.024759054184,39,0.0,-0.425531914893617,0.0,0.21413276231263384,0.21413276231263384,0.8620689655172413,0.425531914893617,0.425531914893617,0.21185670121840333,0.21185670121840333,
2026-08-24 09:36:52,v1.6.2,MAIN,KOSPI,035420,NAVER,234500.0,5.18,568028,323026000000.0,133202566000.0,323026000000.0,ACTUAL,5,235000.0,0.2127659574468085,1.0416195073504042,1.0529761794420243,79,40,25,5,9,False,60,2026-08-24 09:00:37,233000.0,74.0,2175.770045,593.4175131320953,39,0.2136752136752137,0.2136752136752137,0.0,0.4282655246252677,0.7518796992481203,0.8602150537634409,-0.2127659574468085,0.2127659574468085,-0.0009092562284051808,,
2026-08-24 09:37:09,v1.6.2,MAIN,KOSPI,035420,NAVER,234500.0,5.63,573719,325487000000.0,134537105500.0,325487000000.0,ACTUAL,5,235000.0,0.2127659574468085,1.0347933350924994,1.0535517861307448,79,40,25,5,9,False,60,2026-08-24 09:00:37,233000.0,74.0,2191.980952,593.7593703269958,39,0.0,0.2136752136752137,-0.2127659574468085,0.5359056806002144,0.4282655246252677,0.6437768240343348,-0.2127659574468085,0.2127659574468085,-0.10774686306601197,-0.0009092562284051808,
2026-08-24 09:53:19,v1.6.2,MAIN,KOSDAQ,950260,인제니아테라퓨틱스(Reg.S),16550.0,5.39,2484011,40479000000.0,41110382050.0,40479000000.0,ACTUAL,9,17000.0,2.6470588235294117,1.3510112809558774,1.3314025223641401,78,29,14,20,15,False,60,2026-08-24 09:22:14,16570.0,63.0,1864.975181,592.2736120223999,24,0.18159806295399517,0.9762050030506406,0.9762050030506406,0.8531383302864107,1.6584766584766584,1.5337423312883436,,,,,
2026-08-24 09:57:30,v1.6.2,MAIN,KOSDAQ,222800,심텍,107700.0,7.92,265189,56908000000.0,28560855300.0,56908000000.0,ACTUAL,6,107700.0,0.0,1.0504864046665312,1.060149594431985,78,33,25,11,9,False,60,2026-08-24 09:14:42,106600.0,63.0,2567.503024,594.4656755924225,33,0.6542056074766356,0.6542056074766356,1.1267605633802817,1.5080113100848256,1.317027281279398,1.317027281279398,-0.18656716417910446,-0.5602240896358543,-0.9337068160597572,-0.7469654528478058,-0.7469654528478058
2026-08-24 09:58:58,v1.6.2,MAIN,KOSDAQ,222800,심텍,108000.0,8.73,280800,60221000000.0,30326400000.0,60221000000.0,ACTUAL,6,108800.0,0.7352941176470588,1.0535330032714614,1.053010530105301,75,33,22,11,9,False,60,2026-08-24 09:14:42,106600.0,63.0,2655.507713,588.8912017345428,31,-0.2770083102493075,-0.2770083102493075,0.46511627906976744,0.8874357776739842,1.694915254237288,1.5992474129821261,0.27573529411764697,0.5495930962914413,0.5953687445127305,-0.10504201680672276,-0.011671335200747035
2026-08-24 10:08:47,v1.6.2,MAIN,KOSDAQ,222800,심텍,109200.0,9.93,332163,71252000000.0,36272199600.0,71252000000.0,ACTUAL,5,110500.0,1.1764705882352942,1.0537742546142925,1.0510456252709386,76,37,19,11,9,False,60,2026-08-24 09:14:42,106600.0,63.0,3244.71527,593.4378323554993,32,-0.4557885141294439,-1.042138649750793,-0.09149130832570906,-0.09149130832570906,-0.09149130832570906,1.0175763182238668,1.1311807331628303,0.7210971820422158,1.1764705882352942,1.1764705882352942,0.16914458090928686
2026-08-24 10:11:14,v1.6.2,MAIN,KOSPI,475150,SK이터닉스,54300.0,5.65,972661,51399000000.0,52815492300.0,51399000000.0,ACTUAL,50,54400.0,0.1838235294117647,1.0749780399046305,1.0743539755562797,78,33,25,11,9,False,60,2026-08-24 09:39:43,54000.0,63.0,1891.526421,581.8249895572662,33,0.8356545961002786,0.929368029739777,0.929368029739777,1.4953271028037385,1.1173184357541899,0.929368029739777,,,,,
2026-08-24 10:48:46,v1.6.2,MAIN,KOSDAQ,257720,실리콘투,50000.0,5.14,939205,85247000000.0,46960250000.0,85247000000.0,ACTUAL,6,50800.0,1.574803149606299,1.754233974688754,2.011675451992709,91,37,19,20,15,False,60,2026-08-24 09:33:47,50100.0,63.0,4499.302006,585.7302198410034,31,0.0,0.0,0.10010010010010009,0.10010010010010009,0.10010010010010009,0.4016064257028112,,,,,
2026-08-24 11:21:24,v1.6.2,MAIN,KOSPI,128940,한미약품,494500.0,16.97,174980,150767000000.0,86527610000.0,150767000000.0,ACTUAL,24,496500.0,0.4028197381671702,1.0926095022755602,1.09058499432831,85,40,25,11,9,False,60,2026-08-24 11:20:10,481500.0,74.0,74.233701,590.3028359413147,32,2.806652806652807,2.699896157840083,2.699896157840083,2.063983488132095,4.324894514767933,9.040793825799339,0.4028197381671702,0.4028197381671702,,,
2026-08-24 11:28:53,v1.6.2,MAIN,KOSPI,008930,한미사이언스,50100.0,9.79,450178,39311000000.0,22553917800.0,39311000000.0,ACTUAL,81,50100.0,0.0,1.2390393040627856,1.0894917715392063,79,29,25,16,9,False,60,2026-08-24 11:27:52,49550.0,60.0,61.01485,583.3287312984467,28,0.0,0.0,1.109989909182644,5.69620253164557,6.256627783669141,7.510729613733906,0.0,-0.8008008008008007,,,
2026-08-24 11:39:47,v1.6.2,MAIN,KOSPI,008930,한미사이언스,49550.0,10.57,781087,72333000000.0,38702860850.0,72333000000.0,ACTUAL,52,50200.0,1.294820717131474,1.0501001713074534,1.0538965542365701,76,37,19,11,9,False,60,2026-08-24 11:27:52,49550.0,60.0,715.673271,592.6550533771515,30,0.30364372469635625,0.30364372469635625,0.9164969450101833,2.1649484536082473,2.059732234809475,3.4446764091858038,-0.298804780876494,-0.8964143426294824,-2.091633466135458,-1.99203187250996,-3.286852589641435
2026-08-24 11:40:02,v1.6.2,MAIN,KOSPI,008930,한미사이언스,49600.0,10.23,790026,73378000000.0,39185289600.0,73378000000.0,ACTUAL,51,50200.0,1.1952191235059761,1.0652710432333556,1.0659576707297658,76,37,19,11,9,False,60,2026-08-24 11:27:52,49550.0,60.0,730.413886,592.0467658042908,30,0.10090817356205853,0.10090817356205853,0.7106598984771574,1.9527235354573484,1.9527235354573484,3.87434554973822,-0.09960159362549792,-0.6972111553784861,-1.892430278884462,-1.892430278884462,-3.6852589641434266
2026-08-24 11:40:18,v1.6.2,MAIN,KOSPI,008930,한미사이언스,49200.0,10.12,797741,74073000000.0,39248857200.0,74073000000.0,ACTUAL,50,50200.0,1.9920318725099602,1.064022638473914,1.064906997295486,76,37,19,11,9,False,60,2026-08-24 11:27:52,49550.0,60.0,746.101818,587.6536536216736,30,-0.8064516129032258,-0.7063572149344097,-0.4048582995951417,0.40816326530612246,1.443298969072165,3.0366492146596857,0.6972111553784861,0.3984063745019921,-0.3984063745019921,-1.3944223107569718,-2.8884462151394423
2026-08-24 11:40:40,v1.6.2,MAIN,KOSPI,008930,한미사이언스,49350.0,9.9,805652,74651000000.0,39758926200.0,74651000000.0,ACTUAL,49,50200.0,1.693227091633466,1.06127294181203,1.0639012653480566,76,37,19,11,9,False,60,2026-08-24 11:27:52,49550.0,60.0,768.081069,584.0640273094177,30,0.3048780487804878,-0.5040322580645161,-0.4036326942482341,0.5091649694501018,1.7525773195876289,2.8125,0.4980079681274898,0.3984063745019919,-0.4980079681274905,-1.693227091633466,-2.689243027888447
2026-08-24 11:44:20,v1.6.2,MAIN,KOSPI,008930,한미사이언스,50200.0,10.9,915217,84576000000.0,45943893400.0,84576000000.0,ACTUAL,43,50300.0,0.19880715705765406,1.0637420133823012,1.066861803629734,82,37,25,11,9,False,60,2026-08-24 11:27:52,49550.0,60.0,988.239644,586.6352863311768,30,0.7021063189568706,0.6012024048096193,0.9045226130653266,1.5166835187057632,1.7223910840932117,1.6194331983805668,-0.398802404695334,-0.6976071855718281,-1.2952167473248162,-1.494419934575812,-1.394818340950314
2026-08-24 11:44:40,v1.6.2,MAIN,KOSPI,008930,한미사이언스,50600.0,11.68,938253,86415000000.0,47475601800.0,86415000000.0,ACTUAL,42,50700.0,0.19723865877712032,1.0714418558516112,1.078777837438214,82,37,25,11,9,False,60,2026-08-24 11:27:52,49550.0,60.0,1008.449412,585.8310968875885,30,0.796812749003984,1.5045135406218655,1.402805611222445,2.42914979757085,2.7411167512690358,2.119071644803229,-0.49997249660136567,-0.40037090297586775,-1.3963868392308476,-1.6951916201073418,-1.0975820583543539
2026-08-24 11:45:01,v1.6.2,MAIN,KOSPI,008930,한미사이언스,51100.0,13.46,956196,88974000000.0,48861615600.0,88974000000.0,ACTUAL,41,51100.0,0.0,1.0891663606316562,1.085710392751303,82,37,25,11,9,False,60,2026-08-24 11:27:52,49550.0,60.0,1029.477664,586.4503738880157,30,0.9881422924901186,1.7928286852589643,2.507522567703109,2.920443101711984,3.861788617886179,3.024193548387097,-0.19880715705765406,-0.697211155378486,-1.0956175298804782,-1.9920318725099602,-1.1952191235059761
2026-08-24 11:45:21,v1.6.2,MAIN,KOSPI,008930,한미사이언스,50700.0,13.24,974162,90844000000.0,49390013400.0,90844000000.0,ACTUAL,41,51200.0,0.9765625,1.0741108588724935,1.0644054907196872,79,37,22,11,9,False,60,2026-08-24 11:27:52,49550.0,60.0,1049.796153,587.224038362503,30,-0.7827788649706457,-0.7827788649706457,0.9960159362549801,1.9095477386934674,2.5278058645096055,3.048780487804878,0.9765625,0.7777553429423459,0.08014815737051784,-0.5174614043824701,-1.0154693725099602
2026-08-24 11:45:40,v1.6.2,MAIN,KOSPI,008930,한미사이언스,50900.0,13.46,985264,92012000000.0,50149937600.0,92012000000.0,ACTUAL,40,51200.0,0.5859375,1.0879209231933409,1.076535947212519,79,37,22,11,9,False,60,2026-08-24 11:27:52,49550.0,60.0,1068.227584,586.8647508621216,30,0.39447731755424065,0.39447731755424065,0.592885375494071,2.004008016032064,3.0364372469635628,3.1408308004052685,-0.390625,0.3886988412228797,-0.011672061752988072,-1.007687998007968,-1.107289591633466
2026-08-24 11:46:00,v1.6.2,MAIN,KOSPI,008930,한미사이언스,51200.0,14.35,1000218,93476000000.0,51211161600.0,93476000000.0,ACTUAL,39,51400.0,0.38910505836575876,1.0817103512121737,1.066042954299107,82,37,25,11,9,False,60,2026-08-24 11:27:52,49550.0,60.0,1088.338589,583.2684724330902,30,0.5893909626719057,0.9861932938856016,0.19569471624266144,2.708124373119358,3.121852970795569,3.225806451612903,-0.5874574416342413,0.38910505836575876,-0.30810609701272723,-0.7065124715147195,-0.8061140651402174
2026-08-24 11:47:00,v1.6.2,MAIN,KOSPI,008930,한미사이언스,51300.0,14.57,1035329,96985000000.0,53112377700.0,96985000000.0,ACTUAL,38,51500.0,0.3883495145631068,1.0540472981784985,1.050813792039494,82,37,25,11,9,False,60,2026-08-24 11:27:52,49550.0,60.0,1147.980955,579.4411866664886,30,0.0,0.0,0.1953125,0.3913894324853229,2.908726178535607,4.2682926829268295,0.1937969853802274,-0.0007555438026519701,0.3883495145631068,-0.3088616408153792,-1.6036823579468533
2026-08-24 11:47:40,v1.6.2,MAIN,KOSPI,008930,한미사이언스,51900.0,15.46,1064962,100324000000.0,55271527800.0,100324000000.0,ACTUAL,37,52000.0,0.19230769230769232,1.0578460110926,1.054712305812118,85,40,25,11,9,False,60,2026-08-24 11:27:52,49550.0,60.0,1188.512634,596.9050879478455,31,0.3868471953578337,1.1695906432748537,1.1695906432748537,1.9646365422396856,2.5691699604743086,5.060728744939271,-0.19604182225541447,-0.0022448368751870618,-0.3936298076923077,-0.004930966469428005,-1.4013178057002758
2026-08-24 11:48:02,v1.6.2,MAIN,KOSPI,008930,한미사이언스,51800.0,15.91,1088104,102832000000.0,56363787200.0,102832000000.0,ACTUAL,35,52300.0,0.9560229445506693,1.0602876733515492,1.0509741347919357,82,40,22,11,9,False,60,2026-08-24 11:27:52,49550.0,60.0,1210.459206,598.3961296081543,31,-0.1926782273603083,-0.1926782273603083,0.9746588693957114,1.171875,1.36986301369863,4.33031218529708,0.763715252242977,0.5676734299875625,0.5669178861849105,0.9560229445506693,-0.13959458532980895
2026-08-24 11:48:23,v1.6.2,MAIN,KOSPI,008930,한미사이언스,52300.0,16.13,1102765,104180000000.0,57674609500.0,104180000000.0,ACTUAL,35,52300.0,0.0,1.065050042426163,1.0514831169054064,85,40,25,11,9,False,60,2026-08-24 11:27:52,49550.0,60.0,1231.381621,598.6007630825043,31,0.9652509652509652,0.9652509652509652,1.160541586073501,2.1484375,3.155818540433925,5.125628140703518,-0.9560229445506693,0.0,-0.38910505836575876,-0.9765625,-0.8964143426294822
2026-08-24 11:48:45,v1.6.2,MAIN,KOSPI,008930,한미사이언스,52100.0,16.13,1113642,105826000000.0,58020748200.0,105826000000.0,ACTUAL,35,52300.0,0.3824091778202677,1.054842310912643,1.0457105511745959,80,40,25,11,4,False,60,2026-08-24 11:27:52,49550.0,60.0,1252.984458,598.0612907409668,31,-0.3824091778202677,-0.3824091778202677,0.3853564547206166,1.5594541910331383,2.357563850687623,4.408817635270541,0.3824091778202677,0.19010148551257536,0.1878566486373883,-0.20352832217973232,-0.2152003839327204
2026-08-24 11:49:25,v1.6.2,MAIN,KOSPI,008930,한미사이언스,53000.0,17.46,1156080,110309000000.0,61272240000.0,110309000000.0,ACTUAL,34,53000.0,0.0,1.058830869648685,1.0483466559058368,80,40,25,11,4,False,60,2026-08-24 11:27:52,49550.0,60.0,1293.274001,598.0587570667267,31,0.7604562737642585,0.7604562737642585,1.338432122370937,2.5145067698259185,3.515625,5.577689243027888,-0.18975332068311196,0.0,0.0,-0.38910505836575876,-0.19880715705765406
2026-08-24 11:49:46,v1.6.2,MAIN,KOSPI,008930,한미사이언스,53200.0,18.13,1192294,113187000000.0,63430040800.0,113187000000.0,ACTUAL,33,53400.0,0.37453183520599254,1.0695575756430367,1.070625928260608,85,40,25,11,9,False,60,2026-08-24 11:27:52,49550.0,60.0,1314.319049,598.1601350307465,31,0.37735849056603776,0.37735849056603776,2.111324376199616,2.5048169556840074,3.7037037037037033,5.138339920948617,0.37453183520599254,-0.00787734261427514,0.18222414289830022,0.17997930602311316,0.1772931764288722
2026-08-24 11:50:04,v1.6.2,MAIN,KOSPI,008930,한미사이언스,53500.0,18.8,1210846,115336000000.0,64780261000.0,115336000000.0,ACTUAL,32,53700.0,0.37243947858473,1.0898644945476537,1.087284782721916,85,40,25,11,9,False,60,2026-08-24 11:27:52,49550.0,60.0,1332.793226,598.6439526081085,31,0.5639097744360901,0.5639097744360901,1.7110266159695817,3.2818532818532815,4.28849902534113,4.6966731898238745,-0.002092356621262559,0.18268615790161802,-0.5835834659659394,-0.015910035978376813,0.37243947858473
2026-08-24 11:51:31,v1.6.2,MAIN,KOSPI,008930,한미사이언스,53900.0,19.24,1308785,125572000000.0,70543511500.0,125572000000.0,ACTUAL,32,54700.0,1.4625228519195612,1.0887493930776166,1.0808847698220914,79,40,19,11,9,False,60,2026-08-24 11:27:52,49550.0,60.0,1419.249947,586.6442749500275,30,-1.282051282051282,-1.282051282051282,-0.1851851851851852,1.6981132075471699,3.0592734225621414,5.2734375,,,1.4625228519195612,1.4625228519195612,1.0734177935538025
2026-08-24 11:51:55,v1.6.2,MAIN,KOSPI,008930,한미사이언스,54000.0,19.69,1319949,127138000000.0,71277246000.0,127138000000.0,ACTUAL,32,54700.0,1.2797074954296161,1.1023271138239579,1.090104769722987,79,40,19,11,9,False,60,2026-08-24 11:27:52,49550.0,60.0,1443.187645,588.6012392044067,30,0.1855287569573284,0.1855287569573284,-0.5524861878453038,1.5037593984962405,3.6468330134357005,5.263157894736842,-0.18281535648994507,,0.9051756602236236,0.8972983176093485,1.0851549662467368
2026-08-24 13:05:43,v1.6.2,MAIN,KOSPI,011200,HMM,22650.0,5.09,2146976,82086000000.0,48629006400.0,82086000000.0,ACTUAL,56,23200.0,2.3706896551724137,1.2811924457624473,1.3152774212677896,82,37,14,16,15,False,60,2026-08-24 09:16:19,22700.0,69.0,13763.535545,596.7243826389313,27,0.22123893805309736,0.22123893805309736,0.0,0.4434589800443459,0.4434589800443459,0.4434589800443459,,,,,
2026-08-24 14:52:13,v1.6.2,MAIN,KOSPI,373220,LG에너지솔루션,361000.0,5.09,296877,136332000000.0,107172597000.0,136332000000.0,ACTUAL,40,363500.0,0.6877579092159559,1.0718093051777544,1.0864705817770606,82,40,22,11,9,False,60,2026-08-24 13:53:02,361000.0,71.0,3550.348067,572.4660387039185,21,0.13869625520110956,0.13869625520110956,0.2777777777777778,0.5571030640668524,0.5571030640668524,0.4172461752433936,,,,,
2026-08-24 14:55:02,v1.6.2,MAIN,KOSDAQ,178320,서진시스템,38150.0,5.24,737291,27925000000.0,28127651650.0,27925000000.0,ACTUAL,39,38850.0,1.8018018018018018,1.3103561540988222,1.3157264511892186,78,24,19,20,15,False,60,2026-08-24 14:55:02,38150.0,78.0,0.014677,590.6287596225739,23,0.2628120893561104,0.2628120893561104,0.39473684210526316,0.5270092226613966,0.6596306068601583,1.5978695073235687,,,,,
2026-08-24 15:30:27,v1.6.2,MAIN,KOSPI,373220,LG에너지솔루션,362000.0,5.24,374476,159257000000.0,135560312000.0,159257000000.0,ACTUAL,39,363500.0,0.41265474552957354,1.0,1.056093585195129,79,40,25,5,9,False,60,2026-08-24 13:53:02,361000.0,71.0,5844.474727,585.5013520717621,17,0.0,0.13831258644536654,0.13831258644536654,0.13831258644536654,0.13831258644536654,0.13831258644536654,-0.13755158184319122,-0.13755158184319122,-0.13755158184319122,-0.13755158184319122,-0.13755158184319122
2026-08-24 15:31:11,v1.6.2,WAIT,KOSPI,373220,LG에너지솔루션,362000.0,5.39,374476,166457000000.0,135560312000.0,166457000000.0,ACTUAL,37,363500.0,0.41265474552957354,1.0452099436759452,1.056093585195129,79,40,25,5,9,False,60,2026-08-24 13:53:02,361000.0,71.0,5888.617411,596.7399253845215,17,0.0,0.0,0.0,0.13831258644536654,0.13831258644536654,0.13831258644536654,0.0,0.0,-0.13755158184319122,-0.13755158184319122,-0.13755158184319122
2026-08-24 17:48:08,v1.6.2,NXT_AFTER,KOSPI,161890,한국콜마,143300.0,5.05,318949,70850000000.0,45705391700.0,70850000000.0,ACTUAL,81,143700.0,0.2783576896311761,1.0716500536959448,1.0634220993775152,82,37,25,11,9,False,60,2026-08-24 15:06:13,143600.0,67.0,9714.734049,583.7724130153656,20,0.0,-0.13937282229965156,-0.0697350069735007,-0.0697350069735007,-0.0697350069735007,0.06983240223463687,,,,,
