rule_family,index_family,entry_time_variant,direction,tp_pct,sl_pct,cost_status,samples,grid_rows,win_rate_pct,avg_gross_return_pct,avg_net_return_pct,gross_profit_factor
KOREAN_V20,KOSDAQ150,14:30,INVERSE,0.3,-0.75,UNCONFIRMED,88,88,55.68181818181818,-0.01493886348700167,-0.42579925086641396,0.9157518338986441
KOREAN_V20,KOSDAQ150,14:30,INVERSE,0.3,-0.5,UNCONFIRMED,88,88,51.13636363636363,-0.018069872305483757,-0.42892927652736257,0.8916767787020967
KOREAN_V20,KOSDAQ150,14:30,INVERSE,0.3,-0.3,UNCONFIRMED,88,88,43.18181818181818,-0.03155068120619223,-0.44243065282263544,0.8013729701063746
KOREAN_V20,KOSDAQ150,14:30,INVERSE,0.3,-0.2,UNCONFIRMED,88,88,32.95454545454545,-0.03068181818182023,-0.44156976829476496,0.7631578947368237
KOREAN_V20,KOSDAQ150,14:30,INVERSE,0.5,-0.75,UNCONFIRMED,88,88,40.909090909090914,-0.05360051024016235,-0.4645387209812583,0.7710113045553726
KOREAN_V20,KOSDAQ150,14:30,INVERSE,0.5,-0.5,UNCONFIRMED,88,88,36.36363636363637,-0.05434283631281889,-0.4652735873537436,0.7437746074391101
KOREAN_V20,KOSDAQ150,14:30,INVERSE,0.5,-0.3,UNCONFIRMED,88,88,29.545454545454547,-0.053836621100489764,-0.46476122705515927,0.7159402050613868
KOREAN_V20,KOSDAQ150,14:30,INVERSE,0.5,-0.2,UNCONFIRMED,88,88,21.59090909090909,-0.0472859398942997,-0.4582068525497098,0.6799105607155067
KOREAN_V20,KOSDAQ150,14:30,INVERSE,0.75,-0.75,UNCONFIRMED,88,88,36.36363636363637,-0.050687438304837136,-0.4616252251739608,0.8000984611017624
KOREAN_V20,KOSDAQ150,14:30,INVERSE,0.75,-0.5,UNCONFIRMED,88,88,32.95454545454545,-0.047070329269172984,-0.4579896422649231,0.790217420796085
KOREAN_V20,KOSDAQ150,14:30,INVERSE,0.75,-0.3,UNCONFIRMED,88,88,26.136363636363637,-0.04543800846734871,-0.4563465893822221,0.7696623565146693
KOREAN_V20,KOSDAQ150,14:30,INVERSE,0.75,-0.2,UNCONFIRMED,88,88,19.318181818181817,-0.03852530214891648,-0.4494301199553842,0.7469980157384569
KOREAN_V20,KOSDAQ150,14:30,INVERSE,1.0,-0.75,UNCONFIRMED,88,88,34.090909090909086,-0.035060740792848794,-0.44595383547529915,0.8662236511034413
KOREAN_V20,KOSDAQ150,14:30,INVERSE,1.0,-0.5,UNCONFIRMED,88,88,30.681818181818183,-0.03712544993900269,-0.44801235110740056,0.8386260796329454
KOREAN_V20,KOSDAQ150,14:30,INVERSE,1.0,-0.3,UNCONFIRMED,88,88,23.863636363636363,-0.03890222004626921,-0.4497852714196988,0.8061441891750264
KOREAN_V20,KOSDAQ150,14:30,INVERSE,1.0,-0.2,UNCONFIRMED,88,88,17.045454545454543,-0.04221678645510946,-0.4531192258455286,0.7268325582316425
KOREAN_V20,KOSDAQ150,14:30,LONG,0.3,-0.75,UNCONFIRMED,78,78,61.53846153846154,-0.017328260847829877,-0.07882221063503562,0.89186636513284
KOREAN_V20,KOSDAQ150,14:30,LONG,0.3,-0.5,UNCONFIRMED,78,78,60.256410256410255,0.0026653777015956262,-0.05882161951780326,1.0190668859584848
KOREAN_V20,KOSDAQ150,14:30,LONG,0.3,-0.3,UNCONFIRMED,78,78,55.12820512820513,0.015535501981351781,-0.04594798673456287,1.1362527984371893
KOREAN_V20,KOSDAQ150,14:30,LONG,0.3,-0.2,UNCONFIRMED,78,78,43.58974358974359,-1.3405951738453526e-05,-0.0615016661582335,0.9998758591624227
KOREAN_V20,KOSDAQ150,14:30,LONG,0.5,-0.75,UNCONFIRMED,78,78,57.692307692307686,0.012770416448049673,-0.048714912496329456,1.0747249405358676
KOREAN_V20,KOSDAQ150,14:30,LONG,0.5,-0.5,UNCONFIRMED,78,78,56.41025641025641,0.03596918320260317,-0.025508240274321848,1.2442957682492046
KOREAN_V20,KOSDAQ150,14:30,LONG,0.5,-0.3,UNCONFIRMED,78,78,50.0,0.029608538251590363,-0.031871760718067264,1.2338873133453856
KOREAN_V20,KOSDAQ150,14:30,LONG,0.5,-0.2,UNCONFIRMED,78,78,41.02564102564102,0.02694851032917863,-0.03453266118156647,1.2382334790451393
KOREAN_V20,KOSDAQ150,14:30,LONG,0.75,-0.75,UNCONFIRMED,78,78,57.692307692307686,0.05401624763426669,-0.007456320797001558,1.316071203226714
KOREAN_V20,KOSDAQ150,14:30,LONG,0.75,-0.5,UNCONFIRMED,78,78,56.41025641025641,0.07721501438882018,0.015750351425006064,1.5244295138490953
KOREAN_V20,KOSDAQ150,14:30,LONG,0.75,-0.3,UNCONFIRMED,78,78,50.0,0.05803385661729368,-0.0034379584615246163,1.4584279943830425
KOREAN_V20,KOSDAQ150,14:30,LONG,0.75,-0.2,UNCONFIRMED,78,78,41.02564102564102,0.052168700489753535,-0.009305067485607037,1.461188053184558
KOREAN_V20,KOSDAQ150,14:30,LONG,1.0,-0.75,UNCONFIRMED,78,78,55.12820512820513,0.06630601283539186,0.004836827052240814,1.3806082454571014
KOREAN_V20,KOSDAQ150,14:30,LONG,1.0,-0.5,UNCONFIRMED,78,78,53.84615384615385,0.08950477958994539,0.028043499274248422,1.5945269845377446
KOREAN_V20,KOSDAQ150,14:30,LONG,1.0,-0.3,UNCONFIRMED,78,78,48.717948717948715,0.07756487744409266,0.01609917236823802,1.6095010516290809
KOREAN_V20,KOSDAQ150,14:30,LONG,1.0,-0.2,UNCONFIRMED,78,78,39.743589743589745,0.06849459311142436,0.007025860131866994,1.6019676074572868
KOREAN_V20,KOSDAQ150,14:50,INVERSE,0.3,-0.75,UNCONFIRMED,93,93,46.236559139784944,-0.06025226989381418,-0.46805316077346165,0.6897154511994763
KOREAN_V20,KOSDAQ150,14:50,INVERSE,0.3,-0.5,UNCONFIRMED,93,93,41.935483870967744,-0.06619095163690944,-0.47399829868407883,0.6464524495475912
KOREAN_V20,KOSDAQ150,14:50,INVERSE,0.3,-0.3,UNCONFIRMED,93,93,39.784946236559136,-0.03945007846136155,-0.4471915763544255,0.7438753805477232
KOREAN_V20,KOSDAQ150,14:50,INVERSE,0.3,-0.2,UNCONFIRMED,93,93,27.956989247311824,-0.05107038616364695,-0.4588505926164437,0.6138580558358382
KOREAN_V20,KOSDAQ150,14:50,INVERSE,0.5,-0.75,UNCONFIRMED,93,93,34.40860215053764,-0.09979652961661524,-0.5076769526972634,0.5483715122631857
KOREAN_V20,KOSDAQ150,14:50,INVERSE,0.5,-0.5,UNCONFIRMED,93,93,32.25806451612903,-0.09380388174591157,-0.5016673549782555,0.5506538801077444
KOREAN_V20,KOSDAQ150,14:50,INVERSE,0.5,-0.3,UNCONFIRMED,93,93,31.182795698924732,-0.060579740027006855,-0.46836193389614406,0.6439751294150625
KOREAN_V20,KOSDAQ150,14:50,INVERSE,0.5,-0.2,UNCONFIRMED,93,93,19.35483870967742,-0.0833072579082129,-0.4911542590541048,0.43448357770337004
KOREAN_V20,KOSDAQ150,14:50,INVERSE,0.75,-0.75,UNCONFIRMED,93,93,32.25806451612903,-0.09863909102488429,-0.5065147543868603,0.5824826709856604
KOREAN_V20,KOSDAQ150,14:50,INVERSE,0.75,-0.5,UNCONFIRMED,93,93,30.107526881720432,-0.09080621799722077,-0.4986612862816571,0.5863213882381442
KOREAN_V20,KOSDAQ150,14:50,INVERSE,0.75,-0.3,UNCONFIRMED,93,93,29.03225806451613,-0.05596917305250952,-0.4637397031989431,0.6830872864148145
KOREAN_V20,KOSDAQ150,14:50,INVERSE,0.75,-0.2,UNCONFIRMED,93,93,18.27956989247312,-0.08514830383694245,-0.4929991362957625,0.4303027153355622
KOREAN_V20,KOSDAQ150,14:50,INVERSE,1.0,-0.75,UNCONFIRMED,93,93,31.182795698924732,-0.09806961705636698,-0.5059446600868164,0.5848931276089739
KOREAN_V20,KOSDAQ150,14:50,INVERSE,1.0,-0.5,UNCONFIRMED,93,93,29.03225806451613,-0.09292491607171413,-0.5007848334726627,0.5766694051743219
KOREAN_V20,KOSDAQ150,14:50,INVERSE,1.0,-0.3,UNCONFIRMED,93,93,29.03225806451613,-0.050023354997970566,-0.4577819884816061,0.7167541289172025
KOREAN_V20,KOSDAQ150,14:50,INVERSE,1.0,-0.2,UNCONFIRMED,93,93,18.27956989247312,-0.08350952515831589,-0.4913602163631046,0.44126720577529405
KOREAN_V20,KOSDAQ150,14:50,LONG,0.3,-0.75,UNCONFIRMED,78,78,58.97435897435898,-0.022414209543124678,-0.08413625602769674,0.8591783717640494
KOREAN_V20,KOSDAQ150,14:50,LONG,0.3,-0.5,UNCONFIRMED,78,78,57.692307692307686,0.0032005477098121884,-0.05851476060270601,1.0246753130301862
KOREAN_V20,KOSDAQ150,14:50,LONG,0.3,-0.3,UNCONFIRMED,78,78,57.692307692307686,0.04618311295249529,-0.015519296451468349,1.532530378258798
KOREAN_V20,KOSDAQ150,14:50,LONG,0.3,-0.2,UNCONFIRMED,78,78,48.717948717948715,0.023210072010784233,-0.03849950161062282,1.259739994301053
KOREAN_V20,KOSDAQ150,14:50,LONG,0.5,-0.75,UNCONFIRMED,78,78,56.41025641025641,-0.026976265518247056,-0.08869963690248038,0.8401716806821833
KOREAN_V20,KOSDAQ150,14:50,LONG,0.5,-0.5,UNCONFIRMED,78,78,53.84615384615385,-0.008764229437978012,-0.07048399875419961,0.9385082784822859
KOREAN_V20,KOSDAQ150,14:50,LONG,0.5,-0.3,UNCONFIRMED,78,78,52.56410256410257,0.03133172084322611,-0.030375434026688818,1.3068472767071881
KOREAN_V20,KOSDAQ150,14:50,LONG,0.5,-0.2,UNCONFIRMED,78,78,43.58974358974359,0.011079930635691038,-0.05063357704053096,1.1112272210370386
KOREAN_V20,KOSDAQ150,14:50,LONG,0.75,-0.75,UNCONFIRMED,78,78,56.41025641025641,-0.0008889093895823269,-0.06260424952536016,0.9947334113512981
KOREAN_V20,KOSDAQ150,14:50,LONG,0.75,-0.5,UNCONFIRMED,78,78,53.84615384615385,0.017323126690686717,-0.04438861137707943,1.1215427881958266
KOREAN_V20,KOSDAQ150,14:50,LONG,0.75,-0.3,UNCONFIRMED,78,78,52.56410256410257,0.05741907697189083,-0.004280046649568618,1.5623338560950542
KOREAN_V20,KOSDAQ150,14:50,LONG,0.75,-0.2,UNCONFIRMED,78,78,43.58974358974359,0.033962158559227344,-0.027744395649091633,1.340933227938619
KOREAN_V20,KOSDAQ150,14:50,LONG,1.0,-0.75,UNCONFIRMED,78,78,56.41025641025641,0.014122184948783385,-0.04758893552652697,1.0836707765918405
KOREAN_V20,KOSDAQ150,14:50,LONG,1.0,-0.5,UNCONFIRMED,78,78,53.84615384615385,0.03233422102905243,-0.02937329737824622,1.2268638594050116
KOREAN_V20,KOSDAQ150,14:50,LONG,1.0,-0.3,UNCONFIRMED,78,78,52.56410256410257,0.07243017131025654,0.010735267349264598,1.7093450413781646
KOREAN_V20,KOSDAQ150,14:50,LONG,1.0,-0.2,UNCONFIRMED,78,78,43.58974358974359,0.05073132628488004,-0.010970417743177073,1.5092725421957087
KOREAN_V20,KOSDAQ150,15:00,INVERSE,0.3,-0.75,UNCONFIRMED,92,92,52.17391304347826,0.01744489007004922,-0.3903874143546214,1.1318591630398158
KOREAN_V20,KOSDAQ150,15:00,INVERSE,0.3,-0.5,UNCONFIRMED,92,92,51.08695652173913,0.019525715329811514,-0.38829572094449977,1.1537969914377924
KOREAN_V20,KOSDAQ150,15:00,INVERSE,0.3,-0.3,UNCONFIRMED,92,92,47.82608695652174,0.028118866752565298,-0.37968340509314397,1.258964443639317
KOREAN_V20,KOSDAQ150,15:00,INVERSE,0.3,-0.2,UNCONFIRMED,92,92,40.21739130434783,0.016258415961369007,-0.39157514633187146,1.1665542748611435
KOREAN_V20,KOSDAQ150,15:00,INVERSE,0.5,-0.75,UNCONFIRMED,92,92,40.21739130434783,-0.026699109781157672,-0.4346128765958945,0.8374491686724438
KOREAN_V20,KOSDAQ150,15:00,INVERSE,0.5,-0.5,UNCONFIRMED,92,92,40.21739130434783,-0.014658497931174073,-0.422546926528685,0.9036957070001
KOREAN_V20,KOSDAQ150,15:00,INVERSE,0.5,-0.3,UNCONFIRMED,92,92,38.04347826086957,0.0033610021901401325,-0.4044858124835041,1.027254059634546
KOREAN_V20,KOSDAQ150,15:00,INVERSE,0.5,-0.2,UNCONFIRMED,92,92,30.434782608695656,-0.009480100474725516,-0.4173599903052163,0.9122275461706635
KOREAN_V20,KOSDAQ150,15:00,INVERSE,0.75,-0.75,UNCONFIRMED,92,92,36.95652173913043,-0.030844569206450977,-0.4387736464182611,0.8225850372256118
KOREAN_V20,KOSDAQ150,15:00,INVERSE,0.75,-0.5,UNCONFIRMED,92,92,36.95652173913043,-0.016086566052119607,-0.42398384569419606,0.8988886365397343
KOREAN_V20,KOSDAQ150,15:00,INVERSE,0.75,-0.3,UNCONFIRMED,92,92,35.869565217391305,0.008276741564110656,-0.3995648203393256,1.0653863880471206
KOREAN_V20,KOSDAQ150,15:00,INVERSE,0.75,-0.2,UNCONFIRMED,92,92,30.434782608695656,0.004131291073157336,-0.403722470734822,1.0382499696011662
KOREAN_V20,KOSDAQ150,15:00,INVERSE,1.0,-0.75,UNCONFIRMED,92,92,35.869565217391305,-0.05346249834788303,-0.4614374747651681,0.6924889081533447
KOREAN_V20,KOSDAQ150,15:00,INVERSE,1.0,-0.5,UNCONFIRMED,92,92,35.869565217391305,-0.03870449519355166,-0.44664767404110295,0.7567246938605854
KOREAN_V20,KOSDAQ150,15:00,INVERSE,1.0,-0.3,UNCONFIRMED,92,92,34.78260869565217,-0.01705857888166916,-0.42495233230444684,0.8652369595390297
KOREAN_V20,KOSDAQ150,15:00,INVERSE,1.0,-0.2,UNCONFIRMED,92,92,29.347826086956523,-0.016553971339980378,-0.4244499046613637,0.8497574001259423
KOREAN_V20,KOSDAQ150,15:00,LONG,0.3,-0.75,UNCONFIRMED,80,80,60.0,0.015095194043664162,-0.04659585455565914,1.1365916332420902
KOREAN_V20,KOSDAQ150,15:00,LONG,0.3,-0.5,UNCONFIRMED,80,80,57.49999999999999,0.008100364973661345,-0.053593324007168285,1.0710343715292248
KOREAN_V20,KOSDAQ150,15:00,LONG,0.3,-0.3,UNCONFIRMED,80,80,52.5,0.0029433670952039304,-0.058752891517156104,1.0282496055084647
KOREAN_V20,KOSDAQ150,15:00,LONG,0.3,-0.2,UNCONFIRMED,80,80,50.0,0.016994004284194425,-0.044698344536853465,1.205636968376971
KOREAN_V20,KOSDAQ150,15:00,LONG,0.5,-0.75,UNCONFIRMED,80,80,58.75,0.03006039488717971,-0.03162546791307212,1.2720069991591432
KOREAN_V20,KOSDAQ150,15:00,LONG,0.5,-0.5,UNCONFIRMED,80,80,56.25,0.023065565817176892,-0.03862293736458128,1.2022684134747756
KOREAN_V20,KOSDAQ150,15:00,LONG,0.5,-0.3,UNCONFIRMED,80,80,51.24999999999999,0.013553804052628127,-0.048138710033329715,1.1300855806432282
KOREAN_V20,KOSDAQ150,15:00,LONG,0.5,-0.2,UNCONFIRMED,80,80,48.75,0.02546115993859857,-0.0362281920861703,1.3080942933505202
KOREAN_V20,KOSDAQ150,15:00,LONG,0.75,-0.75,UNCONFIRMED,80,80,58.75,0.04569952660505055,-0.01598159109445558,1.413520552257771
KOREAN_V20,KOSDAQ150,15:00,LONG,0.75,-0.5,UNCONFIRMED,80,80,56.25,0.03870469753504774,-0.022979060545964724,1.3394123442055401
KOREAN_V20,KOSDAQ150,15:00,LONG,0.75,-0.3,UNCONFIRMED,80,80,51.24999999999999,0.024043013652118583,-0.03764642419654503,1.2307580498585151
KOREAN_V20,KOSDAQ150,15:00,LONG,0.75,-0.2,UNCONFIRMED,80,80,48.75,0.03282536953808882,-0.028861986510304794,1.397205353416582
KOREAN_V20,KOSDAQ150,15:00,LONG,1.0,-0.75,UNCONFIRMED,80,80,58.75,0.04709828457276994,-0.014582829575161419,1.4261774703979764
KOREAN_V20,KOSDAQ150,15:00,LONG,1.0,-0.5,UNCONFIRMED,80,80,56.25,0.040103455502767116,-0.021580299026670562,1.3516784449900743
KOREAN_V20,KOSDAQ150,15:00,LONG,1.0,-0.3,UNCONFIRMED,80,80,51.24999999999999,0.022316771619838027,-0.03937354769935618,1.2141900667131176
KOREAN_V20,KOSDAQ150,15:00,LONG,1.0,-0.2,UNCONFIRMED,80,80,48.75,0.03609890874487029,-0.02558759784903686,1.4368170109805256
KOREAN_V20,KOSPI200,14:30,INVERSE,0.3,-0.75,UNCONFIRMED,69,69,65.21739130434783,0.04861611573136158,-0.6060713936449731,1.3520624469166447
KOREAN_V20,KOSPI200,14:30,INVERSE,0.3,-0.5,UNCONFIRMED,69,69,59.42028985507246,0.027566915270129697,-0.6271978300260371,1.1944792101748574
KOREAN_V20,KOSPI200,14:30,INVERSE,0.3,-0.3,UNCONFIRMED,69,69,49.275362318840585,0.0075518242690441675,-0.6472344084310047,1.0568613008572671
KOREAN_V20,KOSPI200,14:30,INVERSE,0.3,-0.2,UNCONFIRMED,69,69,36.231884057971016,-0.013606115035072112,-0.6685086603011116,0.8868137592060595
KOREAN_V20,KOSPI200,14:30,INVERSE,0.5,-0.75,UNCONFIRMED,69,69,57.971014492753625,0.08829924818988015,-0.566245782460059,1.5676882331972557
KOREAN_V20,KOSPI200,14:30,INVERSE,0.5,-0.5,UNCONFIRMED,69,69,53.62318840579711,0.0690241606721762,-0.5855861579448607,1.450909153175754
KOREAN_V20,KOSPI200,14:30,INVERSE,0.5,-0.3,UNCONFIRMED,69,69,43.47826086956522,0.037067416307707435,-0.6175995477307451,1.2624368988927237
KOREAN_V20,KOSPI200,14:30,INVERSE,0.5,-0.2,UNCONFIRMED,69,69,30.434782608695656,-0.00023928368293039335,-0.6550937135890516,0.9981635634381326
KOREAN_V20,KOSPI200,14:30,INVERSE,0.75,-0.75,UNCONFIRMED,69,69,49.275362318840585,0.06246220345463223,-0.5921590833656072,1.3360801274451746
KOREAN_V20,KOSPI200,14:30,INVERSE,0.75,-0.5,UNCONFIRMED,69,69,46.3768115942029,0.04656674602651679,-0.6081006676505566,1.2586877318193086
KOREAN_V20,KOSPI200,14:30,INVERSE,0.75,-0.3,UNCONFIRMED,69,69,39.130434782608695,0.04166845827918885,-0.6130030338075932,1.2779030879494842
KOREAN_V20,KOSPI200,14:30,INVERSE,0.75,-0.2,UNCONFIRMED,69,69,27.536231884057973,0.01885135062676619,-0.6359517057578684,1.1415305112522391
KOREAN_V20,KOSPI200,14:30,INVERSE,1.0,-0.75,UNCONFIRMED,69,69,47.82608695652174,0.07417124064357158,-0.580423794424856,1.3770307250197358
KOREAN_V20,KOSPI200,14:30,INVERSE,1.0,-0.5,UNCONFIRMED,69,69,44.927536231884055,0.0564114627672236,-0.5982379932635793,1.3012502743735046
KOREAN_V20,KOSPI200,14:30,INVERSE,1.0,-0.3,UNCONFIRMED,69,69,37.68115942028986,0.05260013154163481,-0.6020504768874912,1.3409247417939107
KOREAN_V20,KOSPI200,14:30,INVERSE,1.0,-0.2,UNCONFIRMED,69,69,26.08695652173913,0.023985922439936955,-0.6308271391486411,1.176244065237044
KOREAN_V20,KOSPI200,14:30,LONG,0.3,-0.75,UNCONFIRMED,97,97,54.63917525773196,-0.015557181101076924,-0.02930632595370397,0.8858153260061286
KOREAN_V20,KOSPI200,14:30,LONG,0.3,-0.5,UNCONFIRMED,97,97,52.57731958762887,-0.004060448173424492,-0.017809035764073184,0.96641691556231
KOREAN_V20,KOSPI200,14:30,LONG,0.3,-0.3,UNCONFIRMED,97,97,46.391752577319586,-0.011440479735766137,-0.025189791906165285,0.9035733540262435
KOREAN_V20,KOSPI200,14:30,LONG,0.3,-0.2,UNCONFIRMED,97,97,42.2680412371134,-0.0031596048590667287,-0.016908488704495208,0.9681542045418567
KOREAN_V20,KOSPI200,14:30,LONG,0.5,-0.75,UNCONFIRMED,97,97,50.51546391752577,-0.005971492740497578,-0.019719921461440547,0.960070252954316
KOREAN_V20,KOSPI200,14:30,LONG,0.5,-0.5,UNCONFIRMED,97,97,48.45360824742268,0.006040704104680685,-0.007707168772404789,1.045890008285167
KOREAN_V20,KOSPI200,14:30,LONG,0.5,-0.3,UNCONFIRMED,97,97,42.2680412371134,-0.0031526874193986893,-0.016901354719050226,0.9751875872568779
KOREAN_V20,KOSPI200,14:30,LONG,0.5,-0.2,UNCONFIRMED,97,97,37.11340206185567,-0.0016832504757116245,-0.01543181977912517,0.984411782882484
KOREAN_V20,KOSPI200,14:30,LONG,0.75,-0.75,UNCONFIRMED,97,97,49.48453608247423,0.0077767427340648615,-0.005970887676247446,1.0519511299361102
KOREAN_V20,KOSPI200,14:30,LONG,0.75,-0.5,UNCONFIRMED,97,97,48.45360824742268,0.02508703015503109,0.011340200139340593,1.1905810981161224
KOREAN_V20,KOSPI200,14:30,LONG,0.75,-0.3,UNCONFIRMED,97,97,42.2680412371134,0.010738999455693635,-0.003008818921931874,1.0845185238800656
KOREAN_V20,KOSPI200,14:30,LONG,0.75,-0.2,UNCONFIRMED,97,97,37.11340206185567,0.011994264648503164,-0.0017535304774396981,1.111076280211222
KOREAN_V20,KOSPI200,14:30,LONG,1.0,-0.75,UNCONFIRMED,97,97,49.48453608247423,0.014829265699676974,0.0010820541212101526,1.099064240076557
KOREAN_V20,KOSPI200,14:30,LONG,1.0,-0.5,UNCONFIRMED,97,97,47.42268041237113,0.02286345476866385,0.009116705496712606,1.1671438987848999
KOREAN_V20,KOSPI200,14:30,LONG,1.0,-0.3,UNCONFIRMED,97,97,41.23711340206185,0.0077519535464155385,-0.005995819906615625,1.059560002586731
KOREAN_V20,KOSPI200,14:30,LONG,1.0,-0.2,UNCONFIRMED,97,97,36.08247422680412,0.01199508945586967,-0.0017525059201839192,1.1090025799712806
KOREAN_V20,KOSPI200,14:50,INVERSE,0.3,-0.75,UNCONFIRMED,70,70,61.42857142857143,0.030580156242828727,-0.6250253916776234,1.2224326236341858
KOREAN_V20,KOSPI200,14:50,INVERSE,0.3,-0.5,UNCONFIRMED,70,70,57.14285714285714,0.011889765144343287,-0.6438294369236192,1.0829631653122749
KOREAN_V20,KOSPI200,14:50,INVERSE,0.3,-0.3,UNCONFIRMED,70,70,51.42857142857142,0.022771705283950925,-0.6329256975784529,1.1929160931240619
KOREAN_V20,KOSPI200,14:50,INVERSE,0.3,-0.2,UNCONFIRMED,70,70,44.285714285714285,0.020870667787193615,-0.6348544641512784,1.2084585352454025
KOREAN_V20,KOSPI200,14:50,INVERSE,0.5,-0.75,UNCONFIRMED,70,70,55.714285714285715,0.01972639622852387,-0.6359133297216578,1.122324374328524
KOREAN_V20,KOSPI200,14:50,INVERSE,0.5,-0.5,UNCONFIRMED,70,70,51.42857142857142,-0.009493108983043643,-0.6652927264924693,0.9447706475319542
KOREAN_V20,KOSPI200,14:50,INVERSE,0.5,-0.3,UNCONFIRMED,70,70,44.285714285714285,-0.006936886577723067,-0.6627446378587272,0.9502618048136484
KOREAN_V20,KOSPI200,14:50,INVERSE,0.5,-0.2,UNCONFIRMED,70,70,40.0,0.012776982757817088,-0.6429518853415827,1.1175538507418286
KOREAN_V20,KOSPI200,14:50,INVERSE,0.75,-0.75,UNCONFIRMED,70,70,52.85714285714286,0.03399245683063664,-0.6215964951099782,1.1946065705330935
KOREAN_V20,KOSPI200,14:50,INVERSE,0.75,-0.5,UNCONFIRMED,70,70,50.0,0.019058665904782952,-0.6366087980111572,1.109168273006162
KOREAN_V20,KOSPI200,14:50,INVERSE,0.75,-0.3,UNCONFIRMED,70,70,42.857142857142854,0.009310306099860373,-0.6464197742514274,1.0647656735915838
KOREAN_V20,KOSPI200,14:50,INVERSE,0.75,-0.2,UNCONFIRMED,70,70,38.57142857142858,0.026881318292542828,-0.6287814385644631,1.2409851604148043
KOREAN_V20,KOSPI200,14:50,INVERSE,1.0,-0.75,UNCONFIRMED,70,70,52.85714285714286,0.03286074852180513,-0.6227501434747857,1.1881275486158833
KOREAN_V20,KOSPI200,14:50,INVERSE,1.0,-0.5,UNCONFIRMED,70,70,50.0,0.027351918916219693,-0.6282953083184654,1.156672128385383
KOREAN_V20,KOSPI200,14:50,INVERSE,1.0,-0.3,UNCONFIRMED,70,70,42.857142857142854,0.009723513305399825,-0.6460235957545758,1.067640084240666
KOREAN_V20,KOSPI200,14:50,INVERSE,1.0,-0.2,UNCONFIRMED,70,70,38.57142857142858,0.03454140483234019,-0.6211093535649044,1.309656166929259
KOREAN_V20,KOSPI200,14:50,LONG,0.3,-0.75,UNCONFIRMED,93,93,52.68817204301075,0.005863049012265072,-0.007984426293268987,1.0580034204467164
KOREAN_V20,KOSPI200,14:50,LONG,0.3,-0.5,UNCONFIRMED,93,93,50.53763440860215,-0.0014164050723949437,-0.015264136829730867,0.9861012666500808
KOREAN_V20,KOSPI200,14:50,LONG,0.3,-0.3,UNCONFIRMED,93,93,48.38709677419355,-0.001990077945687162,-0.01583777813457962,0.9792767115694837
KOREAN_V20,KOSPI200,14:50,LONG,0.3,-0.2,UNCONFIRMED,93,93,45.16129032258064,7.151033929930892e-05,-0.013776020503970601,1.0008329567538774
KOREAN_V20,KOSPI200,14:50,LONG,0.5,-0.75,UNCONFIRMED,93,93,50.53763440860215,0.01681589312856144,0.0029688964987538763,1.1573861769236746
KOREAN_V20,KOSPI200,14:50,LONG,0.5,-0.5,UNCONFIRMED,93,93,49.46236559139785,0.014230802522702316,0.00038376708480786166,1.1367642360494123
KOREAN_V20,KOSPI200,14:50,LONG,0.5,-0.3,UNCONFIRMED,93,93,47.31182795698925,0.010604107287161551,-0.0032430164347677184,1.108011640299382
KOREAN_V20,KOSPI200,14:50,LONG,0.5,-0.2,UNCONFIRMED,93,93,44.086021505376344,0.008364620303330815,-0.005482497565133622,1.0950570315388581
KOREAN_V20,KOSPI200,14:50,LONG,0.75,-0.75,UNCONFIRMED,93,93,50.53763440860215,0.033495295619884714,0.019649126964841595,1.3134948873805634
KOREAN_V20,KOSPI200,14:50,LONG,0.75,-0.5,UNCONFIRMED,93,93,49.46236559139785,0.03154946239839569,0.017703284303057336,1.3032041317278356
KOREAN_V20,KOSPI200,14:50,LONG,0.75,-0.3,UNCONFIRMED,93,93,47.31182795698925,0.02523459511984399,0.011388231819215689,1.257035310693722
KOREAN_V20,KOSPI200,14:50,LONG,0.75,-0.2,UNCONFIRMED,93,93,44.086021505376344,0.02273513900392678,0.008888749953782046,1.2583661597258662
KOREAN_V20,KOSPI200,14:50,LONG,1.0,-0.75,UNCONFIRMED,93,93,49.46236559139785,0.0189687290623364,0.005121898935915799,1.1698146742613083
KOREAN_V20,KOSPI200,14:50,LONG,1.0,-0.5,UNCONFIRMED,93,93,48.38709677419355,0.016504292941905363,0.0026574310183726324,1.1508207150433944
KOREAN_V20,KOSPI200,14:50,LONG,1.0,-0.3,UNCONFIRMED,93,93,46.236559139784944,0.013236596379010793,-0.0006103259075640204,1.130536618891969
KOREAN_V20,KOSPI200,14:50,LONG,1.0,-0.2,UNCONFIRMED,93,93,44.086021505376344,0.022027462843738813,0.008180994759631036,1.2503240020858473
KOREAN_V20,KOSPI200,15:00,INVERSE,0.3,-0.75,UNCONFIRMED,70,70,52.85714285714286,0.034959305842631974,-0.6216615875212126,1.3297304598329212
KOREAN_V20,KOSPI200,15:00,INVERSE,0.3,-0.5,UNCONFIRMED,70,70,51.42857142857142,0.0397724841458564,-0.6168592432643456,1.410342898197087
KOREAN_V20,KOSPI200,15:00,INVERSE,0.3,-0.3,UNCONFIRMED,70,70,45.714285714285715,0.024924931725375403,-0.6317665110057868,1.2542746384122194
KOREAN_V20,KOSPI200,15:00,INVERSE,0.3,-0.2,UNCONFIRMED,70,70,40.0,0.011390976306194154,-0.6453621075093446,1.117280396939257
KOREAN_V20,KOSPI200,15:00,INVERSE,0.5,-0.75,UNCONFIRMED,70,70,42.857142857142854,0.01386367530287266,-0.6428508888609552,1.1040304164459134
KOREAN_V20,KOSPI200,15:00,INVERSE,0.5,-0.5,UNCONFIRMED,70,70,41.42857142857143,0.022962567891810743,-0.633744969911777,1.1962212737077778
KOREAN_V20,KOSPI200,15:00,INVERSE,0.5,-0.3,UNCONFIRMED,70,70,35.714285714285715,-0.0017741470902465917,-0.658587202357016,0.9851461534073784
KOREAN_V20,KOSPI200,15:00,INVERSE,0.5,-0.2,UNCONFIRMED,70,70,30.0,-0.01816524536657038,-0.675053591794738,0.8390009835491693
KOREAN_V20,KOSPI200,15:00,INVERSE,0.75,-0.75,UNCONFIRMED,70,70,38.57142857142858,0.0022917059973172537,-0.6544893991491731,1.0159168488854855
KOREAN_V20,KOSPI200,15:00,INVERSE,0.75,-0.5,UNCONFIRMED,70,70,37.142857142857146,0.016350316612438544,-0.6403971795910975,1.1316803647776605
KOREAN_V20,KOSPI200,15:00,INVERSE,0.75,-0.3,UNCONFIRMED,70,70,30.0,-0.021843337277563935,-0.6787644030602676,0.829364490698674
KOREAN_V20,KOSPI200,15:00,INVERSE,0.75,-0.2,UNCONFIRMED,70,70,27.142857142857142,-0.021805864125316838,-0.6787200759639228,0.8115072774810939
KOREAN_V20,KOSPI200,15:00,INVERSE,1.0,-0.75,UNCONFIRMED,70,70,38.57142857142858,0.02629515338790063,-0.6303796657606716,1.1826307490515016
KOREAN_V20,KOSPI200,15:00,INVERSE,1.0,-0.5,UNCONFIRMED,70,70,37.142857142857146,0.040353764003021916,-0.616287446202596,1.3249966645922355
KOREAN_V20,KOSPI200,15:00,INVERSE,1.0,-0.3,UNCONFIRMED,70,70,30.0,-0.0021485071214493484,-0.6589845251192777,0.9832163189055092
KOREAN_V20,KOSPI200,15:00,INVERSE,1.0,-0.2,UNCONFIRMED,70,70,27.142857142857142,-0.005682462540630746,-0.6625292635029365,0.9508800555327853
KOREAN_V20,KOSPI200,15:00,LONG,0.3,-0.75,UNCONFIRMED,95,95,51.578947368421055,0.013735546134390675,-0.00017826921580560925,1.1734121490699267
KOREAN_V20,KOSPI200,15:00,LONG,0.3,-0.5,UNCONFIRMED,95,95,49.473684210526315,0.0014851540068651723,-0.012429198567732636,1.0171599540693457
KOREAN_V20,KOSPI200,15:00,LONG,0.3,-0.3,UNCONFIRMED,95,95,48.421052631578945,-0.0005880670380703793,-0.014502665608934154,0.9932685081218999
KOREAN_V20,KOSPI200,15:00,LONG,0.3,-0.2,UNCONFIRMED,95,95,43.15789473684211,-0.010163997010165413,-0.02407905427989136,0.8797350551718909
KOREAN_V20,KOSPI200,15:00,LONG,0.5,-0.75,UNCONFIRMED,95,95,50.526315789473685,0.02776384524880388,0.013850717791603902,1.3405142423091434
KOREAN_V20,KOSPI200,15:00,LONG,0.5,-0.5,UNCONFIRMED,95,95,48.421052631578945,0.01426834752789532,0.0003546232739003756,1.1605436385176273
KOREAN_V20,KOSPI200,15:00,LONG,0.5,-0.3,UNCONFIRMED,95,95,47.368421052631575,0.01136476096569469,-0.0025492435907155373,1.1255518383020222
KOREAN_V20,KOSPI200,15:00,LONG,0.5,-0.2,UNCONFIRMED,95,95,43.15789473684211,0.005394139952529417,-0.008520189908232665,1.0638258692064972
KOREAN_V20,KOSPI200,15:00,LONG,0.75,-0.75,UNCONFIRMED,95,95,49.473684210526315,0.028236610277504518,0.014323528725995172,1.342604390193194
KOREAN_V20,KOSPI200,15:00,LONG,0.75,-0.5,UNCONFIRMED,95,95,47.368421052631575,0.01474111255659596,0.0008274342082916459,1.1642323140302315
KOREAN_V20,KOSPI200,15:00,LONG,0.75,-0.3,UNCONFIRMED,95,95,46.31578947368421,0.01183752599439533,-0.0020764326563242684,1.1295120467355075
KOREAN_V20,KOSPI200,15:00,LONG,0.75,-0.2,UNCONFIRMED,95,95,42.10526315789473,0.005850375117687782,-0.00806390960453038,1.0685088769268731
KOREAN_V20,KOSPI200,15:00,LONG,1.0,-0.75,UNCONFIRMED,95,95,49.473684210526315,0.022690800736768768,0.008777469800107261,1.275315198000565
KOREAN_V20,KOSPI200,15:00,LONG,1.0,-0.5,UNCONFIRMED,95,95,47.368421052631575,0.009195303015860211,-0.004718624717596262,1.1024458558813566
KOREAN_V20,KOSPI200,15:00,LONG,1.0,-0.3,UNCONFIRMED,95,95,46.31578947368421,0.0062917164536595805,-0.00762249158221218,1.0688364338780525
KOREAN_V20,KOSPI200,15:00,LONG,1.0,-0.2,UNCONFIRMED,95,95,42.10526315789473,0.0003045655769520323,-0.013609968530418286,1.0035665141478682
ORIGINAL,KOSDAQ150,15:00,INVERSE,0.3,-0.75,UNCONFIRMED,110,110,56.36363636363636,0.05254530979234047,-0.3512846937643701,1.4718777117222595
ORIGINAL,KOSDAQ150,15:00,INVERSE,0.3,-0.5,UNCONFIRMED,110,110,54.54545454545454,0.0465526430313606,-0.35728315487516227,1.4160506063210836
ORIGINAL,KOSDAQ150,15:00,INVERSE,0.3,-0.3,UNCONFIRMED,110,110,51.81818181818182,0.047441952482645565,-0.3563901527520087,1.4577128588093147
ORIGINAL,KOSDAQ150,15:00,INVERSE,0.3,-0.2,UNCONFIRMED,110,110,40.909090909090914,0.013625449575271691,-0.3902852324585781,1.1300892261975974
ORIGINAL,KOSDAQ150,15:00,INVERSE,0.5,-0.75,UNCONFIRMED,110,110,41.81818181818181,0.005735882185634791,-0.3981810150174459,1.0381752338052217
ORIGINAL,KOSDAQ150,15:00,INVERSE,0.5,-0.5,UNCONFIRMED,110,110,41.81818181818181,0.017618673300112388,-0.3862715628020605,1.127331436699438
ORIGINAL,KOSDAQ150,15:00,INVERSE,0.5,-0.3,UNCONFIRMED,110,110,39.09090909090909,0.01980212301302439,-0.38408155210942424,1.1581685290509776
ORIGINAL,KOSDAQ150,15:00,INVERSE,0.5,-0.2,UNCONFIRMED,110,110,28.18181818181818,-0.021769112372868146,-0.425748596526812,0.8223236179341266
ORIGINAL,KOSDAQ150,15:00,INVERSE,0.75,-0.75,UNCONFIRMED,110,110,37.27272727272727,0.000268443019675538,-0.40366587264407255,1.0016559609067308
ORIGINAL,KOSDAQ150,15:00,INVERSE,0.75,-0.5,UNCONFIRMED,110,110,37.27272727272727,0.014423961406880343,-0.38947829078840795,1.0974910932794133
ORIGINAL,KOSDAQ150,15:00,INVERSE,0.75,-0.3,UNCONFIRMED,110,110,35.45454545454545,0.020817988421399626,-0.383067882502158,1.1567130128956662
ORIGINAL,KOSDAQ150,15:00,INVERSE,0.75,-0.2,UNCONFIRMED,110,110,26.36363636363636,-0.011743008156488129,-0.41570283532066243,0.9069178757931742
ORIGINAL,KOSDAQ150,15:00,INVERSE,1.0,-0.75,UNCONFIRMED,110,110,36.36363636363637,-0.022336909834093487,-0.42631694947133875,0.8622089354115585
ORIGINAL,KOSDAQ150,15:00,INVERSE,1.0,-0.5,UNCONFIRMED,110,110,36.36363636363637,-0.008181391446888679,-0.41212936761567415,0.944702237186828
ORIGINAL,KOSDAQ150,15:00,INVERSE,1.0,-0.3,UNCONFIRMED,110,110,34.54545454545455,-0.004060091705096621,-0.40799694926465785,0.9694365665472104
ORIGINAL,KOSDAQ150,15:00,INVERSE,1.0,-0.2,UNCONFIRMED,110,110,25.454545454545453,-0.03461116502767208,-0.438618168461026,0.7295488929839096
ORIGINAL,KOSDAQ150,15:00,LONG,0.3,-0.75,UNCONFIRMED,133,133,66.9172932330827,0.05461154361814872,-0.007090546997765828,1.6358616312696381
ORIGINAL,KOSDAQ150,15:00,LONG,0.3,-0.5,UNCONFIRMED,133,133,65.41353383458647,0.050860851721735434,-0.010841305993304429,1.5974821598433653
ORIGINAL,KOSDAQ150,15:00,LONG,0.3,-0.3,UNCONFIRMED,133,133,60.902255639097746,0.044454784808927734,-0.017250186224671636,1.5502397441706945
ORIGINAL,KOSDAQ150,15:00,LONG,0.3,-0.2,UNCONFIRMED,133,133,56.390977443609025,0.04039731956747511,-0.021309153425181634,1.5529174542068243
ORIGINAL,KOSDAQ150,15:00,LONG,0.5,-0.75,UNCONFIRMED,133,133,64.66165413533834,0.06432564571202913,0.0026255729928956,1.710720847912168
ORIGINAL,KOSDAQ150,15:00,LONG,0.5,-0.5,UNCONFIRMED,133,133,63.1578947368421,0.05948787789697284,-0.0022124341102243315,1.6663186628757156
ORIGINAL,KOSDAQ150,15:00,LONG,0.5,-0.3,UNCONFIRMED,133,133,58.64661654135338,0.051966163533884634,-0.009737143010146831,1.6227891712948128
ORIGINAL,KOSDAQ150,15:00,LONG,0.5,-0.2,UNCONFIRMED,133,133,54.88721804511278,0.04744112225345718,-0.014263008897225333,1.6458455431045556
ORIGINAL,KOSDAQ150,15:00,LONG,0.75,-0.75,UNCONFIRMED,133,133,64.66165413533834,0.07938842496656864,0.017693061351033133,1.8771464022179243
ORIGINAL,KOSDAQ150,15:00,LONG,0.75,-0.5,UNCONFIRMED,133,133,63.1578947368421,0.07267095790339194,0.010974880962632232,1.8139812212489361
ORIGINAL,KOSDAQ150,15:00,LONG,0.75,-0.3,UNCONFIRMED,133,133,58.64661654135338,0.062051546025488465,0.0003514400747306668,1.7436575705954764
ORIGINAL,KOSDAQ150,15:00,LONG,0.75,-0.2,UNCONFIRMED,133,133,54.88721804511278,0.0535783466923975,-0.008123804660364121,1.729395401595374
ORIGINAL,KOSDAQ150,15:00,LONG,1.0,-0.75,UNCONFIRMED,133,133,63.90977443609023,0.07459068539827943,0.012892848391950706,1.7758007187363865
ORIGINAL,KOSDAQ150,15:00,LONG,1.0,-0.5,UNCONFIRMED,133,133,62.40601503759399,0.06787321833510279,0.006174882972786067,1.7295228857434808
ORIGINAL,KOSDAQ150,15:00,LONG,1.0,-0.3,UNCONFIRMED,133,133,57.89473684210527,0.05687786660757522,-0.004824513754347022,1.6637116006748947
ORIGINAL,KOSDAQ150,15:00,LONG,1.0,-0.2,UNCONFIRMED,133,133,54.13533834586466,0.050284234937077996,-0.011419398766341302,1.6708178824990192
ORIGINAL,KOSPI200,15:00,INVERSE,0.3,-0.75,UNCONFIRMED,99,99,54.54545454545454,0.07047350032343407,-0.6107376727440936,1.904916515827501
ORIGINAL,KOSPI200,15:00,INVERSE,0.3,-0.5,UNCONFIRMED,99,99,53.535353535353536,0.06830976431053076,-0.6129192764016155,1.887002850293205
ORIGINAL,KOSPI200,15:00,INVERSE,0.3,-0.3,UNCONFIRMED,99,99,49.494949494949495,0.04837386915233729,-0.6329232205032705,1.5702678826431804
ORIGINAL,KOSPI200,15:00,INVERSE,0.3,-0.2,UNCONFIRMED,99,99,41.41414141414141,0.018705690419685065,-0.6626934806751774,1.198397535946515
ORIGINAL,KOSPI200,15:00,INVERSE,0.5,-0.75,UNCONFIRMED,99,99,44.44444444444444,0.059686711178423425,-0.6215777614677839,1.5935976671221905
ORIGINAL,KOSPI200,15:00,INVERSE,0.5,-0.5,UNCONFIRMED,99,99,43.43434343434344,0.06055327819582296,-0.6207142645453088,1.639870048020673
ORIGINAL,KOSPI200,15:00,INVERSE,0.5,-0.3,UNCONFIRMED,99,99,39.39393939393939,0.030804344376680358,-0.6505753095518247,1.2956820812950771
ORIGINAL,KOSPI200,15:00,INVERSE,0.5,-0.2,UNCONFIRMED,99,99,32.323232323232325,-0.0017235241823478594,-0.6832191953101211,0.98424954167632
ORIGINAL,KOSPI200,15:00,INVERSE,0.75,-0.75,UNCONFIRMED,99,99,39.39393939393939,0.03880332808469337,-0.6425717039155806,1.3387989453405968
ORIGINAL,KOSPI200,15:00,INVERSE,0.75,-0.5,UNCONFIRMED,99,99,38.38383838383838,0.04317676643373757,-0.6381825398959052,1.40698359691177
ORIGINAL,KOSPI200,15:00,INVERSE,0.75,-0.3,UNCONFIRMED,99,99,34.34343434343434,0.014277539796919871,-0.6671908910325446,1.126047022881662
ORIGINAL,KOSPI200,15:00,INVERSE,0.75,-0.2,UNCONFIRMED,99,99,29.292929292929294,-0.009451650152109529,-0.6909888574383894,0.9167015700451695
ORIGINAL,KOSPI200,15:00,INVERSE,1.0,-0.75,UNCONFIRMED,99,99,39.39393939393939,0.04957028500560938,-0.6317601626910512,1.4328072129142468
ORIGINAL,KOSPI200,15:00,INVERSE,1.0,-0.5,UNCONFIRMED,99,99,38.38383838383838,0.05394372335465358,-0.6273709986713758,1.5084727823558306
ORIGINAL,KOSPI200,15:00,INVERSE,1.0,-0.3,UNCONFIRMED,99,99,34.34343434343434,0.02251924419258341,-0.6589170478585531,1.198807618707016
ORIGINAL,KOSPI200,15:00,INVERSE,1.0,-0.2,UNCONFIRMED,99,99,29.292929292929294,0.0019110444705614717,-0.6795797824188049,1.0168422446249878
ORIGINAL,KOSPI200,15:00,LONG,0.3,-0.75,UNCONFIRMED,148,148,53.37837837837838,0.01321053644622384,-0.0004153860045981889,1.1341186825795375
ORIGINAL,KOSPI200,15:00,LONG,0.3,-0.5,UNCONFIRMED,148,148,52.02702702702703,0.012435890510295963,-0.0011900239930564358,1.1306024255935145
ORIGINAL,KOSPI200,15:00,LONG,0.3,-0.3,UNCONFIRMED,148,148,50.0,0.01772693145119992,0.004101167867728817,1.2083918729765497
ORIGINAL,KOSPI200,15:00,LONG,0.3,-0.2,UNCONFIRMED,148,148,45.27027027027027,0.010628860878241055,-0.0029973715923945466,1.1300183923441809
ORIGINAL,KOSPI200,15:00,LONG,0.5,-0.75,UNCONFIRMED,148,148,50.0,0.024686210003433077,0.011060855391481843,1.2409204320849734
ORIGINAL,KOSPI200,15:00,LONG,0.5,-0.5,UNCONFIRMED,148,148,49.32432432432432,0.02501273597044758,0.011387438791509929,1.2532644648609366
ORIGINAL,KOSPI200,15:00,LONG,0.5,-0.3,UNCONFIRMED,148,148,47.2972972972973,0.026749817915580995,0.013124515600162083,1.2990192591463083
ORIGINAL,KOSPI200,15:00,LONG,0.5,-0.2,UNCONFIRMED,148,148,43.91891891891892,0.0239274486027179,0.010301842276963487,1.287528371615226
ORIGINAL,KOSPI200,15:00,LONG,0.75,-0.75,UNCONFIRMED,148,148,47.97297297297297,0.029021309406878516,0.0153962904821713,1.2771125041191118
ORIGINAL,KOSPI200,15:00,LONG,0.75,-0.5,UNCONFIRMED,148,148,47.2972972972973,0.02927968816338536,0.01565472354328713,1.2898329616239097
ORIGINAL,KOSPI200,15:00,LONG,0.75,-0.3,UNCONFIRMED,148,148,45.27027027027027,0.027082520729217227,0.013457384110227746,1.2934957560245348
ORIGINAL,KOSPI200,15:00,LONG,0.75,-0.2,UNCONFIRMED,148,148,41.891891891891895,0.021557448713651197,0.007931857980094274,1.2525498293489186
ORIGINAL,KOSPI200,15:00,LONG,1.0,-0.75,UNCONFIRMED,148,148,46.62162162162162,0.02311819154551831,0.009493050722138277,1.217717170504551
ORIGINAL,KOSPI200,15:00,LONG,1.0,-0.5,UNCONFIRMED,148,148,45.94594594594595,0.02337657030202515,0.009751483783254107,1.2281094823992809
ORIGINAL,KOSPI200,15:00,LONG,1.0,-0.3,UNCONFIRMED,148,148,43.91891891891892,0.01780102448947871,0.004175618909940672,1.1899127241834104
ORIGINAL,KOSPI200,15:00,LONG,1.0,-0.2,UNCONFIRMED,148,148,40.54054054054054,0.008796171964995951,-0.004829864073268935,1.101201311437554
